Order_ID,Customer_ID,Order_Date,Region,Sales_Channel,Category,Product,Quantity,Unit_Price,Discount
ORD-107587,CUST-0917,2025-05-06,Québec,Téléphone,Électronique,Clavier,1,528.98,0.05
ORD-102069,CUST-0560,2025-09-30,Québec,En ligne,Électronique,Souris,2,537.07,0.1
ORD-107621,CUST-0143,2025-09-01,Ontario,Magasin,Vêtements,T-shirt,2,290.7,0.0
ORD-102063,CUST-0923,2025-03-21,Ontario,Magasin,Beauté,Soin visage,1,142.72,0.0
ORD-107733,CUST-0024,2024-08-28,Québec,Magasin,Sports,Ballon,5,687.45,0.05
ORD-103437,CUST-0678,2025-09-09,Alberta,Magasin,Sports,Raquette,2,44.7,0.1
ORD-106125,CUST-0790,2024-06-05,Colombie-Britannique,En ligne,Vêtements,Veste,3,216.01,0.05
ORD-105100,,2024-08-12,Ontario,En ligne,Maison,Cafetière,2,164.92,0.0
ORD-105499,CUST-1132,2025-06-11,Alberta,Téléphone,Électronique,Souris,1,73.38,0.0
ORD-104522,CUST-0108,2025-03-14,Alberta,Magasin,Sports,Vélo,1,365.55,0.0
ORD-100315,CUST-1462,2024-04-16,Ontario,Téléphone,Électronique,Casque audio,2,599.23,0.15
ORD-106178,CUST-0279,2025-11-28,Québec,Magasin,Vêtements,Jean,1,224.01,0.0
ORD-106304,CUST-0041,2024-03-04,Ontario,En ligne,Sports,Ballon,3,269.67,0.15
ORD-100457,CUST-1206,2025-07-03,Alberta,Téléphone,Beauté,Soin visage,3,212.77,0.0
ORD-100538,CUST-0221,2025-06-17,Colombie-Britannique,Téléphone,Vêtements,Manteau,1,243.81,0.0
ORD-105309,CUST-1122,2024-09-26,Québec,En ligne,Beauté,Shampoing,2,85.32,0.0
ORD-106475,CUST-1244,2025-12-19,Colombie-Britannique,Téléphone,Beauté,Soin visage,2,133.81,0.0
ORD-101056,CUST-0271,2024-02-29,Alberta,Téléphone,Maison,Chaise,1,165.55,0.1
ORD-107548,CUST-0953,2027-01-15,Colombie-Britannique,Magasin,Beauté,Parfum,2,86.99,0.1
ORD-106515,CUST-1020,2025-04-10,Alberta,En ligne,Beauté,Soin visage,2,173.08,0.05
ORD-105176,CUST-0237,2024-11-02,Ontario,Magasin,Électronique,Clavier,2,386.75,0.1
ORD-100233,CUST-1237,2025-11-23,Ontario,Magasin,Maison,Chaise,1,25.82,0.0
ORD-100239,CUST-1041,2025-10-06,Colombie-Britannique,Magasin,Électronique,Clavier,2,728.84,0.0
ORD-102115,CUST-1120,2025-08-27,Alberta,Téléphone,Électronique,Écran,2,207.85,0.1
ORD-107034,CUST-1184,2024-05-23,Colombie-Britannique,En ligne,Beauté,Parfum,1,209.49,0.15
ORD-106981,CUST-0192,2024-03-25,Manitoba,Magasin,Beauté,Maquillage,2,37.64,0.05
ORD-101886,CUST-0516,2025-07-03,Colombie-Britannique,Magasin,Maison,Lampe,3,405.13,0.0
ORD-100811,CUST-1335,2025-06-11,Alberta,En ligne,Maison,Lampe,1,220.58,0.0
ORD-105505,CUST-1157,2025-05-19,Manitoba,Magasin,Vêtements,Manteau,1,224.18,0.0
ORD-103357,CUST-0082,2024-09-19,Manitoba,Téléphone,Vêtements,Chaussures,2,286.15,0.0
ORD-103608,CUST-0885,2024-10-17,Colombie-Britannique,Téléphone,Vêtements,Veste,1,232.26,0.0
ORD-105663,CUST-0270,2024-02-23,Manitoba,Téléphone,Maison,Mixeur,2,149.89,0.05
ORD-100334,CUST-1138,2025-04-24,Manitoba,En ligne,Beauté,Soin visage,5,62.98,0.1
ORD-103995,CUST-1414,2025-02-26,Manitoba,Téléphone,Sports,Ballon,1,86.5,0.1
ORD-104395,CUST-0493,2024-12-03,Alberta,Magasin,Électronique,Clavier,5,42.13,0.15
ORD-105045,CUST-0124,2024-10-18,Manitoba,Téléphone,Beauté,Soin visage,2,40.57,0.05
ORD-105761,CUST-0413,2025-08-17,Colombie-Britannique,Magasin,Électronique,Souris,3,487.41,0.0
ORD-102399,CUST-0523,2024-06-14,Colombie-Britannique,Téléphone,Vêtements,Manteau,1,212.63,0.0
ORD-102304,CUST-0963,2024-12-29,Colombie-Britannique,Magasin,Sports,Vélo,1,612.62,0.05
ORD-101400,CUST-1383,2025-07-03,Alberta,En ligne,Maison,Mixeur,1,220.77,0.05
ORD-107733,CUST-0024,2024-08-28,Québec,Magasin,Sports,Ballon,5,687.45,0.05
ORD-106383,CUST-0875,2025-01-24,Alberta,En ligne,Maison,Chaise,1,387.87,0.1
ORD-102638,CUST-1488,2025-04-27,Manitoba,En ligne,Beauté,Crème,1,139.43,0.0
ORD-105307,CUST-1160,2025-08-31,Manitoba,Téléphone,Maison,Chaise,5,43.94,0.0
ORD-100319,CUST-0325,2025-01-26,Ontario,En ligne,Sports,Vélo,1,228.18,0.1
ORD-102726,CUST-0356,2024-08-27,Colombie-Britannique,En ligne,Vêtements,T-shirt,2,90.91,0.15
ORD-102955,CUST-1493,2024-04-12,Ontario,Magasin,Beauté,Parfum,1,206.62,0.0
ORD-105832,CUST-1204,2025-06-02,Alberta,En ligne,Maison,Chaise,1,441.91,0.1
ORD-107580,CUST-0290,2025-08-29,Ontario,Magasin,Sports,Tapis yoga,2,653.63,0.0
ORD-101575,CUST-0475,2025-09-09,Québec,En ligne,Vêtements,Jean,5,70.11,0.15
ORD-101739,CUST-0108,2024-08-28,Alberta,Téléphone,Beauté,Parfum,2,17.52,0.0
ORD-103184,CUST-0163,2025-09-03,Alberta,Téléphone,Sports,Vélo,2,122.91,0.05
ORD-104310,CUST-1445,2025-05-27,Manitoba,Téléphone,Électronique,Clavier,1,830.58,0.05
ORD-104139,CUST-0946,2024-09-16,Colombie-Britannique,En ligne,Maison,Lampe,1,426.17,0.0
ORD-104302,CUST-0644,2024-02-16,Colombie-Britannique,En ligne,Vêtements,Manteau,2,15.14,0.0
ORD-106599,CUST-0635,2025-12-09,Québec,Magasin,Vêtements,Manteau,1,28.21,0.05
ORD-102263,CUST-0096,2024-12-17,Ontario,Téléphone,Beauté,Maquillage,1,226.7,0.0
ORD-104489,CUST-0455,2025-09-18,Québec,Téléphone,Maison,Aspirateur,1,81.47,0.1
ORD-105482,CUST-0181,2025-02-12,Manitoba,Magasin,Électronique,Casque audio,2,528.16,0.0
ORD-105103,CUST-1170,2025-10-28,Ontario,Magasin,Sports,Vélo,1,600.94,0.0
ORD-100866,CUST-1142,2025-12-01,Alberta,Téléphone,Maison,Lampe,1,259.6,0.1
ORD-106643,CUST-1038,2025-06-16,Alberta,Magasin,Électronique,Écran,2,837.77,0.0
ORD-101193,CUST-1357,2025-11-17,Ontario,Magasin,Sports,Sac sport,2,254.91,0.15
ORD-106061,CUST-0436,2025-12-14,Ontario,En ligne,Électronique,Clavier,3,880.62,0.0
ORD-106223,CUST-1248,2025-03-06,Colombie-Britannique,Téléphone,Sports,Ballon,3,132.09,0.0
ORD-104275,CUST-1339,2025-04-11,Ontario,Téléphone,Maison,Mixeur,3,374.07,0.05
ORD-102094,CUST-0964,2024-07-03,Manitoba,Téléphone,Maison,Chaise,2,259.22,0.05
ORD-103274,CUST-0706,2025-11-10,Québec,Téléphone,Maison,Aspirateur,2,205.84,0.1
ORD-101328,CUST-1485,2024-08-02,Québec,En ligne,Maison,Lampe,1,120.74,0.05
ORD-100222,CUST-1453,2024-06-06,Ontario,En ligne,Vêtements,Jean,2,128.2,0.05
ORD-104888,CUST-0840,2025-01-17,Manitoba,Téléphone,Beauté,Maquillage,2,110.53,0.15
ORD-100763,CUST-0105,2025-05-09,Alberta,En ligne,Électronique,Casque audio,1,63.56,0.2
ORD-104943,CUST-0321,2025-12-15,Manitoba,En ligne,Beauté,Maquillage,5,158.64,0.0
ORD-100696,CUST-0590,2024-03-15,Ontario,En ligne,Maison,Aspirateur,3,471.84,0.1
ORD-107109,CUST-0496,2024-12-14,Ontario,Magasin,Maison,Cafetière,1,253.62,
ORD-105650,CUST-1203,2025-11-09,Alberta,Magasin,Maison,Chaise,2,244.02,0.1
ORD-105327,CUST-1072,2025-09-04,Alberta,En ligne,Sports,Sac sport,3,639.24,0.1
ORD-104482,CUST-0095,2024-12-30,Québec,Magasin,Vêtements,Manteau,3,214.11,0.0
ORD-107214,CUST-0468,2025-05-25,Ontario,EN LIGNE,Sports,Sac sport,2,548.27,0.0
ORD-107946,CUST-0572,2025-08-21,Manitoba,Téléphone,Beauté,Maquillage,1,199.91,0.0
ORD-101558,CUST-0016,2024-04-20,Québec,Téléphone,Maison,Aspirateur,1,123.23,0.1
ORD-101383,CUST-0837,2024-01-23,Colombie-Britannique,En ligne,Électronique,Écran,3,129.28,0.0
ORD-106392,CUST-0976,2024-10-31,Colombie-Britannique,Magasin,Sports,Sac sport,2,169.83,0.05
ORD-106689,CUST-1246,2024-03-07,Colombie-Britannique,Téléphone,Maison,Chaise,2,257.49,0.15
ORD-107724,CUST-1194,2024-10-31,Alberta,En ligne,Vêtements,T-shirt,2,18.42,0.2
ORD-101374,CUST-0002,2024-08-20,Québec,Téléphone,Maison,Cafetière,1,440.06,0.15
ORD-103605,CUST-0586,2024-06-19,Colombie-Britannique,Téléphone,Beauté,Maquillage,1,35.61,0.0
ORD-104157,CUST-0289,2025-07-08,Ontario,En ligne,Maison,Mixeur,5,200.8,0.1
ORD-101888,CUST-0060,2025-09-28,Alberta,Téléphone,Électronique,Casque audio,1,762.4,0.0
ORD-105027,CUST-0992,2024-09-23,Ontario,En ligne,Sports,Ballon,2,240.15,0.2
ORD-104603,CUST-1094,2024-04-28,Alberta,En ligne,Vêtements,Manteau,2,183.62,0.0
ORD-102676,CUST-0998,2024-09-14,Colombie-Britannique,Magasin,Électronique,Casque audio,1,297.7,0.05
ORD-104975,CUST-0661,2024-12-22,Québec,En ligne,Maison,Cafetière,1,236.73,0.15
ORD-104817,CUST-0614,2025-10-05,Manitoba,En ligne,Beauté,Soin visage,1,90.55,0.15
ORD-105001,CUST-1496,2025-04-02,Colombie-Britannique,Magasin,Vêtements,Chaussures,2,112.52,0.0
ORD-103891,CUST-1215,2024-09-08,Ontario,Magasin,Sports,Ballon,2,430.56,0.05
ORD-106416,CUST-0122,2025-12-08,Alberta,Téléphone,Vêtements,Manteau,1,135.96,0.0
ORD-103050,CUST-0684,2025-08-04,Alberta,Magasin,Électronique,Tablette,4,713.27,0.1
ORD-105405,CUST-0752,2025-07-30,Québec,Téléphone,Sports,Vélo,1,679.49,0.15
ORD-103463,CUST-1042,2024-08-12,Québec,Téléphone,Électronique,Casque audio,1,494.69,0.1
ORD-102758,CUST-0457,2025-04-27,Ontario,Téléphone,Vêtements,T-shirt,2,43.69,0.05
ORD-102755,CUST-0096,2024-05-24,Colombie-Britannique,Magasin,Beauté,Soin visage,1,234.66,0.15
ORD-101163,CUST-1357,2024-08-11,Manitoba,Magasin,Maison,Cafetière,2,310.04,0.15
ORD-100540,CUST-0278,2024-10-26,Ontario,Magasin,Vêtements,Jean,1,59.55,0.1
ORD-106734,CUST-0126,2025-12-25,Québec,Magasin,Beauté,Parfum,2,171.74,0.0
ORD-101017,CUST-1496,2024-04-19,Alberta,Magasin,Électronique,Clavier,2,492.23,0.1
ORD-101281,CUST-0669,2024-02-04,Alberta,Magasin,Électronique,Casque audio,2,868.81,0.0
ORD-102166,CUST-0017,2025-08-07,Colombie-Britannique,En ligne,Électronique,Souris,1,532.7,0.05
ORD-106151,CUST-0304,2024-03-13,Manitoba,Téléphone,Sports,Ballon,3,619.79,
ORD-100554,CUST-0123,2025-02-03,Alberta,Magasin,Beauté,Maquillage,2,149.49,0.0
ORD-104898,CUST-0731,2025-03-13,Alberta,Téléphone,Beauté,Maquillage,2,72.8,0.0
ORD-106257,CUST-1070,2025-10-05,Manitoba,Téléphone,Beauté,Shampoing,1,39.36,0.0
ORD-100101,CUST-0517,2025-09-26,Ontario,Magasin,Beauté,Soin visage,3,44.35,0.0
ORD-105174,CUST-1453,2024-02-06,Alberta,En ligne,Maison,Cafetière,2,-237.97,0.05
ORD-103980,CUST-1317,2025-12-03,Ontario,Téléphone,Électronique,Souris,2,485.31,0.1
ORD-106807,CUST-1183,2024-04-04,Alberta,En ligne,Sports,Raquette,2,293.65,0.0
ORD-103534,CUST-1320,2024-07-31,Alberta,En ligne,Maison,Cafetière,1,131.73,0.0
ORD-102031,CUST-1077,2024-04-27,Manitoba,Téléphone,Maison,Cafetière,2,346.67,0.0
ORD-106589,CUST-1176,2025-12-20, colombie-britannique ,Téléphone,Beauté,Soin visage,1,103.45,0.1
ORD-102124,CUST-1364,2025-05-30,Colombie-Britannique,En ligne,Sports,Ballon,1,689.96,0.05
ORD-107493,CUST-1182,2024-08-22,Alberta,Téléphone,Vêtements,T-shirt,1,218.48,0.05
ORD-101346,CUST-1156,2025-04-09,Alberta,En ligne,Électronique,Clavier,3,691.96,0.15
ORD-100318,CUST-1226,2025-03-19,Ontario,Téléphone,Vêtements,Manteau,4,113.58,0.0
ORD-105893,CUST-0318,2024-09-27,Ontario,Magasin,Maison,Mixeur,1,137.27,0.15
ORD-100429,CUST-1237,2024-05-16,Alberta,Magasin,Maison,Lampe,2,471.74,0.15
ORD-105286,CUST-1093,2024-08-11,Québec,En ligne,Électronique,Écran,2,131.71,0.0
ORD-107986,CUST-1230,2024-04-30,Alberta,En ligne,Vêtements,Jean,1,194.92,0.15
ORD-100518,CUST-0122,2025-03-07,Colombie-Britannique,Magasin,Sports,Sac sport,2,459.04,0.0
ORD-106382,CUST-1136,2025-11-17,Québec,Téléphone,Beauté,Soin visage,2,78.52,0.0
ORD-104450,CUST-1034,2024-12-12,Manitoba,Téléphone,Électronique,Casque audio,1,131.52,0.1
ORD-104031,CUST-0340,2025-06-14,Colombie-Britannique,En ligne,Vêtements,Jean,3,229.0,0.15
ORD-101803,CUST-0091,2025-02-17,Québec,Magasin,Électronique,Tablette,1,399.23,0.0
ORD-101180,CUST-0479,2025-05-01,Alberta,En ligne,Beauté,Soin visage,1,139.14,0.15
ORD-104291,CUST-1121,2024-07-28,Colombie-Britannique,En ligne,Vêtements,T-shirt,3,39.55,0.1
ORD-105656,CUST-1219,2025-10-13,Colombie-Britannique,En ligne,Électronique,Casque audio,3,726.84,0.0
ORD-107228,CUST-0060,2024-07-07,Québec,Téléphone,Maison,Lampe,2,236.97,0.1
ORD-103693,CUST-1347,2025-09-20,Ontario,Magasin,Sports,Sac sport,2,204.32,0.05
ORD-102648,CUST-0051,2024-01-27,Manitoba,En ligne,Maison,Cafetière,2,377.92,0.0
ORD-105074,CUST-1193,2025-06-15,Alberta,Magasin,Sports,Vélo,2,524.55,0.05
ORD-102554,CUST-0016,2024-05-20,Colombie-Britannique,Téléphone,Électronique,Tablette,1,811.02,0.0
ORD-101412,CUST-0720,2024-03-03,Québec,En ligne,Vêtements,T-shirt,1,144.1,0.05
ORD-106532,CUST-0595,2024-09-05,Québec,Magasin,Beauté,Maquillage,3,89.03,0.05
ORD-101010,CUST-1498,2024-06-09,Québec,Magasin,Maison,Aspirateur,4,219.2,0.0
ORD-102882,CUST-1141,2024-12-07, ontario ,Téléphone,Sports,Tapis yoga,3,196.15,0.05
ORD-102540,CUST-0013,2024-09-19,Québec,En ligne,Beauté,,1,168.41,0.0
ORD-102809,CUST-0765,2025-09-15,Québec,Magasin,Sports,Ballon,1,549.25,0.15
ORD-101928,CUST-0995,2024-08-10,Colombie-Britannique,Magasin,Vêtements,Jean,1,146.91,0.2
ORD-100682,CUST-0732,2024-12-17,Colombie-Britannique,En ligne,Beauté,Shampoing,1,126.04,0.05
ORD-103971,CUST-0081,2024-07-26,Ontario,En ligne,Sports,Raquette,2,196.7,0.1
ORD-102515,CUST-0715,2025-02-01,Ontario,Téléphone,Maison,Aspirateur,1,142.52,0.0
ORD-107941,CUST-1185,2024-04-17,Colombie-Britannique,Magasin,Électronique,Écran,1,336.52,0.05
ORD-104793,CUST-1389,2024-10-06,Alberta,Téléphone,Sports,Tapis yoga,1,191.25,0.05
ORD-104796,CUST-0836,2024-11-14,,En ligne,Beauté,Soin visage,4,192.64,0.0
ORD-100748,CUST-1126,2024-02-15,Ontario,Téléphone,Électronique,Écran,1,227.9,0.05
ORD-107944,CUST-0781,2024-02-05,Ontario,En ligne,Beauté,Parfum,1,153.6,0.1
ORD-102718,CUST-0570,2024-04-17,Alberta,Magasin,Électronique,Clavier,2,394.96,0.05
ORD-107958,CUST-0698,2025-07-15,Ontario,Magasin,Sports,Tapis yoga,1,615.45,0.0
ORD-101074,CUST-1405,2025-07-14,Québec,Magasin,Sports,Raquette,1,635.51,0.05
ORD-107900,CUST-0223,2025-11-28,Québec,Téléphone,Électronique,Souris,1,864.64,0.05
ORD-102833,CUST-0230,2024-03-25,Ontario,Magasin,Électronique,Souris,2,84.06,0.1
ORD-101103,CUST-0886,2025-04-08,Manitoba,Magasin,Vêtements,T-shirt,2,49.27,0.0
ORD-106698,CUST-0245,2025-01-15,Colombie-Britannique,En ligne,Maison,Mixeur,2,318.63,0.1
ORD-106086,CUST-0677,2024-04-10,Alberta,En ligne,Électronique,Tablette,1,105.11,0.0
ORD-101535,CUST-1321,2025-12-27,,En ligne,Électronique,Tablette,2,41.71,0.05
ORD-104441,CUST-1278,2025-07-03,Manitoba,En ligne,Électronique,Tablette,1,120.22,0.0
ORD-104012,CUST-1339,2024-02-21,Ontario,Magasin,Beauté,Maquillage,2,90.36,0.0
ORD-104664,CUST-0275,2025-02-26,Alberta,Magasin,Électronique,Écran,2,509.86,0.05
ORD-107263,CUST-0547,2025-07-12,Colombie-Britannique,Magasin,Électronique,Clavier,1,303.57,0.05
ORD-107030,CUST-0618,2024-08-24,Manitoba,En ligne,Maison,Chaise,1,443.15,0.0
ORD-100263,CUST-0704,2024-09-17,Colombie-Britannique,En ligne,Beauté,Soin visage,2,125.42,0.05
ORD-106245,CUST-0835,2024-05-12,Ontario,Téléphone,Beauté,Shampoing,2,206.17,0.0
ORD-107087,CUST-1082,2025-03-22,Ontario,Téléphone,Électronique,Tablette,3,456.76,0.0
ORD-101406,CUST-0168,2025-07-19,Alberta,Téléphone,Électronique,Tablette,2,52.73,-0.1
ORD-102517,CUST-0446,2025-04-14,Manitoba,Magasin,Beauté,Maquillage,4,111.92,0.05
ORD-102670,CUST-1197,2025-06-06,Manitoba,Téléphone,Maison,Lampe,3,305.86,0.05
ORD-101862,CUST-1062,2024-12-28,Manitoba,Magasin,Vêtements,Veste,1,177.21,0.05
ORD-103000,CUST-0418,2024-10-10,Québec,Magasin,Beauté,Parfum,2,146.2,0.05
ORD-103076,CUST-0910,2024-08-14,Alberta,En ligne,Beauté,Soin visage,1,35.14,0.1
ORD-107862,CUST-0620,2024-03-24,Colombie-Britannique,En ligne,Maison,Aspirateur,2,170.65,0.2
ORD-107956,CUST-0729,2025-08-29,Québec,Téléphone,Maison,Chaise,2,338.7,0.1
ORD-101940,CUST-1390,2024-03-22,Manitoba,Téléphone,Sports,Sac sport,1,148.6,0.0
ORD-101018,CUST-0166,2025-11-30,Ontario,Téléphone,Électronique,Tablette,4,830.69,0.0
ORD-101034,CUST-0828,2025-04-30,Québec,Magasin,Sports,Raquette,2,201.52,0.0
ORD-106569,CUST-1030,2025-10-05,Alberta,Magasin,Maison,Cafetière,1,269.5,0.05
ORD-102647,CUST-0186,2025-06-07,Québec,En ligne,Électronique,Souris,4,424.41,0.1
ORD-101183,CUST-0870,2024-08-11,Colombie-Britannique,En ligne,Beauté,Parfum,2,224.99,0.0
ORD-107431,CUST-0615,2024-06-23,Alberta,Magasin,Vêtements,Jean,1,185.18,0.0
ORD-106973,CUST-1356,2024-06-19,Alberta,Magasin,Beauté,Shampoing,1,227.72,0.15
ORD-101740,CUST-0693,2025-09-07,Manitoba,En ligne,Maison,Lampe,4,184.37,0.2
ORD-102132,CUST-0691,2024-12-21,Manitoba,Téléphone,Beauté,Soin visage,2,158.7,0.0
ORD-101078,CUST-0279,2025-03-15,Colombie-Britannique,Magasin,Maison,Aspirateur,1,495.71,0.0
ORD-103954,CUST-0188,2025-05-07,Alberta,En ligne,Sports,Tapis yoga,1,268.14,0.05
ORD-103455,CUST-1267,2024-12-19,Colombie-Britannique,En ligne,Électronique,Souris,1,691.15,0.05
ORD-103698,CUST-1107,2025-07-19,Ontario,Téléphone,Maison,Mixeur,1,228.71,0.05
ORD-105427,CUST-0752,2025-10-09,Manitoba,Magasin,Beauté,Parfum,3,166.82,0.1
ORD-105112,CUST-0014,2025-03-10,Ontario,Téléphone,Sports,Sac sport,1,56.99,0.05
ORD-104353,CUST-0966,2025-06-28,Québec,En ligne,Maison,Mixeur,4,484.49,0.15
ORD-105055,CUST-0736,2024-05-15,Ontario,Magasin,Maison,Aspirateur,1,221.08,0.0
ORD-103639,CUST-1495,2024-06-18,Alberta,En ligne,Sports,Vélo,1,554.37,0.0
ORD-101168,CUST-0020,2024-09-25,Manitoba,Téléphone,Maison,Cafetière,2,276.19,0.0
ORD-105787,CUST-1240,2024-04-22,Manitoba,Téléphone,Beauté,,1,12.4,0.15
ORD-103182,CUST-0122,2024-09-07,Manitoba,Téléphone,Beauté,Soin visage,2,66.86,0.1
ORD-107517,CUST-0479,2024-01-10,Manitoba,Téléphone,Beauté,Parfum,1,72.95,0.05
ORD-105196,CUST-0611,2025-03-21,Ontario,Téléphone,Vêtements,Jean,1,175.41,0.0
ORD-106648,CUST-0141,2024-01-06,Colombie-Britannique,Magasin,Maison,Chaise,2,373.43,0.0
ORD-107850,CUST-0667,2025-02-02,Ontario,Téléphone,Maison,Cafetière,3,483.97,0.0
ORD-101615,CUST-0206,2025-07-08,Colombie-Britannique,Magasin,Maison,Aspirateur,2,239.88,0.1
ORD-100730,CUST-1102,2024-11-21,Ontario,Magasin,Maison,Chaise,3,121.27,0.15
ORD-107564,CUST-0581,2025-09-09,Québec,Téléphone,Sports,Tapis yoga,4,45.17,0.05
ORD-103649,CUST-0142,2024-09-23,Québec,Téléphone,Sports,Tapis yoga,1,57.48,0.0
ORD-103852,CUST-1207,2024-12-02,Ontario,Téléphone,Sports,Raquette,3,439.46,0.05
ORD-104927,CUST-1054,2025-01-08,Alberta,Magasin,Beauté,Maquillage,2,110.77,0.05
ORD-102662,CUST-0295,2025-01-30,Manitoba,En ligne,Sports,Sac sport,3,583.14,0.15
ORD-104367,CUST-1476,2024-07-22,Québec,Magasin,Maison,Cafetière,2,482.59,0.0
ORD-101643,CUST-1248,2024-10-04,Colombie-Britannique,Téléphone,Électronique,Clavier,3,706.36,0.05
ORD-104317,CUST-1417,2025-05-11,Québec,En ligne,Maison,Chaise,2,406.26,0.1
ORD-103165,CUST-1154,2024-09-28,Alberta,Téléphone,Beauté,Maquillage,4,48.87,0.1
ORD-101672,CUST-0862,2025-11-29,Manitoba,Magasin,Électronique,Clavier,1,689.54,0.05
ORD-107870,CUST-1112,2025-07-14,Ontario,Téléphone,Beauté,Soin visage,3,140.04,0.0
ORD-107020,CUST-0378,2024-12-10,Alberta,Magasin,Maison,Mixeur,2,443.12,0.2
ORD-103123,CUST-1177,2025-05-05,Alberta,Téléphone,Électronique,,2,675.1,0.05
ORD-105099,CUST-0905,2024-01-02,Colombie-Britannique,Téléphone,Sports,Sac sport,1,561.46,0.15
ORD-101533,CUST-0109,2024-09-19,Québec,Téléphone,Maison,Mixeur,1,414.93,0.1
ORD-101061,CUST-0931,2025-02-03,Alberta,En ligne,Maison,Lampe,2,290.81,0.05
ORD-105546,CUST-1103,2025-08-27,Ontario,Magasin,Électronique,Écran,1,124.87,0.1
ORD-107204,CUST-0549,2024-01-16,Alberta,Téléphone,Vêtements,T-shirt,1,32.57,0.15
ORD-102917,CUST-0151,2025-08-15,Ontario,Téléphone,Électronique,Casque audio,1,37.36,0.0
ORD-101728,CUST-0212,2024-03-16,Québec,Téléphone,Électronique,Écran,5,490.82,0.05
ORD-103680,CUST-0572,2025-02-17,Ontario,En ligne,Sports,Vélo,4,48.4,0.05
ORD-100023,CUST-0263,2024-05-23,Ontario,Magasin,Vêtements,T-shirt,1,278.54,0.15
ORD-106020,CUST-1016,2025-10-22,Ontario,En ligne,Sports,Vélo,1,171.31,0.1
ORD-107483,CUST-1109,2024-06-22,Colombie-Britannique,En ligne,Beauté,Soin visage,3,91.4,0.1
ORD-104019,CUST-0820,2024-08-30,Manitoba,En ligne,Électronique,Clavier,2,62.67,0.1
ORD-102760,CUST-1318,2024-04-04,Manitoba,Téléphone,Maison,Chaise,1,77.17,0.0
ORD-105720,CUST-0714,2024-02-05,Québec,En ligne,Sports,Raquette,5,621.45,0.05
ORD-106488,CUST-0302,2024-02-17,Alberta,Magasin,Électronique,Tablette,2,866.25,0.0
ORD-102420,CUST-1369,2024-06-27,Québec,Magasin,Vêtements,T-shirt,2,25.12,0.2
ORD-106394,CUST-1285,2025-01-03,Québec,En ligne,Beauté,Shampoing,2,177.09,0.05
ORD-104816,CUST-0954,2024-03-06,Québec,En ligne,Beauté,Crème,2,203.8,0.15
ORD-100858,CUST-1228,2024-08-25,Alberta,Téléphone,Maison,Lampe,2,324.2,0.0
ORD-104970,CUST-1188,2025-02-01,Colombie-Britannique,En ligne,Beauté,Maquillage,1,82.5,0.1
ORD-104498,CUST-0140,2024-02-24,Manitoba,En ligne,Maison,Mixeur,1,445.22,0.0
ORD-107320,CUST-0126,2024-09-22,Québec,En ligne,Vêtements,Manteau,4,61.4,0.05
ORD-102087,CUST-0333,2024-11-05,Colombie-Britannique,Magasin,Maison,Aspirateur,4,211.28,0.1
ORD-104994,CUST-0528,2024-11-05,Alberta,Téléphone,Électronique,Clavier,1,601.91,0.15
ORD-104231,CUST-0257,2024-10-30,Alberta,En ligne,Vêtements,T-shirt,2,227.03,0.05
ORD-100065,CUST-0358,2025-02-11,Colombie-Britannique,Magasin,Sports,Ballon,4,671.71,0.0
ORD-103290,CUST-1372,2024-09-28,Colombie-Britannique,Téléphone,Sports,Sac sport,4,305.44,0.0
ORD-104303,CUST-0702,2025-12-24,Manitoba,En ligne,Électronique,,2,260.08,0.05
ORD-100487,CUST-0932,2025-04-25,Québec,Téléphone,Beauté,Crème,3,160.56,0.1
ORD-100453,CUST-1402,2025-09-13,Manitoba,Téléphone,Sports,Raquette,1,199.62,0.0
ORD-105294,CUST-0658,2024-11-30,Manitoba,En ligne,Maison,Cafetière,1,342.19,0.0
ORD-102453,CUST-0265,2025-03-15,Québec,Magasin,Beauté,Soin visage,2,204.68,0.0
ORD-106664,CUST-0928,2025-02-11,Colombie-Britannique,Magasin,Beauté,Soin visage,2,101.09,0.05
ORD-103731,CUST-0896,2024-03-23,Manitoba,Magasin,Maison,Cafetière,5,111.05,0.15
ORD-104461,CUST-0454,2025-08-17,Ontario,Téléphone,Sports,Ballon,2,235.52,0.0
ORD-104936,CUST-0096,2024-10-18,Québec,Téléphone,Vêtements,T-shirt,1,268.44,0.1
ORD-105834,CUST-0631,2024-03-28,Ontario,En ligne,Beauté,Parfum,1,98.89,0.0
ORD-106552,CUST-0826,2024-05-22,Alberta,Téléphone,Électronique,Clavier,1,261.93,0.0
ORD-104370,CUST-1293,2025-03-12,Alberta,En ligne,Vêtements,Veste,2,219.55,0.15
ORD-107092,CUST-0425,2025-07-27,Colombie-Britannique,Magasin,Vêtements,Jean,4,172.42,0.0
ORD-106770,CUST-0065,2025-02-02,Colombie-Britannique,En ligne,Sports,Vélo,3,422.85,0.0
ORD-101479,CUST-0843,2024-11-30,Ontario,Téléphone,Électronique,Souris ,2,472.66,0.0
ORD-102268,CUST-1257,2025-07-26,Manitoba,Téléphone,Vêtements,Jean,1,49.25,0.15
ORD-101954,CUST-1420,2025-08-05,Québec,Magasin,Maison,Aspirateur,3,236.58,0.0
ORD-102603,CUST-0833,2025-02-24,Colombie-Britannique,Téléphone,Sports,Sac sport,1,278.05,0.1
ORD-107844,CUST-0246,2024-05-28,Colombie-Britannique,Magasin,Maison,Aspirateur,1,442.32,0.05
ORD-101426,CUST-0185,2025-12-28,Colombie-Britannique,En ligne,Beauté,Parfum,1,93.59,0.05
ORD-102127,CUST-0861,2025-04-26,Alberta,Téléphone,Vêtements,T-shirt,1,228.77,0.0
ORD-100349,CUST-0929,2025-12-29,Ontario,Téléphone,Vêtements,Veste,1,210.8,0.05
ORD-104449,CUST-1491,2025-01-29,Alberta,Magasin,Sports,Sac sport,4,82.48,0.1
ORD-107681,CUST-0481,2025-10-07,Québec,En ligne,Vêtements,Jean,3,24.14,0.0
ORD-107135,CUST-0934,2024-10-15,Alberta,Téléphone,Vêtements,Chaussures,2,56.08,0.05
ORD-106816,CUST-1401,2025-07-26,Colombie-Britannique,Téléphone,Électronique,Souris,4,620.13,0.1
ORD-103360,CUST-0570,2024-08-23,Manitoba,En ligne,Beauté,Soin visage,2,219.67,0.1
ORD-101870,CUST-0883,2024-02-09,Alberta,Magasin,Maison,Lampe,1,490.55,0.1
ORD-104625,CUST-0999,2024-11-12,Alberta,En ligne,Électronique,Clavier,2,864.8,-0.1
ORD-100132,CUST-0012,2024-11-13,Alberta,Téléphone,Vêtements,Veste,4,53.99,0.2
ORD-102574,CUST-0869,2024-03-20,Alberta,Téléphone,Beauté,Maquillage,5,218.93,0.05
ORD-107376,,2024-07-17,Ontario,Téléphone,Maison,Cafetière,2,396.6,0.1
ORD-102576,CUST-0961,2024-09-09,Ontario,Téléphone,Beauté,Soin visage,2,202.21,0.05
ORD-105863,CUST-0396,2024-03-30,Colombie-Britannique,Téléphone,Sports,Sac sport,1,563.71,0.0
ORD-101323,CUST-0400,2025-05-17,Québec,En ligne,Beauté,Crème,4,22.01,0.0
ORD-107876,CUST-1113,2025-11-20,Ontario,Téléphone,Beauté,Soin visage,1,223.04,0.15
ORD-103395,CUST-1187,2025-02-22,Alberta,En ligne,Sports,Sac sport,1,298.86,0.05
ORD-100483,CUST-0220,2024-02-22,Alberta,Téléphone,Électronique,Tablette,2,157.16,0.05
ORD-105048,CUST-0359,2024-07-07,Manitoba,Téléphone,Maison,Lampe,2,462.21,0.05
ORD-103574,CUST-0969,2025-11-11,Manitoba,En ligne,Maison,Aspirateur,2,127.29,0.0
ORD-105821,CUST-1102,2024-01-30,Alberta,Téléphone,Électronique,Tablette,1,466.69,0.1
ORD-103312,CUST-0385,2025-02-28,Colombie-Britannique,Téléphone,Maison,Chaise,1,96.07,0.0
ORD-100496,CUST-0668,2024-09-29,Alberta,En ligne,Électronique,Tablette,5,612.71,0.15
ORD-105331,CUST-1350,2025-11-29,Québec,En ligne,Maison,Lampe,4,154.2,0.0
ORD-107491,CUST-1496,2025-05-06,Colombie-Britannique,Téléphone,Vêtements,Chaussures,3,89.47,0.05
ORD-107066,CUST-0762,2024-09-28,Alberta,En ligne,Maison,Cafetière,2,297.45,0.0
ORD-103504,CUST-1228,2025-08-30,Ontario,Téléphone,Beauté,Maquillage,3,234.5,0.15
ORD-102957,CUST-0798,2025-05-05,Alberta,Magasin,Beauté,Parfum,2,46.95,0.0
ORD-107195,CUST-0896,2025-08-06,Colombie-Britannique,Téléphone,Sports,Tapis yoga,1,628.0,0.05
ORD-107149,CUST-0206,2025-04-24,Québec,En ligne,Beauté,Soin visage,5,113.95,0.05
ORD-102318,CUST-0535,2024-05-23,Manitoba,Téléphone,Électronique,Casque audio,3,268.31,0.1
ORD-104614,CUST-0235,2024-11-01,Ontario,Magasin,Sports,Raquette,3,659.97,0.05
ORD-101559,CUST-1267,2025-08-20,Alberta,En ligne,Sports,Tapis yoga,2,625.51,0.1
ORD-104537,CUST-0274,2025-09-09,Alberta,En ligne,Électronique,Tablette,3,866.52,0.05
ORD-106654,CUST-1041,2025-08-10,Colombie-Britannique,Magasin,Sports,Sac sport,2,688.91,0.1
ORD-101373,CUST-0125,2024-06-09,Manitoba,En ligne,Électronique,Écran,4,879.66,0.1
ORD-100037,CUST-0727,2024-02-20,Québec,En ligne,Vêtements,Veste,1,122.04,0.0
ORD-107572,CUST-0185,2024-03-17,Colombie-Britannique,Téléphone,Sports,Tapis yoga,3,640.03,0.05
ORD-105972,CUST-0042,2024-07-05,Manitoba,Magasin,Maison,Chaise,2,178.64,0.05
ORD-102462,CUST-0123,2024-04-21,Colombie-Britannique,En ligne,Sports,Sac sport,2,225.46,0.05
ORD-101002,CUST-0294,2025-08-22,Alberta,Magasin,Beauté,Parfum,1,224.23,0.05
ORD-103946,CUST-0845,2025-03-19,Québec,Magasin,Électronique,Clavier,2,769.1,0.2
ORD-106894,CUST-1096,2024-06-02,Colombie-Britannique,Magasin,Vêtements,Manteau,1,142.98,0.05
ORD-103794,CUST-1196,2024-03-29,Ontario,En ligne,Électronique,Souris,4,468.63,0.0
ORD-105960,CUST-0088,2025-04-02,Québec,En ligne,Sports,Sac sport,4,191.02,0.15
ORD-104545,CUST-0052,2024-07-06,Colombie-Britannique,Magasin,Beauté,Shampoing,1,201.67,0.0
ORD-100642,CUST-0459,2024-07-30,Manitoba,Téléphone,Sports,Ballon,1,300.92,0.05
ORD-100095,CUST-0588,2025-06-30,Québec,En ligne,Vêtements,Chaussures,1,280.89,0.2
ORD-100465,CUST-1206,2025-04-02,Alberta,Magasin,Vêtements,Manteau,1,198.61,0.2
ORD-106309,,2024-09-26,Ontario,Téléphone,Maison,Mixeur,3,192.5,0.1
ORD-101701,CUST-0239,2025-04-09,Colombie-Britannique,En ligne,Maison,Chaise,1,231.37,0.15
ORD-104375,CUST-0045,2025-04-24,Colombie-Britannique,Téléphone,Maison,Lampe,1,326.83,0.05
ORD-107435,CUST-0438,2024-02-01,Québec,En ligne,Électronique,Casque audio,1,448.55,0.1
ORD-107095,CUST-0749,2025-02-06,Québec,Magasin,Maison,Chaise,3,68.38,0.0
ORD-102191,CUST-1334,2024-02-04,Colombie-Britannique,Magasin,Maison,Cafetière,1,334.17,0.0
ORD-104567,CUST-1188,2025-05-09,Ontario,Téléphone,Électronique,Écran,1,831.63,0.15
ORD-105448,CUST-1453,2024-02-05,Québec,Téléphone,Beauté,Soin visage,5,62.77,0.1
ORD-107018,CUST-0716,2025-08-08,Québec,En ligne,Électronique,Tablette,2,827.47,0.0
ORD-105572,CUST-1130,2024-09-09,Québec,Magasin,Vêtements,Manteau,1,62.56,0.1
ORD-105020,CUST-0654,2024-06-25,Alberta,En ligne,Vêtements,Chaussures,2,210.92,0.0
ORD-105782,CUST-1064,2025-04-08,Québec,Téléphone,Électronique,Souris,1,507.47,0.05
ORD-103406,CUST-0541,2024-11-17,Alberta,Magasin,Maison,Cafetière,2,291.3,0.0
ORD-105019,CUST-0937,2024-02-14,Ontario,En ligne,Maison,Mixeur,2,223.5,0.0
ORD-100251,CUST-1248,2025-05-05,Québec,En ligne,Électronique,Souris,2,892.92,0.0
ORD-104477,CUST-0538,2025-05-25,Ontario,Magasin,Maison,Lampe,1,85.95,0.0
ORD-101606,CUST-0607,2025-03-22,Québec,Téléphone,Vêtements,T-shirt,1,85.14,0.1
ORD-106723,CUST-1130,2025-07-09,Alberta,En ligne,Électronique,Souris,4,252.13,0.15
ORD-104937,CUST-0205,2025-07-31,Colombie-Britannique,En ligne,Beauté,Shampoing,2,77.63,0.1
ORD-101244,CUST-0372,2024-08-02,Manitoba,Téléphone,Sports,Tapis yoga,1,130.8,0.1
ORD-105335,CUST-0027,2024-10-15,Québec,Téléphone,Maison,Aspirateur,2,388.94,0.05
ORD-107817,CUST-1458,2025-10-14,Alberta,Téléphone,Électronique,Souris,3,39.71,0.05
ORD-104100,CUST-0160,2024-07-29,Manitoba,En ligne,Vêtements,T-shirt,2,23.03,0.05
ORD-103882,CUST-1087,2025-07-21,Ontario,En ligne,Maison,Cafetière,1,324.81,0.0
ORD-101402,CUST-1186,2024-08-01,Alberta,Téléphone,Vêtements,Chaussures,4,299.82,0.1
ORD-101203,CUST-1488,2024-12-08,Ontario,Téléphone,Sports,Raquette,4,183.34,0.05
ORD-107774,CUST-0644,2024-03-24,Québec,Magasin,Électronique,Écran,4,652.99,0.1
ORD-104656,CUST-0251,2025-08-01,Manitoba,Téléphone,Électronique,Tablette,4,144.5,0.0
ORD-104641,CUST-0499,2024-07-22,Ontario,Magasin,Maison,Lampe,4,431.75,0.0
ORD-105106,CUST-1113,2024-10-01,Manitoba,Magasin,Vêtements,Veste,2,22.55,0.1
ORD-102303,CUST-0686,2025-11-17,Québec,Téléphone,Beauté,Soin visage,3,117.99,0.0
ORD-101055,CUST-0717,2024-09-12,Alberta,En ligne,Sports,Tapis yoga,2,105.24,0.1
ORD-104104,CUST-1162,2024-07-28,Québec,En ligne,Vêtements,T-shirt,1,169.12,0.15
ORD-105110,CUST-1363,2025-09-08,Québec,Téléphone,Vêtements,Chaussures,1,204.79,0.0
ORD-105518,CUST-0134,2025-12-18,Québec,Magasin,Maison,Aspirateur,2,330.04,0.0
ORD-107184,CUST-0944,2025-06-19,Alberta,En ligne,Vêtements,Manteau,1,292.7,0.0
ORD-105876,CUST-0117,2025-03-06,Colombie-Britannique,Magasin,Beauté,Maquillage,2,235.62,0.0
ORD-100157,CUST-1041,2025-06-07,Québec,En ligne,Vêtements,Chaussures,2,34.33,0.0
ORD-107808,CUST-0575,2024-06-08,Colombie-Britannique,Téléphone,Maison,Lampe,1,191.52,0.1
ORD-102351,CUST-1226,2024-05-31,Québec,En ligne,Électronique,Souris,1,102.88,0.05
ORD-104129,CUST-0070,2025-05-19,Manitoba,Magasin,Vêtements,Veste,1,75.1,0.0
ORD-105593,CUST-0115,2024-01-04,Alberta,Téléphone,Maison,Cafetière,4,379.67,0.1
ORD-101483,CUST-1244,2025-02-01,Colombie-Britannique,Téléphone,Électronique,Clavier,1,664.99,0.1
ORD-106636,CUST-1049,2025-07-08,Alberta,En ligne,Vêtements,Veste,1,173.82,0.1
ORD-101487,CUST-0503,2025-03-25,Alberta,Magasin,Beauté,Soin visage,2,63.14,0.0
ORD-105925,CUST-0321,2024-03-31,,Téléphone,Vêtements,Manteau,1,93.44,0.0
ORD-106791,CUST-1068,2025-12-03,Manitoba,Magasin,Électronique,Clavier,1,686.88,0.0
ORD-103571,CUST-0082,2024-01-07,Ontario,En ligne,Électronique,Casque audio,2,108.28,0.1
ORD-105245,CUST-1482,2025-10-11,Ontario,En ligne,Électronique,Casque audio,2,236.58,0.0
ORD-103206,CUST-0998,2025-05-11,Colombie-Britannique,Magasin,Vêtements,T-shirt,3,288.72,0.05
ORD-100647,CUST-0659,2024-01-02,Ontario,En ligne,Maison,Chaise,1,281.39,0.0
ORD-105873,CUST-0792,2025-10-28,Colombie-Britannique,Magasin,Vêtements,Jean,3,291.49,0.0
ORD-107271,CUST-0825,2024-02-22,Québec,En ligne,Maison,Cafetière,3,231.65,0.1
ORD-101025,CUST-0345,2024-09-25,Manitoba,Magasin,Électronique,Clavier,1,587.34,0.0
ORD-100957,CUST-1192,2025-03-10,Ontario,En ligne,Électronique,Écran,2,132.98,0.1
ORD-106047,CUST-0401,2024-11-12,Ontario,Magasin,Maison,Chaise,3,176.35,0.05
ORD-100736,CUST-0728,2025-08-03,Colombie-Britannique,Téléphone,Maison,Cafetière,3,161.08,0.05
ORD-105744,CUST-0110,2024-02-04,Colombie-Britannique,En ligne,Beauté,Maquillage,3,202.31,0.1
ORD-101617,CUST-0453,2025-02-22,Ontario,Téléphone,Sports,Sac sport,1,99.86,0.05
ORD-106286,CUST-0323,2025-05-12,Manitoba,Téléphone,Sports,Tapis yoga,4,244.25,0.0
ORD-106759,CUST-0341,2024-12-02,Ontario,En ligne,Beauté,Maquillage,2,150.48,0.1
ORD-102131,CUST-1247,2025-10-29,Alberta,En ligne,Maison,Mixeur,2,34.12,0.0
ORD-103844,CUST-0481,2024-04-07,Alberta,Téléphone,Beauté,Soin visage,1,39.67,0.05
ORD-103392,CUST-0869,2024-09-27,Québec,Téléphone,Sports,Raquette,1,166.09,0.05
ORD-102149,CUST-0038,2024-07-26,Ontario,Magasin,Sports,Vélo,2,538.64,0.1
ORD-105224,CUST-0985,2024-11-06,Québec,Téléphone,Vêtements,Manteau,2,225.23,0.15
ORD-102750,CUST-0095,2025-07-06,Colombie-Britannique,En ligne,Électronique,Tablette,1,550.71,0.15
ORD-103105,CUST-1177,2024-04-15,Québec,En ligne,Beauté,Shampoing,1,64.0,0.05
ORD-102344,CUST-0842,2025-04-07, québec ,Téléphone,Vêtements,Jean,1,110.35,0.1
ORD-106693,CUST-0681,2025-12-01,Alberta,Magasin,Maison,Aspirateur,2,193.44,0.1
ORD-106857,CUST-0909,2024-02-21,Manitoba,Téléphone,Sports,Ballon,1,201.35,0.0
ORD-100353,CUST-1483,2024-04-09,Manitoba,Téléphone,Beauté,Maquillage,3,60.88,0.1
ORD-102080,CUST-1299,2024-05-03,Colombie-Britannique,Magasin,Sports,Ballon,1,561.33,0.1
ORD-104024,CUST-0184,2024-11-09,Manitoba,Téléphone,Maison,Chaise,1,438.69,0.1
ORD-105819,CUST-0579,2025-01-13,Alberta,Magasin,Maison,Lampe,1,112.45,0.15
ORD-100503,CUST-0140,2025-04-15,Colombie-Britannique,Téléphone,Vêtements,Jean,2,259.0,0.05
ORD-100586,CUST-1411,2024-12-04,Ontario,Magasin,Maison,Cafetière,2,58.45,0.05
ORD-106290,CUST-0241,2024-11-20,Manitoba,Magasin,Maison,Lampe,5,64.19,0.0
ORD-103951,CUST-0731,2024-04-20,Alberta,Téléphone,Électronique,Tablette,3,462.13,0.15
ORD-107293,CUST-1412,2025-05-01,Québec,En ligne,Sports,Ballon,2,451.03,0.1
ORD-102057,CUST-1062,2025-05-16,Manitoba,En ligne,Beauté,Crème,1,159.33,0.0
ORD-105736,CUST-0010,2024-03-29,Manitoba,Magasin,Vêtements,Chaussures,1,51.4,0.0
ORD-105929,CUST-0154,2025-07-05,Colombie-Britannique,Magasin,Électronique,Écran,1,239.97,0.0
ORD-100940,CUST-0731,2025-07-22,Alberta,Téléphone,Électronique,Écran,4,333.96,0.1
ORD-102177,CUST-0043,2025-12-23,Alberta,Magasin,Maison,Lampe,2,26.88,0.0
ORD-100676,CUST-0019,2025-10-03,Colombie-Britannique,Magasin,Maison,Aspirateur,2,451.21,0.05
ORD-101768,CUST-1181,2024-05-12,Alberta,Téléphone,Maison,Cafetière,3,368.41,0.1
ORD-106393,CUST-0532,2024-08-17,Colombie-Britannique,Magasin,Sports,Vélo,2,622.93,0.05
ORD-103209,CUST-1458,2024-12-09,Alberta,En ligne,Électronique,Écran,4,747.93,0.0
ORD-103248,CUST-0834,2024-01-30,Ontario,Téléphone,Sports,Sac sport,1,432.98,0.15
ORD-102288,CUST-1309,2025-07-07, manitoba ,En ligne,Électronique,Écran,3,842.61,0.1
ORD-107611,CUST-1009,2025-03-29,Colombie-Britannique,Magasin,Maison,Cafetière,2,431.8,0.1
ORD-107638,CUST-0242,2025-12-23,Québec,En ligne,Sports,Vélo,2,509.04,0.15
ORD-103936,CUST-0524,2024-05-25,Colombie-Britannique,Magasin,Beauté,Shampoing,1,175.33,0.0
ORD-103877,CUST-0965,2024-11-15,Québec,En ligne,Sports,Ballon,1,640.38,0.0
ORD-105030,CUST-0971,2025-08-21,Alberta,En ligne,Vêtements,Veste,2,200.93,0.1
ORD-105591,CUST-0028,2025-09-27,Manitoba,Téléphone,Beauté,Maquillage,1,45.04,0.15
ORD-100710,CUST-0049,2024-05-24,Manitoba,En ligne,Électronique,Souris,5,585.06,0.1
ORD-105900,CUST-0034,2024-04-07,Ontario,En ligne,Électronique,Clavier,1,683.02,0.0
ORD-107473,CUST-1074,2024-09-24,Alberta,Magasin,Électronique,Casque audio,1,365.39,0.05
ORD-103334,CUST-0768,2024-10-07,Québec,En ligne,Électronique,Souris,1,641.04,0.0
ORD-107131,CUST-1264,2024-08-04,Manitoba,Téléphone,Électronique,Écran,2,849.01,0.0
ORD-101817,CUST-1395,2024-09-13,Québec,En ligne,Beauté,Crème,1,74.32,0.0
ORD-104717,CUST-0461,2024-05-17,Alberta,Magasin,Vêtements,T-shirt,3,69.07,0.0
ORD-104315,CUST-1083,2025-12-13,Alberta,Téléphone,Beauté,Crème,1,23.73,0.1
ORD-102375,CUST-0969,2025-04-28,Ontario,Magasin,Beauté,Soin visage,1,183.97,0.1
ORD-101662,CUST-1143,2025-07-30,Alberta,En ligne,Électronique,Tablette,2,234.32,0.1
ORD-101669,CUST-0847,2025-02-25,Colombie-Britannique,Magasin,Vêtements,Manteau,2,102.89,0.15
ORD-101315,CUST-1439,2024-07-28,Colombie-Britannique,Magasin,Sports,Tapis yoga,1,303.64,0.1
ORD-107108,CUST-0327,2025-05-28,Québec,Magasin,Beauté,Parfum,2,196.63,0.05
ORD-101554,CUST-1235,2024-02-08,Colombie-Britannique,Téléphone,Vêtements,Manteau,3,163.35,0.1
ORD-107341,CUST-1032,2025-01-16,Ontario,En ligne,Maison,Cafetière,3,256.5,0.15
ORD-106074,CUST-0015,2024-12-06,Québec,Magasin,Vêtements,Jean,1,189.12,0.1
ORD-101465,CUST-0855,2024-12-25,Manitoba,Magasin,Vêtements,Chaussures,2,100.49,0.0
ORD-101737,CUST-0426,2025-01-15,Colombie-Britannique,Magasin,Sports,Sac sport,2,397.26,0.0
ORD-100472,CUST-1088,2024-12-15,Manitoba,Téléphone,Vêtements,Chaussures,1,292.97,0.1
ORD-101869,CUST-0992,2025-03-12,Manitoba,Téléphone,Sports,Tapis yoga,1,113.09,0.05
ORD-106570,CUST-0403,2024-08-20,Ontario,Magasin,Maison,Aspirateur,2,167.19,0.2
ORD-104332,CUST-1104,2024-01-15,Québec,En ligne,Vêtements,Manteau,1,151.6,0.1
ORD-102333,CUST-1171,2024-10-06,Québec,En ligne,Vêtements,Chaussures,3,228.8,0.1
ORD-104141,CUST-0475,2025-06-07,Manitoba,Magasin,Vêtements,Veste,2,145.32,0.0
ORD-106859,CUST-0603,2025-06-10,Manitoba,En ligne,Maison,Mixeur,2,224.66,0.1
ORD-102283,CUST-1083,2025-11-27,Colombie-Britannique,Téléphone,Beauté,Maquillage,2,224.73,0.0
ORD-104998,CUST-1213,2024-09-03,Québec,Magasin,Maison,Cafetière,1,35.19,0.1
ORD-102892,CUST-0993,2024-10-28,Québec,Magasin,Sports,Ballon,3,470.79,0.0
ORD-105046,CUST-0550,2025-07-14,Ontario,Téléphone,Vêtements,Jean,1,61.2,0.0
ORD-104366,CUST-1203,2024-09-03,Colombie-Britannique,Magasin,Maison,Mixeur,4,243.91,0.05
ORD-101127,CUST-1266,2024-06-06,Ontario,En ligne,Beauté,Maquillage,2,155.85,0.05
ORD-102470,CUST-0281,2024-10-16,Québec,Magasin,Sports,Raquette,1,645.43,0.2
ORD-106953,CUST-0529,2025-01-21,Alberta,Téléphone,Maison,Cafetière,1,290.98,0.05
ORD-103434,CUST-0201,2025-02-14,Manitoba,En ligne,Vêtements,Chaussures,1,257.95,0.05
ORD-105586,CUST-0877,2025-08-11,Québec,En ligne,Vêtements,Veste,1,192.62,0.05
ORD-101123,CUST-0417,2024-01-31,Colombie-Britannique,Téléphone,Sports,Sac sport,1,33.27,0.0
ORD-101087,,2025-07-06,Ontario,En ligne,Maison,Cafetière,1,371.71,0.1
ORD-103819,CUST-0647,2025-03-05,Ontario,En ligne,Sports,Sac sport,3,501.46,0.0
ORD-101057,CUST-0491,2025-09-10,Ontario,Téléphone,Beauté,Crème,2,107.89,0.1
ORD-107123,CUST-0858,2025-09-03,Alberta,Téléphone,Beauté,Soin visage,2,154.6,0.0
ORD-104546,CUST-0591,2025-11-25,Ontario,En ligne,Sports,Raquette,3,234.87,0.1
ORD-105498,CUST-0234,2025-03-14,Manitoba,Magasin,Électronique,Souris,1,720.72,0.15
ORD-107490,CUST-0909,2024-07-24,Ontario,Magasin,Beauté,Soin visage,1,75.26,0.1
ORD-102337,CUST-1469,2025-01-28,Manitoba,Téléphone,Sports,Raquette,1,690.08,0.05
ORD-104362,CUST-0924,2024-12-10,Colombie-Britannique,Magasin,Sports,Tapis yoga,3,210.87,0.15
ORD-105025,CUST-0950,2024-12-11,Manitoba,Magasin,Vêtements,Chaussures,3,253.8,0.0
ORD-103910,CUST-0152,2024-01-27,Alberta,Téléphone,Maison,Mixeur,1,163.99,0.0
ORD-105620,CUST-1108,2025-02-09,Manitoba,Téléphone,Sports,Ballon,1,119.21,0.2
ORD-102656,CUST-0091,2024-12-04,Québec,Magasin,Beauté,Crème,2,23.1,0.0
ORD-102215,CUST-0864,2025-01-15,Ontario,Magasin,Maison,Lampe,1,492.97,0.05
ORD-100794,CUST-0251,2025-06-04,Colombie-Britannique,En ligne,Maison,Lampe,2,234.5,0.1
ORD-101919,CUST-0065,2025-08-03,Alberta,Magasin,Sports,Tapis yoga,1,64.94,0.0
ORD-107606,CUST-0970,2024-11-20,Colombie-Britannique,Magasin,Sports,Raquette,4,602.59,0.15
ORD-104594,CUST-0805,2024-11-22,Ontario,En ligne,Vêtements,T-shirt,1,261.94,0.05
ORD-101046,CUST-0467,2024-04-10,Alberta,Magasin,Électronique,Tablette,1,324.1,0.0
ORD-107962,CUST-0329,2024-05-15,Manitoba,Téléphone,Sports,Raquette,1,223.94,0.0
ORD-106350,CUST-1140,2024-05-28,Manitoba,Magasin,Électronique,Écran,2,565.46,0.15
ORD-100393,CUST-0917,2024-04-11,Québec,Magasin,Électronique,Casque audio,2,291.52,0.1
ORD-104248,CUST-0351,2024-08-21,Manitoba,Magasin,Électronique,Souris,1,716.09,0.1
ORD-107086,,2024-08-27,Colombie-Britannique,Téléphone,Maison,Cafetière,1,462.08,0.1
ORD-100230,CUST-0820,2024-08-08,Colombie-Britannique,En ligne,Vêtements,Chaussures,5,246.98,0.1
ORD-105848,CUST-1025,2025-05-01,Québec,Téléphone,Beauté,Parfum,3,73.06,0.05
ORD-102796,CUST-1132,2024-03-11,Alberta,En ligne,Sports,Sac sport,1,660.41,0.1
ORD-103968,CUST-1131,2025-01-14,Québec,Téléphone,Électronique,Écran,2,872.12,0.15
ORD-102685,CUST-0400,2024-07-31,Québec,Magasin,Maison,Mixeur ,4,224.88,0.0
ORD-106522,CUST-0836,2024-10-25,Ontario,Téléphone,Vêtements,Manteau,2,228.11,0.05
ORD-104423,CUST-1011,2024-03-14,Manitoba,Téléphone,Électronique,Clavier,4,110.26,0.0
ORD-101544,CUST-0161,2025-02-05,Manitoba,Magasin,Beauté,Parfum,2,141.29,0.0
ORD-100033,CUST-0128,2024-01-18,Québec,En ligne,Vêtements,Manteau,1,257.57,0.0
ORD-102746,CUST-1178,2025-11-13,Alberta,Téléphone,Beauté,Parfum,5,15.43,0.05
ORD-105246,CUST-0975,2024-11-18,Alberta,Téléphone,Électronique,Tablette,2,585.46,0.05
ORD-105884,CUST-0245,2024-02-07,Alberta,En ligne,Sports,Ballon,2,407.83,0.1
ORD-105407,CUST-0105,2024-08-21,Ontario,Magasin,Beauté,Crème,1,17.8,0.05
ORD-106670,CUST-0630,2024-10-16,Manitoba,En ligne,Électronique,Clavier,2,106.91,0.0
ORD-106352,CUST-1500,2025-02-20,Ontario,Téléphone,Vêtements,Manteau,2,237.66,0.0
ORD-101242,CUST-0035,2025-07-12,Colombie-Britannique,Magasin,Vêtements,Veste,2,110.4,0.1
ORD-104480,CUST-1173,2025-05-23,Ontario,En ligne,Vêtements,T-shirt,1,165.38,0.05
ORD-101783,CUST-0705,2025-02-21,Ontario,Téléphone,Vêtements,Manteau,4,265.53,0.05
ORD-102225,CUST-0332,2024-08-30,Québec,Magasin,Vêtements,T-shirt,2,247.21,0.05
ORD-100856,CUST-1413,2025-10-14,Colombie-Britannique,Téléphone,Beauté,Soin visage,3,242.29,0.15
ORD-103085,CUST-1477,2025-07-16,Ontario,Magasin,Électronique,Casque audio,1,96.59,0.15
ORD-100061,CUST-1025,2025-01-21,Manitoba,En ligne,Maison,Mixeur,1,76.41,0.1
ORD-106845,CUST-0352,2024-12-13,Colombie-Britannique,Téléphone,Électronique,Souris,1,278.35,0.05
ORD-103355,CUST-0426,2024-03-07,Colombie-Britannique,En ligne,Beauté,Parfum,1,205.5,0.0
ORD-104194,CUST-0168,2025-07-31,Alberta,Magasin,Sports,Tapis yoga,2,581.86,0.1
ORD-104655,CUST-0756,2024-06-26,Colombie-Britannique,Téléphone,Vêtements,Veste,2,211.28,0.0
ORD-103589,CUST-0681,2024-03-16,Ontario,Téléphone,Sports,Raquette,3,287.19,0.05
ORD-100332,CUST-0772,2024-12-30,Alberta,Téléphone,Maison,Lampe,3,490.75,0.05
ORD-106130,CUST-1311,2024-04-18,Manitoba,Magasin,Sports,Tapis yoga,1,441.34,0.0
ORD-105799,CUST-0191,2024-04-06,Alberta,Magasin,Sports,Sac sport,4,254.47,0.05
ORD-103505,CUST-0495,2024-06-18,Alberta,Magasin,Électronique,Écran,1,126.92,0.15
ORD-104921,CUST-0035,2024-10-22,Manitoba,En ligne,Électronique,Souris,3,185.64,0.0
ORD-104890,CUST-0539,2025-05-21,Ontario,En ligne,Vêtements,Chaussures,1,279.16,0.05
ORD-101313,CUST-1083,2025-01-27,Colombie-Britannique,Téléphone,Maison,Lampe,1,327.21,0.15
ORD-103418,CUST-0147,2024-09-21,Alberta,En ligne,Électronique,Casque audio,2,402.78,0.1
ORD-102706,CUST-0407,2024-11-25,Alberta,En ligne,Sports,Ballon,5,520.56,0.0
ORD-102088,CUST-1410,2025-05-09,Manitoba,Magasin,Beauté,Crème,1,36.69,0.0
ORD-100737,CUST-0970,2024-12-18,Québec,En ligne,Beauté,Shampoing,1,146.56,0.05
ORD-103524,CUST-0952,2024-08-04,Colombie-Britannique,Téléphone,Électronique,Tablette,4,840.43,0.0
ORD-101894,CUST-0773,2025-01-21,Ontario,Téléphone,Vêtements,Chaussures,1,238.15,0.0
ORD-101302,CUST-0337,2025-10-05,Québec,En ligne,Vêtements,Veste,2,108.74,0.05
ORD-103145,CUST-0333,2024-01-20,Ontario,Magasin,Beauté,Maquillage,1,159.39,0.0
ORD-105780,CUST-0278,2024-03-16,Ontario,En ligne,Maison,Cafetière,1,94.18,0.05
ORD-102523,CUST-1261,2024-07-30,Manitoba,En ligne,Sports,Raquette,2,187.69,0.15
ORD-106322,CUST-0183,2024-04-16,Alberta,Téléphone,Électronique,Tablette,4,785.08,0.05
ORD-102589,CUST-0773,2024-12-12,Manitoba,Téléphone,Beauté,Crème,2,78.58,0.0
ORD-104108,CUST-0531,2025-12-27,Alberta,Magasin,Vêtements,Veste,2,241.94,0.1
ORD-100789,CUST-0524,2024-03-12,Manitoba,En ligne,Électronique,Clavier,3,267.85,0.2
ORD-107782,CUST-0975,2025-01-23,Québec,Magasin,Électronique,Souris,4,752.44,0.0
ORD-104222,CUST-0035,2024-05-08,Colombie-Britannique,Téléphone,Maison,Cafetière,2,479.15,0.0
ORD-104716,CUST-1217,2024-08-20,Colombie-Britannique,Téléphone,Sports,Raquette,1,35.58,0.1
ORD-106860,CUST-1318,2024-05-13,Colombie-Britannique,En ligne,Maison,Aspirateur,4,276.44,0.0
ORD-105273,CUST-1239,2025-11-26,Québec,Magasin,Électronique,Casque audio,1,218.22,0.05
ORD-100533,CUST-1498,2024-10-09,Colombie-Britannique,Magasin,Maison,Mixeur,1,291.78,0.0
ORD-100079,CUST-0093,2025-11-02,Ontario,Magasin,Vêtements,Chaussures,1,270.58,0.05
ORD-104215,CUST-0211,2024-06-19,Ontario,Téléphone,Sports,Raquette,2,498.27,0.05
ORD-106629,CUST-1049,2025-10-06,Manitoba,Magasin,Maison,Mixeur,1,118.4,0.0
ORD-103779,CUST-0014,2025-09-22,Ontario,En ligne,Électronique,Écran,1,296.68,0.0
ORD-103501,CUST-1169,2025-09-14,Manitoba,Téléphone,Maison,Mixeur,2,376.6,0.1
ORD-101632,CUST-1153,2025-01-17,Colombie-Britannique,Magasin,Sports,Raquette,1,283.49,0.05
ORD-106969,CUST-0326,2024-03-03,Colombie-Britannique,Téléphone,Maison,Mixeur,1,95.16,0.0
ORD-105414,CUST-1072,2024-12-20,Ontario,En ligne,Vêtements,T-shirt,3,265.19,0.15
ORD-100982,CUST-0057,2025-07-15,Colombie-Britannique,Magasin,Électronique,Casque audio,1,825.37,0.15
ORD-103475,CUST-1296,2025-03-14,Ontario,En ligne,Vêtements,T-shirt,3,241.82,0.05
ORD-101721,CUST-0954,2024-05-30,Colombie-Britannique,Magasin,Vêtements,Jean,1,241.05,0.1
ORD-105040,CUST-0953,2024-10-24,Alberta,En ligne,Beauté,Shampoing,4,205.12,0.0
ORD-104979,CUST-1444,2024-03-21,Manitoba,Magasin,Beauté,Soin visage,1,118.59,0.1
ORD-106721,CUST-0832,2025-05-28,Québec,Téléphone,Sports,Raquette,4,217.17,0.1
ORD-101731,CUST-0635,2025-05-12,Colombie-Britannique,En ligne,Électronique,Écran,1,653.56,0.05
ORD-100149,CUST-0038,2024-11-23,Alberta,Magasin,Électronique,Tablette,3,278.4,0.0
ORD-105662,CUST-0132,2024-08-23,Manitoba,En ligne,Vêtements,Manteau,1,87.01,0.0
ORD-105601,CUST-0387,2025-08-28,Ontario,Magasin,Sports,Ballon,1,348.82,0.05
ORD-106055,CUST-0279,2025-04-15,Québec,Téléphone,Sports,Tapis yoga,2,117.47,0.1
ORD-100169,CUST-1112,2025-07-06,Québec,Magasin,Électronique,Casque audio,4,820.26,0.1
ORD-104539,CUST-0904,2025-03-03,Alberta,En ligne,Maison,Lampe,1,223.7,0.0
ORD-103783,CUST-1381,2024-06-05,Ontario,Téléphone,Maison,Chaise,2,80.38,0.0
ORD-107855,CUST-0905,2025-07-19,Manitoba,En ligne,Électronique,Casque audio,4,465.22,0.1
ORD-103221,CUST-1159,2025-01-07,Manitoba,Téléphone,Sports,Ballon,1,211.36,0.1
ORD-101864,CUST-1482,2024-07-30,Ontario,Magasin,Beauté,Crème,4,170.79,0.0
ORD-101261,CUST-0613,2025-08-21,Québec,Téléphone,Sports,Raquette,2,391.16,0.15
ORD-107478,CUST-0826,2025-11-14,Alberta,Téléphone,Maison,Cafetière,1,76.53,0.2
ORD-102963,CUST-1486,2024-12-03,Colombie-Britannique,Magasin,Sports,Ballon,1,214.3,0.1
ORD-105357,CUST-1447,2024-03-04,Ontario,Téléphone,Maison,Cafetière,3,78.14,0.05
ORD-107409,CUST-1043,2024-12-16,Alberta,Magasin,Vêtements,Veste,1,277.71,0.05
ORD-103159,CUST-1193,2025-06-03,Alberta,En ligne,Électronique,Tablette,2,224.32,0.0
ORD-107809,CUST-0753,2025-02-21,Manitoba,Téléphone,Maison,Mixeur,4,448.84,0.1
ORD-107648,CUST-1123,2024-09-23,Colombie-Britannique,En ligne,Beauté,Crème,1,17.45,0.05
ORD-107768,CUST-0515,2024-12-07,Alberta,En ligne,Maison,Cafetière,5,21.88,0.1
ORD-104561,CUST-0282,2024-08-14,Colombie-Britannique,Magasin,Électronique,Souris,2,357.29,0.0
ORD-100509,CUST-0819,2024-01-30,Alberta,Téléphone,Beauté,Soin visage,1,152.76,0.1
ORD-106284,CUST-1040,2025-05-10,Ontario,Téléphone,Vêtements,T-shirt,1,241.98,0.15
ORD-107359,CUST-1003,2024-03-31,Colombie-Britannique,En ligne,Sports,Raquette,2,427.56,0.0
ORD-105850,CUST-0436,2025-08-29,Colombie-Britannique,Téléphone,Maison,Aspirateur,1,204.94,0.1
ORD-106728,CUST-0688,2025-08-14,Québec,Magasin,Sports,Sac sport,4,423.62,0.1
ORD-103399,CUST-1299,2025-01-15,Colombie-Britannique,Magasin,Maison,Aspirateur,1,412.28,0.05
ORD-104734,CUST-1470,2024-08-10,Québec,En ligne,Maison,Aspirateur,3,472.61,0.15
ORD-106850,CUST-1421,2024-07-27,Manitoba,En ligne,Vêtements,T-shirt,1,244.92,0.0
ORD-107322,,2025-02-13,Québec,En ligne,Sports,Ballon,5,311.68,0.0
ORD-107923,CUST-0386,2025-02-25,Manitoba,Téléphone,Sports,Vélo,4,667.95,0.2
ORD-101335,CUST-0354,2025-09-14,Québec,Magasin,Électronique,Casque audio,2,495.1,0.0
ORD-105822,CUST-0535,2025-01-03,Colombie-Britannique,En ligne,Sports,Raquette,3,558.72,0.05
ORD-107361,CUST-0760,2025-02-17,Colombie-Britannique,En ligne,Vêtements,Jean,2,243.68,0.05
ORD-105003,CUST-1307,2025-02-08,Alberta,Téléphone,Vêtements,Jean,5,132.02,0.0
ORD-104394,CUST-0587,2025-04-28,Québec,En ligne,Vêtements,Chaussures,2,53.32,0.05
ORD-106204,CUST-1220,2025-02-12,Alberta,Téléphone,Maison,Cafetière,2,130.22,0.1
ORD-102164,CUST-0779,2024-07-12,Manitoba,Téléphone,Vêtements,Chaussures,1,61.0,0.0
ORD-105838,CUST-0688,2024-10-08,Manitoba,Magasin,Sports,Raquette,3,415.27,0.05
ORD-102577,CUST-1396,2025-05-25,Québec,Magasin,Électronique,Tablette,1,165.51,0.0
ORD-103438,CUST-0191,2024-02-29,Alberta,En ligne,Sports,Vélo,1,255.03,0.0
ORD-106652,CUST-0484,2024-03-05,Alberta,Magasin,Maison,Chaise,1,247.88,0.1
ORD-100544,CUST-1249,2024-12-13,Québec,Téléphone,Beauté,Maquillage,2,135.66,0.0
ORD-103880,CUST-0598,2024-05-24,Alberta,Téléphone,Sports,Raquette,1,649.13,0.0
ORD-100743,CUST-0087,2024-08-12,Alberta,En ligne,Sports,Tapis yoga,1,310.93,0.2
ORD-104209,CUST-0113,2024-11-07,Québec,Téléphone,Électronique,Écran,1,415.47,0.2
ORD-104999,CUST-1420,2025-09-14,Québec,En ligne,Beauté,Maquillage,1,211.25,0.05
ORD-105635,CUST-0817,2024-05-10,Ontario,Magasin,Maison,Lampe,1,355.57,0.1
ORD-107592,CUST-1305,2024-08-13,Ontario,En ligne,Sports,Tapis yoga,3,599.18,0.1
ORD-101022,CUST-0339,2025-03-13,Manitoba,Téléphone,Électronique,Tablette,2,808.97,0.0
ORD-103033,CUST-1232,2025-12-24,Alberta,Téléphone,Sports,Vélo,1,228.64,0.0
ORD-103975,CUST-0169,2025-03-01,Manitoba,Magasin,Vêtements,Chaussures,2,162.72,0.0
ORD-107797,CUST-0377,2024-02-22,Manitoba,Téléphone,Sports,Vélo,3,698.51,0.0
ORD-100965,CUST-0708,2024-11-25,Québec,Téléphone,Beauté,Shampoing,5,42.34,0.0
ORD-107685,CUST-0614,2025-04-13,Québec,En ligne,Sports,Ballon,1,544.75,0.05
ORD-105826,CUST-1031,2024-06-11,Colombie-Britannique,En ligne,Sports,Ballon,3,468.89,0.05
ORD-101053,CUST-1145,2024-01-25,Colombie-Britannique,En ligne,Beauté,Parfum,3,236.58,0.0
ORD-107541,CUST-1380,2024-12-08,Québec,Magasin,Électronique,Écran,4,722.89,0.0
ORD-101417,CUST-0959,2024-01-23,Québec,En ligne,Vêtements,T-shirt,3,273.03,0.05
ORD-105818,CUST-0993,2025-07-01,Alberta,Téléphone,Électronique,Souris,1,726.37,0.0
ORD-103849,CUST-0774,2025-01-04,Alberta,Téléphone,Électronique,Tablette,1,870.54,0.05
ORD-102252,CUST-1076,2025-10-16,Colombie-Britannique,En ligne,Maison,Mixeur,1,301.93,0.0
ORD-100601,CUST-0940,2025-04-10,Alberta,Téléphone,Maison,Lampe,2,115.43,0.0
ORD-106067,CUST-1059,2024-04-06,Colombie-Britannique,Magasin,Vêtements,Jean,4,181.18,0.0
ORD-100408,CUST-1019,2025-01-21,Ontario,En ligne,Maison,Mixeur,1,186.33,0.05
ORD-102029,CUST-0985,2024-10-30,Alberta,Magasin,Sports,Tapis yoga,2,687.4,0.1
ORD-102189,CUST-0977,2024-11-27,Colombie-Britannique,En ligne,Maison,Lampe,1,382.64,0.0
ORD-100625,CUST-0165,2025-11-29,Québec,Téléphone,Électronique,Clavier,3,509.81,0.0
ORD-103231,CUST-0239,2025-03-09,Québec,Téléphone,Sports,Vélo,1,202.4,0.05
ORD-100932,CUST-0982,2025-12-17,Ontario,Magasin,Beauté,Soin visage,1,193.91,0.05
ORD-103950,CUST-0130,2024-09-08,Alberta,Magasin,Maison,Cafetière,3,385.02,0.0
ORD-103383,CUST-0074,2024-04-05,Colombie-Britannique,En ligne,Beauté,Maquillage,4,172.51,0.1
ORD-107167,CUST-0956,2024-10-15,Québec,Téléphone,Électronique,Souris,1,598.57,0.1
ORD-104189,CUST-1428,2024-08-09,Ontario,En ligne,Maison,Chaise,4,220.31,0.05
ORD-101807,CUST-0260,2025-12-29,Ontario,En ligne,Sports,Raquette,2,413.07,0.05
ORD-103781,CUST-1267,2025-09-19,Alberta,En ligne,Sports,Vélo,2,245.32,0.0
ORD-102571,CUST-1334,2024-04-14,Ontario,Magasin,Maison,Cafetière,2,181.34,0.0
ORD-102821,CUST-0624,2025-04-18,Alberta,Magasin,Maison,Mixeur,1,338.55,0.05
ORD-106960,CUST-0194,2024-01-12,Ontario,Magasin,Électronique,Tablette,2,504.19,0.1
ORD-105583,CUST-0280,2024-04-24,Québec,En ligne,Maison,Chaise,1,127.5,0.0
ORD-103806,CUST-0407,2025-04-13,Colombie-Britannique,En ligne,Maison,Chaise,1,159.77,0.05
ORD-100576,CUST-0377,2025-10-19,Colombie-Britannique,Magasin,Beauté,Parfum,1,137.19,0.1
ORD-101263,CUST-0350,2024-05-05,Québec,Magasin,Sports,Sac sport,1,228.81,0.0
ORD-103614,CUST-0525,2024-07-18,Manitoba,Magasin,Beauté,Soin visage,1,126.84,0.1
ORD-101918,CUST-0583,2024-05-16,Colombie-Britannique,Téléphone,Maison,Aspirateur,2,53.46,0.15
ORD-101744,CUST-0675,2025-12-14,Alberta,En ligne,Électronique,Souris,4,137.2,0.0
ORD-106929,CUST-0903,2025-11-01,Manitoba,Téléphone,Beauté,Parfum,2,84.7,0.1
ORD-105096,CUST-0541,2024-11-15,Manitoba,Magasin,Maison,Cafetière,1,181.15,0.0
ORD-100177,CUST-0445,2024-04-02,Québec,Téléphone,Beauté,Shampoing,2,29.57,0.05
ORD-102764,CUST-0965,2025-08-05,Québec,En ligne,Sports,Sac sport,1,197.85,0.05
ORD-100800,CUST-1328,2025-03-12,Alberta,En ligne,Sports,Tapis yoga,5,460.33,0.1
ORD-102771,CUST-0797,2025-11-13,Ontario,Téléphone,Beauté,Parfum,2,117.3,0.05
ORD-102864,CUST-0942,2024-05-20,Québec,Téléphone,Beauté,Parfum,1,45.94,0.2
ORD-107475,CUST-1466,2025-11-04,Québec,Magasin,Vêtements,Jean,1,188.99,-0.1
ORD-105345,CUST-0089,2024-08-14,Manitoba,Magasin,Beauté,Parfum,1,235.1,0.2
ORD-104099,CUST-1158,2025-10-16,Manitoba,Téléphone,Beauté,Shampoing,1,120.55,0.0
ORD-100328,CUST-0613,2024-06-12,Alberta,Téléphone,Sports,Raquette,3,116.37,0.15
ORD-104336,CUST-1119,2025-08-10,Ontario,En ligne,Vêtements,T-shirt,1,103.68,0.15
ORD-100879,CUST-0481,2025-03-24,Manitoba,Magasin,Électronique,Casque audio,2,159.94,0.05
ORD-103497,CUST-1419,2025-02-02,Colombie-Britannique,Téléphone,Vêtements,T-shirt,2,63.4,0.1
ORD-102199,CUST-0865,2025-12-31,Manitoba,Téléphone,Vêtements,Jean,1,269.33,0.0
ORD-107987,CUST-1224,2024-03-23,Québec,Magasin,Électronique,Casque audio,4,86.16,0.0
ORD-102126,CUST-0813,2025-12-21,Alberta,Magasin,Maison,Mixeur,4,100.58,0.0
ORD-101595,CUST-1487,2025-04-27,Québec,Téléphone,Vêtements,Chaussures,1,198.69,0.05
ORD-104368,CUST-1004,2025-09-07,Colombie-Britannique,Magasin,Électronique,Tablette,2,781.72,0.0
ORD-103875,CUST-0829,2025-09-29,Manitoba,Téléphone,Vêtements,Manteau,3,22.1,0.0
ORD-107377,CUST-0345,2025-09-01,Ontario,Téléphone,Beauté,Maquillage,1,43.96,0.0
ORD-101720,CUST-1047,2025-10-18,Colombie-Britannique,Magasin,Beauté,Maquillage,1,133.04,0.0
ORD-101297,CUST-0035,2025-01-03,Manitoba,Téléphone,Maison,Mixeur,2,97.87,0.05
ORD-106333,CUST-0003,2024-05-10,Alberta,En ligne,Sports,Raquette,1,481.92,0.2
ORD-106225,CUST-0518,2025-09-12,Alberta,En ligne,Beauté,Crème,2,109.01,0.1
ORD-102859,CUST-1266,2024-08-25,Manitoba,Magasin,Beauté,Soin visage,1,134.84,0.0
ORD-104184,CUST-0882,2025-01-13,Québec,Magasin,Maison,Aspirateur,1,32.81,0.15
ORD-103016,CUST-0835,2024-09-09,Alberta,En ligne,Maison,Chaise,2,295.32,0.2
ORD-103977,CUST-1044,2025-03-15,Colombie-Britannique,Téléphone,Sports,Ballon,1,476.92,0.1
ORD-107154,CUST-0692,2025-05-14,Colombie-Britannique,Magasin,Électronique,Clavier,1,849.13,0.0
ORD-107885,CUST-0445,2024-05-08,Ontario,Magasin,Sports,Tapis yoga,3,53.28,0.05
ORD-105584,CUST-0193,2024-09-12,Québec,Téléphone,Maison,Chaise,1,477.49,0.05
ORD-100181,CUST-0867,2025-06-03,Colombie-Britannique,En ligne,Beauté,Maquillage,1,121.8,0.15
ORD-104343,CUST-1187,2024-07-11,Québec,Téléphone,Vêtements,Jean,1,206.79,0.05
ORD-103573,CUST-1471,2024-01-08,Manitoba,Téléphone,Beauté,Parfum,2,214.23,0.1
ORD-107759,CUST-0689,2024-08-29,Manitoba,EN LIGNE,Sports,Sac sport,2,381.45,0.0
ORD-102868,CUST-1056,2025-06-15,Manitoba,En ligne,Beauté,Crème,2,35.0,0.15
ORD-101634,CUST-0689,2025-06-17,Québec,Magasin,Vêtements,T-shirt,1,184.08,0.0
ORD-103518,CUST-1332,2024-11-25,Québec,En ligne,Vêtements,T-shirt,1,25.07,0.0
ORD-104886,CUST-0446,2024-12-08,Manitoba,Magasin,Vêtements,Veste,1,159.25,0.1
ORD-105859,CUST-1163,2024-03-12,Manitoba,Téléphone,Vêtements,Jean,1,34.52,0.0
ORD-106044,CUST-1035,2024-12-01,Colombie-Britannique,En ligne,Maison,Cafetière,2,397.2,0.05
ORD-107169,CUST-0212,2025-08-07,Manitoba,Téléphone,Maison,Chaise,2,478.51,0.0
ORD-103885,CUST-1291,2025-06-12,Colombie-Britannique,Magasin,Vêtements,Chaussures,2,168.76,0.1
ORD-105741,CUST-0821,2024-06-15,Alberta,En ligne,Maison,Chaise,1,314.82,0.1
ORD-106037,CUST-0355,2025-11-30,Manitoba,Téléphone,Électronique,Casque audio,3,777.22,0.05
ORD-100041,CUST-1013,2025-10-02,Ontario,En ligne,Maison,Chaise,1,58.82,0.05
ORD-104649,CUST-0968,2024-04-16,Manitoba,En ligne,Beauté,Maquillage,2,124.62,0.0
ORD-107110,CUST-0757,2024-10-17,Colombie-Britannique,Téléphone,Vêtements,Manteau,2,182.34,0.05
ORD-105316,CUST-0544,2024-09-26,Ontario,Téléphone,Électronique,Écran,2,358.78,0.05
ORD-105574,CUST-0060,2025-06-05,Manitoba,En ligne,Beauté,Shampoing,1,170.59,0.05
ORD-100217,CUST-0980,2025-05-29,Manitoba,Téléphone,Maison,Lampe,3,20.59,0.0
ORD-100185,CUST-0133,2024-10-02,Alberta,Magasin,Sports,Tapis yoga,1,473.53,0.0
ORD-107964,CUST-1453,2025-10-21,Alberta,Téléphone,Maison,Chaise,1,431.56,0.05
ORD-107235,CUST-0031,2025-01-11,Colombie-Britannique,Magasin,Beauté,Shampoing,2,248.69,0.05
ORD-106977,CUST-0067,2025-01-23,Manitoba,Téléphone,Sports,Vélo,1,426.43,0.1
ORD-100908,CUST-1444,2025-06-03,Ontario,Magasin,Beauté,Crème,3,227.38,0.2
ORD-100706,CUST-1270,2024-03-24,Colombie-Britannique,Magasin,Vêtements,Manteau,1,265.16,0.0
ORD-104813,CUST-1380,2025-10-09,Québec,En ligne,Beauté,Parfum,2,189.7,0.0
ORD-100683,CUST-0025,2024-02-26,Colombie-Britannique,En ligne,Sports,Tapis yoga,2,541.59,0.0
ORD-103544,CUST-0256,2025-06-17,Ontario,Téléphone,Maison,Cafetière,3,349.17,0.05
ORD-102858,CUST-0214,2025-10-04,Manitoba,Magasin,Vêtements,Jean,1,229.14,0.0
ORD-100087,CUST-1306,2024-11-15,Ontario,Téléphone,Électronique,Souris,1,280.47,0.05
ORD-107889,CUST-0757,2025-11-09,Ontario,Téléphone,Électronique,Tablette,1,859.3,0.1
ORD-101405,CUST-1437,2025-09-05,Québec,Magasin,Électronique,Écran,3,432.17,0.0
ORD-101545,CUST-0726,2024-02-01,Ontario,En ligne,Électronique,Clavier,1,479.69,0.15
ORD-102818,CUST-0396,2024-07-25,Manitoba,Magasin,Électronique,Écran,3,176.19,0.0
ORD-107255,CUST-1326,2024-01-08,Ontario,En ligne,Sports,Ballon,2,488.86,0.05
ORD-105666,CUST-1416,2025-02-08,Manitoba,Magasin,Maison,Chaise,1,208.3,0.0
ORD-106033,CUST-1480,2025-11-10,Manitoba,En ligne,Vêtements,Chaussures,3,223.92,0.1
ORD-104374,CUST-0699,2025-11-01,Manitoba,Magasin,Sports,Raquette,1,69.71,0.1
ORD-100257,CUST-1343,2024-07-29,Manitoba,En ligne,Maison,Aspirateur,2,31.01,0.0
ORD-104629,CUST-1236,2025-02-03,Ontario,Magasin,Maison,Mixeur,3,130.74,0.1
ORD-107866,CUST-0271,2025-02-04,Québec,Magasin,Maison,Cafetière,1,348.98,0.0
ORD-101330,CUST-0304,2024-03-01,Colombie-Britannique,En ligne,Beauté,Crème,1,53.29,0.05
ORD-103053,CUST-0213,2024-06-05,Québec,Téléphone,Sports,Vélo,2,333.49,0.1
ORD-101916,CUST-0839,2024-01-01,Québec,Téléphone,Électronique,Écran,2,400.33,0.0
ORD-107644,CUST-0436,2025-08-26,Colombie-Britannique,Téléphone,Électronique,Clavier,3,307.09,0.0
ORD-105500,CUST-0144,2024-07-22,Manitoba,Magasin,Vêtements,Veste,3,42.93,0.1
ORD-102516,CUST-0933,2025-05-20,Ontario,Magasin,Maison,Mixeur,5,143.04,0.0
ORD-100712,CUST-0095,2024-09-18,Québec,Magasin,Électronique,Tablette,3,888.48,0.0
ORD-103128,CUST-1454,2025-06-01,Alberta,Magasin,Électronique,Casque audio,1,372.68,0.05
ORD-107003,CUST-0502,2024-02-17,Manitoba,Magasin,Électronique,Souris,2,510.15,0.05
ORD-100543,CUST-0927,2024-04-16,Québec,Téléphone,Vêtements,T-shirt,2,198.79,0.0
ORD-101142,CUST-0378,2025-08-10,Colombie-Britannique,Magasin,Sports,Sac sport,1,538.37,0.0
ORD-102851,CUST-1040,2025-10-27,Manitoba,Magasin,Beauté,Shampoing,2,239.48,0.1
ORD-103025,CUST-0380,2024-09-17,Québec,Téléphone,Maison,Chaise,1,240.73,0.0
ORD-106120,CUST-0899,2024-01-13,Manitoba,Magasin,Électronique,Souris,1,469.76,0.05
ORD-107323,CUST-1060,2025-02-19,Alberta,Téléphone,Électronique,Tablette,1,226.43,0.1
ORD-106879,CUST-1151,2024-09-19,Québec,En ligne,Électronique,Casque audio,1,300.89,0.15
ORD-104766,CUST-1174,2024-05-31,Ontario,Magasin,Beauté,Crème,2,32.06,0.1
ORD-105827,CUST-1097,2024-07-11,Alberta,Magasin,Maison,Chaise,1,62.87,0.0
ORD-107620,CUST-1151,2025-10-08,Manitoba,Téléphone,Beauté,Soin visage,4,156.95,0.0
ORD-100381,CUST-1082,2024-06-02,Manitoba,Téléphone,Vêtements,Manteau,1,202.14,0.0
ORD-100056,CUST-1157,2027-01-15,Manitoba,Téléphone,Beauté,Soin visage,2,23.81,0.05
ORD-100069,CUST-0853,2024-10-08,Québec,En ligne,Beauté,Shampoing,3,125.29,0.2
ORD-102579,CUST-0848,2025-03-15,Manitoba,Téléphone,Électronique,Souris ,1,234.78,0.15
ORD-105281,CUST-0688,2024-12-29,Manitoba,Magasin,Sports,Tapis yoga,1,326.6,0.15
ORD-107497,CUST-0188,2025-11-11,Québec,En ligne,Beauté,Maquillage,2,171.53,0.2
ORD-102083,CUST-0555,2024-01-17,Colombie-Britannique,Magasin,Beauté,Shampoing,1,25.05,0.0
ORD-101608,CUST-0454,2024-01-07,Colombie-Britannique,Téléphone,Vêtements,Veste,1,126.64,0.05
ORD-100742,CUST-1190,2025-01-08,Manitoba,Magasin,Vêtements,T-shirt,2,165.68,0.0
ORD-106609,CUST-1305,2024-03-17,Québec,En ligne,Sports,Raquette,2,522.84,0.15
ORD-102280,CUST-1018,2024-03-09,Alberta,Téléphone,Maison,Cafetière,1,489.11,0.05
ORD-104058,CUST-0438,2024-09-12,Manitoba,En ligne,Beauté,Crème,5,107.16,0.0
ORD-106169,CUST-1422,2025-02-13,Manitoba,En ligne,Beauté,Shampoing,1,41.35,0.0
ORD-100828,CUST-0371,2025-02-22,Manitoba,Magasin,Beauté,Soin visage,1,127.35,0.05
ORD-100445,CUST-0096,2025-02-17,Alberta,En ligne,Vêtements,Veste,1,27.92,0.0
ORD-107732,CUST-0733,2024-05-13,Manitoba,En ligne,Vêtements,Jean,1,234.44,0.0
ORD-107775,CUST-0530,2025-03-24,Ontario,Magasin,Beauté,Crème,1,234.07,0.15
ORD-104041,CUST-0901,2024-09-29,Ontario,Téléphone,Électronique,Clavier,1,53.9,0.05
ORD-107103,CUST-1336,2025-01-25,Alberta,Magasin,Maison,Cafetière,1,163.15,0.05
ORD-106627,CUST-1195,2024-04-10,Colombie-Britannique,Téléphone,Électronique,Clavier,1,299.7,0.1
ORD-103742,CUST-0033,2025-07-11,Alberta,Magasin,Sports,Tapis yoga,2,625.0,0.2
ORD-105522,CUST-0772,2024-01-16,Alberta,En ligne,Maison,Mixeur,2,309.35,0.05
ORD-107430,CUST-1061,2025-12-19,Manitoba,En ligne,Maison,Chaise,1,78.08,0.15
ORD-101992,CUST-0053,2024-01-10,Ontario,Téléphone,Électronique,Souris,3,281.15,0.05
ORD-106378,CUST-0875,2024-04-30,Québec,En ligne,Vêtements,Jean,3,69.14,0.0
ORD-103413,CUST-0648,2024-10-12,Québec,Magasin,Vêtements,Manteau,1,73.92,0.05
ORD-101221,CUST-0640,2024-05-03,Ontario,Magasin,Beauté,Shampoing,1,245.18,0.0
ORD-100019,CUST-0836,2025-03-14,Alberta,Téléphone,Maison,Chaise,2,493.11,0.0
ORD-102799,CUST-0862,2025-02-25,Manitoba,En ligne,Beauté,Parfum,2,103.44,0.05
ORD-107048,CUST-0071,2025-05-06,Ontario,En ligne,Vêtements,Manteau,1,125.09,0.15
ORD-107532,CUST-1420,2025-06-14,Alberta,En ligne,Électronique,Tablette,1,248.02,0.0
ORD-106211,CUST-0965,2025-05-02,Colombie-Britannique,Magasin,Vêtements,Chaussures,1,36.97,0.0
ORD-102522,CUST-0033,2025-10-16,Colombie-Britannique,Magasin,Beauté,Maquillage,2,244.12,0.0
ORD-102446,CUST-1280,2025-12-28,Manitoba,En ligne,Sports,Raquette,3,105.14,0.15
ORD-103125,CUST-0765,2024-07-01,Colombie-Britannique,En ligne,Sports,Vélo,1,260.54,0.0
ORD-102024,CUST-1309,2025-03-25,Colombie-Britannique,Téléphone,Beauté,Shampoing,1,204.9,0.0
ORD-101320,CUST-0640,2024-04-15,Manitoba,Téléphone,Vêtements,Jean,2,47.24,0.15
ORD-101593,CUST-1303,2025-03-18,Québec,Magasin,Beauté,Crème,5,105.53,0.0
ORD-102578,CUST-0444,2025-11-07,Alberta,Téléphone,Vêtements,T-shirt,4,24.19,0.1
ORD-100476,CUST-1495,2025-10-03,Alberta,En ligne,Vêtements,Jean,1,261.43,0.0
ORD-105817,CUST-1026,2024-09-07,Ontario,En ligne,Beauté,Parfum,3,57.91,0.1
ORD-106471,CUST-0364,2025-07-24,Manitoba,En ligne,Électronique,Écran,1,184.67,0.0
ORD-105508,CUST-0092,2024-08-09,Colombie-Britannique,Magasin,Beauté,Parfum,3,83.44,0.05
ORD-100468,CUST-0805,2025-03-13,Ontario,Téléphone,Sports,Sac sport,2,290.29,0.0
ORD-101758,CUST-1026,2024-06-16,Manitoba,Téléphone,Vêtements,Manteau,3,245.79,0.0
ORD-106962,CUST-0029,2025-05-27,Québec,Magasin,Beauté,Maquillage,1,197.74,0.0
ORD-100308,CUST-0019,2024-11-27,Manitoba,Magasin,Sports,Vélo,1,203.19,0.05
ORD-107502,CUST-1112,2025-02-12,Ontario,En ligne,Beauté,Shampoing,5,164.23,0.1
ORD-102991,CUST-0077,2024-11-25,Québec,Magasin,Maison,Cafetière,1,386.97,0.0
ORD-105462,CUST-0399,2024-04-27,Manitoba,Téléphone,Sports,Vélo,2,139.42,0.0
ORD-101790,CUST-0809,2025-11-12,Manitoba,En ligne,Électronique,Tablette,4,847.14,0.1
ORD-105510,CUST-0789,2025-02-07,Alberta,Magasin,Sports,Vélo,3,396.66,0.1
ORD-101084,CUST-1049,2025-07-22,Colombie-Britannique,Téléphone,Sports,Ballon,3,109.98,0.0
ORD-106564,CUST-0196,2024-01-15,Ontario,Téléphone,Vêtements,Jean,3,268.93,0.05
ORD-102641,CUST-0101,2024-10-07,Alberta,Magasin,Vêtements,Manteau,3,48.91,0.0
ORD-106425,CUST-0822,2024-10-01,Ontario,En ligne,Beauté,Soin visage,1,86.73,0.0
ORD-105831,CUST-0260,2025-10-27,Alberta,Magasin,Électronique,Clavier,2,101.69,0.0
ORD-102842,CUST-0125,2025-10-20,Manitoba,En ligne,Beauté,Crème,2,131.19,0.0
ORD-105843,CUST-0610,2024-02-24,Ontario,En ligne,Maison,Mixeur,1,130.94,0.0
ORD-104397,CUST-0719,2024-11-17,Manitoba,En ligne,Maison,Cafetière,3,332.97,0.0
ORD-107852,CUST-1086,2024-02-24,Colombie-Britannique,En ligne,Sports,Tapis yoga,1,70.56,0.05
ORD-100080,CUST-0534,2025-02-08,Québec,Magasin,Maison,Cafetière,1,101.09,0.0
ORD-105987,CUST-0628,2024-01-04,Colombie-Britannique,Téléphone,Électronique,Écran,4,556.44,0.0
ORD-100641,CUST-0840,2024-03-05,Québec,Magasin,Sports,Vélo,1,634.33,0.0
ORD-107547,CUST-0338,2025-07-09,Québec,En ligne,Sports,Ballon,1,647.45,0.15
ORD-101414,CUST-1227,2024-03-25,Ontario,Téléphone,Maison,Mixeur,2,345.87,0.15
ORD-107973,CUST-0125,2025-06-04,Québec,Téléphone,Maison,Chaise,1,43.24,0.0
ORD-101009,CUST-0929,2024-04-30,Manitoba,En ligne,Vêtements,Manteau,2,169.72,0.15
ORD-106144,CUST-1388,2024-07-11,Québec,Téléphone,Sports,Raquette,3,487.02,0.05
ORD-107401,CUST-0283,2024-04-04,Alberta,Téléphone,Vêtements,Chaussures,3,38.75,0.0
ORD-103795,CUST-1454,2025-06-20,Alberta,Téléphone,Vêtements,Veste,1,129.67,0.0
ORD-104245,CUST-1186,2024-04-19,Québec,En ligne,Sports,Vélo,2,323.75,0.05
ORD-106786,CUST-0879,2025-01-11,Alberta,En ligne,Beauté,Soin visage,1,173.66,0.1
ORD-105820,CUST-1499,2025-08-01,Ontario,Magasin,Beauté,Crème,1,208.33,0.1
ORD-103070,CUST-0399,2024-10-06,Colombie-Britannique,En ligne,Sports,Tapis yoga,2,231.94,0.1
ORD-100996,CUST-0052,2024-12-03,Alberta,Téléphone,Maison,Mixeur,1,141.99,0.15
ORD-105603,CUST-0940,2024-08-25,Colombie-Britannique,En ligne,Maison,Chaise,4,178.3,0.05
ORD-101430,CUST-0837,2024-06-15,Alberta,En ligne,Maison,Mixeur,1,350.0,0.05
ORD-107680,CUST-1083,2025-03-09,Colombie-Britannique,Téléphone,Beauté,Shampoing,1,110.9,0.0
ORD-105551,CUST-0845,2024-09-21,Ontario,En ligne,Sports,Tapis yoga,2,74.41,0.0
ORD-107399,CUST-0151,2024-08-17,Alberta,Téléphone,Sports,Raquette,1,94.15,0.05
ORD-100927,CUST-0253,2024-01-19,Colombie-Britannique,Téléphone,Maison,Aspirateur,3,274.11,0.05
ORD-100118,CUST-0147,2025-09-15,Manitoba,Téléphone,Beauté,Crème,1,30.52,0.0
ORD-103098,CUST-0177,2024-11-07,Manitoba,En ligne,Vêtements,Chaussures,1,201.15,0.1
ORD-107720,CUST-0775,2024-04-04,Ontario,Téléphone,Électronique,Casque audio,3,-368.7,0.0
ORD-101729,CUST-0463,2024-01-28,Québec,En ligne,Maison,Aspirateur,1,260.76,0.15
ORD-103931,CUST-0090,2025-03-16,Alberta,En ligne,Beauté,Soin visage ,1,181.74,0.05
ORD-106057,CUST-0669,2025-02-18,Québec,Téléphone,Vêtements,Chaussures,2,236.78,0.05
ORD-105259,CUST-0863,2024-12-07,Manitoba,Téléphone,Sports,Raquette,1,643.42,0.05
ORD-106990,CUST-0828,2024-11-01,Ontario,En ligne,Beauté,Crème,2,105.96,0.0
ORD-104984,CUST-0825,2024-08-14,Colombie-Britannique,Magasin,Maison,Chaise,1,300.23,0.05
ORD-105128,CUST-0304,2025-12-31,Ontario,En ligne,Électronique,Écran,5,591.23,0.05
ORD-105562,CUST-1037,2024-07-11,Ontario,Téléphone,Électronique,Souris,4,318.04,0.1
ORD-107816,CUST-0035,2025-08-12,Alberta,Magasin,Vêtements,Manteau,1,65.85,0.0
ORD-103515,CUST-1290,2025-06-24,Alberta,En ligne,Maison,Mixeur,1,207.25,0.1
ORD-106370,CUST-0922,2025-12-22,Québec,Magasin,Électronique,Clavier,1,166.9,0.1
ORD-104907,CUST-0451,2025-10-16,Québec,Magasin,Électronique,Tablette,1,503.44,0.0
ORD-102905,CUST-1416,2025-06-20,Manitoba,Magasin,Beauté,Shampoing,1,183.03,0.05
ORD-107153,CUST-1161,2025-12-24,Québec,Téléphone,Sports,Tapis yoga,1,225.93,0.05
ORD-104939,CUST-0521,2025-06-06,Manitoba,Téléphone,Vêtements,Chaussures,1,31.39,0.05
ORD-101550,CUST-1036,2025-10-02,Colombie-Britannique,En ligne,Vêtements,Jean,2,44.06,0.0
ORD-107294,CUST-0452,2024-09-30,Québec,Magasin,Vêtements,Jean,4,163.72,0.2
ORD-101703,CUST-0220,2025-01-05,Alberta,Magasin,Vêtements,T-shirt,1,54.83,0.05
ORD-102623,CUST-0799,2024-10-27,Manitoba,Téléphone,Électronique,Tablette,2,634.79,0.0
ORD-102266,CUST-1240,2025-09-27,Québec,En ligne,Maison,Cafetière,1,98.63,0.0
ORD-103254,CUST-0312,2025-06-15,Manitoba,En ligne,Vêtements,Chaussures,1,188.39,
ORD-105425,CUST-0168,2024-07-29,Colombie-Britannique,En ligne,Maison,Lampe,1,436.77,0.0
ORD-105365,CUST-0019,2025-03-08,Manitoba,Téléphone,Sports,Tapis yoga,1,50.92,0.1
ORD-102826,CUST-0071,2024-11-22,Colombie-Britannique,Magasin,Électronique,Souris,1,465.52,0.0
ORD-107006,CUST-0747,2024-02-23,Ontario,En ligne,Maison,Mixeur,3,378.34,0.1
ORD-101454,CUST-1476,2024-06-17,Alberta,Magasin,Sports,Sac sport,1,574.39,0.1
ORD-106441,CUST-0309,2025-04-29,Alberta,En ligne,Beauté,Crème,3,204.29,0.15
ORD-103382,CUST-0388,2024-03-23,Ontario,Magasin,Beauté,Shampoing,2,195.03,0.0
ORD-102521,CUST-1085,2024-08-30,Manitoba,Magasin,Sports,Raquette,1,260.66,0.0
ORD-105130,CUST-1034,2024-04-10,Manitoba,Téléphone,Vêtements,Jean,2,117.36,0.05
ORD-101027,CUST-0067,2024-07-15,Alberta,Téléphone,Beauté,Parfum,2,154.77,0.0
ORD-104086,CUST-1022,2025-08-02,Alberta,Téléphone,Maison,Aspirateur,5,35.22,0.05
ORD-107672,CUST-0111,2025-06-22,Colombie-Britannique,Téléphone,Beauté,Maquillage,1,238.04,0.1
ORD-102683,CUST-0347,2025-12-21,Colombie-Britannique,Téléphone,Sports,Sac sport,2,522.11,0.1
ORD-102389,CUST-1109,2025-06-30,,Magasin,Vêtements,Veste,2,267.79,0.05
ORD-107117,CUST-0522,2025-05-13,Manitoba,Magasin,Sports,Tapis yoga,1,535.63,0.15
ORD-100773,CUST-0755,2024-10-23,Alberta,Téléphone,Sports,Tapis yoga,2,181.88,0.1
ORD-107998,CUST-0626,2025-08-08,Manitoba,Magasin,Sports,Ballon,2,293.58,0.15
ORD-103555,CUST-0664,2024-01-22,Colombie-Britannique,Téléphone,Beauté,Soin visage,2,178.12,0.0
ORD-100970,CUST-0761,2025-08-13,Manitoba,Téléphone,Sports,Raquette,2,657.33,0.15
ORD-103422,CUST-1281,2024-02-28,Manitoba,Magasin,Vêtements,Jean,2,80.12,0.0
ORD-100050,CUST-1099,2025-02-16,Colombie-Britannique,Magasin,Maison,Aspirateur,1,258.1,0.1
ORD-105553,CUST-0222,2025-10-17,Alberta,Magasin,Électronique,Écran,2,236.86,0.0
ORD-100733,CUST-0869,2024-06-16,Alberta,Téléphone,Beauté,Maquillage,3,110.4,0.05
ORD-100245,CUST-0124,2025-09-17,Colombie-Britannique,En ligne,Électronique,Écran,1,356.92,0.05
ORD-101732,CUST-1367,2025-12-18,Ontario,Magasin,Électronique,Souris,1,323.39,0.0
ORD-100179,CUST-0420,2024-09-06,Manitoba,En ligne,Vêtements,Chaussures,1,262.1,0.05
ORD-106978,CUST-1348,2025-08-19,Ontario,Téléphone,Sports,Tapis yoga,3,362.92,0.05
ORD-100017,CUST-1410,2025-01-21,Québec,Magasin,Électronique,Souris,1,875.59,0.2
ORD-102226,CUST-1290,2024-08-14,Manitoba,Téléphone,Électronique,Souris,1,424.43,0.0
ORD-106348,CUST-1002,2025-01-14,Québec,Magasin,Électronique,Casque audio,1,808.72,0.0
ORD-103091,CUST-1227,2025-02-11,Ontario,Téléphone,Beauté,Maquillage,2,226.32,0.0
ORD-102357,CUST-0966,2025-12-14,Manitoba,Magasin,Sports,Tapis yoga,2,575.32,0.0
ORD-105340,CUST-0010,2024-02-10,Ontario,En ligne,Maison,Chaise,1,420.2,0.15
ORD-107678,CUST-0248,2024-11-16,Colombie-Britannique,Téléphone,Vêtements,Jean,2,248.78,0.0
ORD-103704,CUST-0497,2025-08-24,Ontario,Téléphone,Maison,Chaise,1,40.81,0.1
ORD-104015,CUST-0438,2025-04-21,Alberta,En ligne,Électronique,Clavier,1,581.37,0.0
ORD-103001,CUST-1439,2024-04-08,Ontario,En ligne,Beauté,Shampoing,2,206.97,0.15
ORD-104091,CUST-0072,2025-03-07,Alberta,En ligne,Électronique,Clavier,1,91.03,0.1
ORD-101345,CUST-1183,2025-05-08,Québec,En ligne,Vêtements,Jean,1,188.07,0.05
ORD-106730,CUST-1211,2024-09-22,Alberta,Téléphone,Beauté,Maquillage,2,248.5,0.0
ORD-100511,CUST-0857,2025-08-10,Québec,Téléphone,Maison,Chaise,1,89.27,0.0
ORD-100321,CUST-1258,2025-07-16,Ontario,En ligne,Beauté,Maquillage,1,60.13,0.15
ORD-102835,CUST-0003,2024-04-03,Alberta,Téléphone,Beauté,Maquillage,4,94.5,0.05
ORD-107859,CUST-1095,2025-03-03,Colombie-Britannique,Magasin,Beauté,Shampoing,1,237.78,0.05
ORD-107538,CUST-0651,2024-05-13,Manitoba,Téléphone,Beauté,Shampoing,3,23.36,0.0
ORD-107165,CUST-1201,2025-10-14,Québec,En ligne,Maison,Chaise,4,199.75,0.15
ORD-104695,CUST-0759,2024-09-12,Ontario,Magasin,Beauté,Crème,1,127.61,0.05
ORD-107413,CUST-0805,2025-11-22,Manitoba,En ligne,Maison,Chaise,1,473.86,0.05
ORD-104901,CUST-0058,2024-01-24,Alberta,Magasin,Beauté,Soin visage,3,247.55,0.1
ORD-102802,CUST-0374,2025-08-10,Alberta,Magasin,Électronique,Écran,4,428.54,0.1
ORD-107951,CUST-0622,2025-12-05,Québec,Magasin,Électronique,Souris,1,496.75,0.15
ORD-105597,CUST-0121,2024-07-10,Colombie-Britannique,En ligne,Sports,Sac sport,4,560.76,0.15
ORD-105758,CUST-1004,2025-10-08,Manitoba,Magasin,Sports,Raquette,4,207.49,0.05
ORD-104466,CUST-1474,2024-08-29,Québec,Téléphone,Vêtements,T-shirt,1,198.58,0.1
ORD-106141,CUST-1152,2025-05-14,Colombie-Britannique,Téléphone,Électronique,Tablette,3,629.2,0.1
ORD-105653,CUST-1385,2025-12-15,Colombie-Britannique,Téléphone,Vêtements,Chaussures,1,231.2,0.1
ORD-101044,CUST-0811,2024-07-06,Manitoba,Magasin,Maison,Aspirateur,1,314.65,0.0
ORD-102570,CUST-0723,2025-02-19,Manitoba,Téléphone,Sports,Raquette,2,52.17,0.05
ORD-104593,CUST-0151,2025-09-07, alberta ,En ligne,Vêtements,Manteau,3,87.81,0.05
ORD-106550,CUST-0408,2024-11-02,Colombie-Britannique,Magasin,Maison,Cafetière,3,157.72,0.1
ORD-105579,CUST-1072,2024-10-12,Colombie-Britannique,Téléphone,Sports,Sac sport,1,58.94,0.15
ORD-107631,CUST-0764,2025-09-25,Alberta,Téléphone,Électronique,Souris,2,870.89,0.2
ORD-103332,CUST-0184,2024-03-27,Manitoba,En ligne,Sports,Tapis yoga,2,94.06,0.0
ORD-105705,CUST-1291,2025-12-30,Ontario,En ligne,Beauté,Soin visage,4,102.89,0.0
ORD-102138,CUST-0405,2025-05-06,Manitoba,Téléphone,Maison,Chaise,3,295.44,0.0
ORD-103833,CUST-0085,2025-08-14,Colombie-Britannique,En ligne,Maison,Lampe,4,465.13,0.1
ORD-102716,CUST-0145,2025-06-07,Colombie-Britannique,En ligne,Sports,Raquette,2,693.46,0.05
ORD-104960,CUST-0838,2025-02-08,Manitoba,Magasin,Maison,Chaise,1,392.75,0.1
ORD-105235,CUST-0828,2024-10-07,Ontario,Téléphone,Vêtements,Chaussures,3,151.76,0.1
ORD-107729,CUST-0422,2024-02-15,Alberta,Téléphone,Électronique,Tablette,1,308.16,0.05
ORD-102098,CUST-0193,2025-05-29,Ontario,Magasin,Beauté,Maquillage,3,96.57,0.05
ORD-107051,CUST-0344,2025-06-27,Québec,En ligne,Électronique,Clavier,2,353.75,0.1
ORD-102572,CUST-1156,2024-02-03,Alberta,Magasin,Sports,Ballon,5,530.86,0.2
ORD-103393,CUST-0385,2024-06-07,Colombie-Britannique,En ligne,Sports,Sac sport,1,456.64,0.15
ORD-105777,CUST-0068,2024-09-26,Manitoba,En ligne,Vêtements,T-shirt,2,155.82,0.0
ORD-102260,CUST-1120,2024-01-31,Québec,Téléphone,Maison,Aspirateur,5,183.84,0.1
ORD-107589,CUST-0213,2024-05-27,Colombie-Britannique,Magasin,Maison,Aspirateur,1,237.38,0.0
ORD-106477,CUST-0900,2024-02-13,Québec,Téléphone,Électronique,Tablette,1,497.93,0.1
ORD-106604,CUST-0273,2025-01-16,Ontario,En ligne,Vêtements,Veste,2,212.74,0.05
ORD-106918,CUST-0947,2024-12-11,Québec,Magasin,Sports,Sac sport,2,163.67,0.0
ORD-107803,CUST-0860,2025-07-30,Manitoba,Téléphone,Beauté,Soin visage,2,219.55,0.0
ORD-100435,CUST-0330,2024-06-23,Ontario,Magasin,Beauté,Shampoing,1,112.95,0.05
ORD-106762,CUST-0608,2024-02-08,Manitoba,Téléphone,Maison,Lampe,1,91.91,0.15
ORD-101005,CUST-0558,2025-12-17,Colombie-Britannique,En ligne,Beauté,Soin visage,1,218.99,0.05
ORD-103542,CUST-1128,2024-12-10,Ontario,Magasin,Maison,Mixeur,5,351.4,0.0
ORD-106685,CUST-1031,2024-10-18,Alberta,En ligne,Électronique,Écran,1,178.78,0.0
ORD-106936,CUST-0790,2025-11-30,Québec,En ligne,Électronique,Écran,2,794.19,0.1
ORD-104081,CUST-0309,2025-06-19,Ontario,Téléphone,Maison,Aspirateur,3,141.41,0.15
ORD-101421,CUST-0046,2024-08-23,Colombie-Britannique,Téléphone,Sports,Tapis yoga,1,635.58,0.15
ORD-106340,CUST-0942,2024-05-24,Québec,Magasin,Sports,Raquette,1,123.64,0.0
ORD-102273,CUST-0358,2025-10-08,Manitoba,En ligne,Maison,Lampe,2,409.25,0.0
ORD-105846,CUST-1073,2024-08-08,Ontario,Téléphone,Sports,Raquette,4,666.74,0.05
ORD-103464,CUST-0686,2025-12-09,Alberta,Téléphone,Maison,Lampe,1,89.92,0.0
ORD-105809,CUST-0717,2024-12-06,Colombie-Britannique,Téléphone,Sports,Ballon,2,51.44,0.0
ORD-105825,CUST-0615,2024-04-12,Ontario,Magasin,Beauté,Maquillage,1,116.44,0.0
ORD-101429,CUST-0818,2024-08-08,Québec,Magasin,Électronique,Clavier,2,696.4,0.0
ORD-102510,CUST-0317,2025-11-23,Québec,Téléphone,Beauté,Soin visage,1,89.67,0.15
ORD-104348,CUST-0664,2024-06-18,Québec,En ligne,Sports,Vélo,1,282.1,0.0
ORD-107811,CUST-0431,2025-10-07,Ontario,En ligne,Vêtements,Veste,5,81.85,0.05
ORD-103538,CUST-1015,2024-08-11,Manitoba,Magasin,Beauté,Shampoing,2,97.0,0.1
ORD-106612,CUST-0140,2024-09-20,Alberta,Magasin,Sports,Vélo,2,489.8,0.0
ORD-100486,CUST-0383,2025-02-09,Colombie-Britannique,Magasin,Vêtements,T-shirt,1,87.0,0.05
ORD-100997,CUST-1092,2025-05-20,Colombie-Britannique,Magasin,Beauté,Shampoing,1,181.39,0.0
ORD-100199,CUST-0974,2024-01-03,Manitoba,En ligne,Électronique,Clavier,1,98.31,0.1
ORD-105285,CUST-0652,2025-09-10,Manitoba,Téléphone,Vêtements,Veste,3,286.75,0.0
ORD-106333,CUST-0003,2024-05-10,Alberta,En ligne,Sports,Raquette,1,481.92,0.2
ORD-101322,CUST-1040,2024-02-25,Colombie-Britannique,Magasin,Sports,Raquette,3,340.86,0.05
ORD-107291,CUST-1478,2024-08-12,Manitoba,Magasin,Beauté,Maquillage,4,128.31,0.0
ORD-104541,CUST-0599,2025-10-15,Alberta,En ligne,Électronique,Casque audio,2,192.25,0.0
ORD-107155,CUST-0018,2025-01-02,Québec,Magasin,Vêtements,T-shirt,4,183.13,0.1
ORD-104504,CUST-0977,2024-12-15,Alberta,Téléphone,Maison,Mixeur,2,450.87,0.0
ORD-104323,CUST-0304,2025-09-08,Ontario,Téléphone,Sports,Sac sport,4,134.34,0.1
ORD-103282,CUST-0618,2024-01-24,Colombie-Britannique,Téléphone,Vêtements,Veste,3,124.02,0.1
ORD-106573,CUST-1072,2024-01-16,Québec,Magasin,Sports,Vélo,2,258.34,0.0
ORD-101197,CUST-1458,2025-01-05,Alberta,En ligne,Électronique,Tablette,4,350.8,0.15
ORD-105212,CUST-0015,2024-11-21,Ontario,Téléphone,Sports,Tapis yoga,5,203.39,0.1
ORD-106428,CUST-0224,2024-08-11,Alberta,Téléphone,Beauté,Maquillage,2,109.02,0.0
ORD-106631,CUST-1115,2025-08-30,Alberta,Téléphone,Maison,Mixeur,1,394.79,0.0
ORD-107177,CUST-0534,2024-12-09,Québec,Téléphone,Électronique,Casque audio,1,770.83,0.05
ORD-104706,CUST-0278,2024-02-04,Québec,Téléphone,Électronique,Clavier,5,37.46,0.1
ORD-106487,CUST-0413,2025-03-14,Ontario,Magasin,Beauté,Maquillage,2,134.92,0.0
ORD-103114,CUST-1035,2025-10-20,Québec,Magasin,Électronique,Écran,1,444.44,0.05
ORD-102885,CUST-1299,2024-04-26,Colombie-Britannique,Téléphone,Beauté,Crème,1,166.48,
ORD-105026,CUST-1255,2024-11-13,Ontario,Téléphone,Vêtements,Veste,1,287.44,0.0
ORD-104050,CUST-1124,2024-03-15,Colombie-Britannique,Magasin,Vêtements,Chaussures,3,90.96,0.05
ORD-100711,CUST-1330,2025-11-03,Manitoba,En ligne,Électronique,Souris,2,405.52,0.0
ORD-100354,CUST-0274,2024-01-03,Colombie-Britannique,En ligne,Beauté,Soin visage,1,42.78,0.1
ORD-107143,CUST-0492,2024-04-24,Québec,Magasin,Électronique,Casque audio,3,821.47,0.0
ORD-104151,CUST-0535,2025-12-25,Ontario,En ligne,Maison,Chaise,1,339.34,0.2
ORD-100048,CUST-0285,2025-01-31,Colombie-Britannique,Téléphone,Vêtements,Veste,3,200.67,0.0
ORD-105138,CUST-0149,2024-05-30,Manitoba,Téléphone,Sports,Ballon,2,461.06,0.0
ORD-100642,CUST-0459,2024-07-30,Manitoba,Téléphone,Sports,Ballon,1,300.92,0.05
ORD-102251,CUST-0305,2025-03-13,Manitoba,En ligne,Sports,Ballon,2,362.49,0.1
ORD-104371,CUST-0361,2024-07-08,Manitoba,Magasin,Beauté,Maquillage,4,249.19,0.1
ORD-100176,CUST-0307,2025-08-16,Ontario,Téléphone,Vêtements,Manteau,1,240.06,0.1
ORD-106621,CUST-0426,2025-06-13,Alberta,En ligne,Électronique,Clavier,1,65.44,0.1
ORD-106410,CUST-0765,2024-04-19,Québec,En ligne,Maison,Aspirateur,1,398.85,0.0
ORD-101172,CUST-0875,2025-02-27,Manitoba,En ligne,Vêtements,Manteau,4,261.11,0.1
ORD-100786,CUST-0892,2025-06-25,Ontario,Magasin,Vêtements,Manteau,1,75.28,0.1
ORD-102312,CUST-0588,2024-01-30,Colombie-Britannique,En ligne,Beauté,Shampoing,1,101.12,0.05
ORD-103322,CUST-0525,2025-12-10,Ontario,En ligne,Beauté,Parfum,1,139.9,0.15
ORD-106275,CUST-0780,2025-03-28,Québec,En ligne,Beauté,Parfum,5,186.93,0.1
ORD-104823,CUST-0026,2025-10-07,Manitoba,Téléphone,Sports,Tapis yoga,4,447.92,0.1
ORD-102970,CUST-1193,2024-09-05,Québec,Téléphone,Vêtements,Manteau,1,80.65,0.0
ORD-100994,CUST-0841,2025-07-15,Québec,Téléphone,Sports,Vélo,1,27.59,0.1
ORD-104159,CUST-0121,2024-06-21,Ontario,En ligne,Vêtements,Veste,1,260.56,0.05
ORD-100091,CUST-0724,2024-08-12,Colombie-Britannique,Magasin,Beauté,Maquillage,1,242.32,0.1
ORD-104728,CUST-1421,2025-04-28,Alberta,En ligne,Électronique,Souris,4,120.57,0.1
ORD-101765,CUST-0975,2025-04-27,Colombie-Britannique,Magasin,Maison,Aspirateur,2,363.61,0.1
ORD-107449,CUST-0008,2024-07-09,Alberta,Magasin,Sports,Vélo,4,165.24,0.05
ORD-105920,CUST-1018,2025-12-03,Ontario,Magasin,Beauté,Crème,1,128.06,0.1
ORD-103939,CUST-0129,2025-06-02,Manitoba,En ligne,Vêtements,Jean,1,183.33,0.0
ORD-102550,CUST-0783,2024-03-12,Colombie-Britannique,En ligne,Sports,Tapis yoga,1,56.34,0.0
ORD-102036,CUST-1405,2025-08-23,Alberta,En ligne,Sports,Raquette,1,209.48,0.0
ORD-100530,CUST-0099,2025-04-03,Alberta,Magasin,Maison,Lampe,1,96.62,0.0
ORD-106154,CUST-0140,2025-08-19,Ontario,En ligne,Beauté,Soin visage,1,-231.1,0.15
ORD-102862,CUST-0390,2025-05-11,Colombie-Britannique,En ligne,Beauté,Soin visage,4,88.06,0.1
ORD-105816,CUST-0796,2025-12-26,Alberta,En ligne,Maison,Chaise,2,430.36,0.1
ORD-102456,CUST-0877,2025-11-07,Alberta,Magasin,Électronique,Tablette,2,463.57,0.15
ORD-106995,CUST-0894,2025-05-29,Québec,Téléphone,Beauté,Soin visage,1,53.19,0.15
ORD-107884,CUST-0951,2024-01-28,Ontario,Téléphone,Beauté,Soin visage,1,233.63,0.1
ORD-104074,CUST-0222,2025-10-27,Québec,En ligne,Sports,Vélo,2,314.68,0.05
ORD-100106,CUST-1321,2025-12-26,Alberta,Téléphone,Vêtements,Jean,1,37.04,0.0
ORD-101287,CUST-0684,2024-09-28,Ontario,En ligne,Sports,Tapis yoga,3,121.78,0.0
ORD-103666,CUST-0537,2025-06-08,Québec,Téléphone,Maison,Mixeur,2,85.09,0.0
ORD-105086,CUST-0132,2024-06-25,Colombie-Britannique,En ligne,Vêtements,Chaussures,3,50.14,0.0
ORD-105810,CUST-0086,2025-03-16,Alberta,En ligne,Sports,Tapis yoga,3,119.07,0.1
ORD-103647,CUST-0727,2024-01-15,Alberta,En ligne,Électronique,Clavier,1,125.73,0.05
ORD-100131,CUST-0102,2025-06-07,Alberta,Magasin,Sports,Vélo,1,16.6,0.2
ORD-102865,CUST-0287,2024-06-24,Alberta,Téléphone,Vêtements,Manteau,3,262.19,0.05
ORD-102020,CUST-0196,2025-08-21,Manitoba,En ligne,Beauté,Shampoing,2,43.77,0.15
ORD-102944,CUST-1163,2025-09-22,Québec,Téléphone,Vêtements,Veste,4,176.42,0.1
ORD-104166,CUST-0041,2024-09-01,Manitoba,En ligne,Sports,Sac sport,2,84.57,0.0
ORD-102111,CUST-0726,2025-12-10,Alberta,En ligne,Sports,Ballon,1,392.98,0.0
ORD-105660,CUST-1117,2025-10-02,Colombie-Britannique,Téléphone,Sports,Sac sport,2,575.14,0.05
ORD-106866,CUST-0191,2025-11-25,Alberta,Téléphone,Maison,Chaise,2,426.07,0.0
ORD-104032,CUST-1204,2024-08-28,Ontario,Magasin,Beauté,Shampoing,1,189.97,0.0
ORD-102118,CUST-0240,2025-02-21,Colombie-Britannique,En ligne,Électronique,Écran,1,823.39,0.0
ORD-104778,CUST-0288,2024-04-22,Alberta,Téléphone,Beauté,Soin visage,1,69.56,0.05
ORD-104165,CUST-1008,2024-10-01,Colombie-Britannique,En ligne,Sports,Tapis yoga,1,60.36,0.15
ORD-107290,CUST-0479,2024-08-27,Québec,Téléphone,Maison,Chaise,3,114.16,0.15
ORD-107467,CUST-0337,2024-04-06,Manitoba,Téléphone,Sports,Ballon,3,322.99,0.0
ORD-104991,CUST-1255,2024-01-14,Colombie-Britannique,En ligne,Électronique,Casque audio,2,133.66,0.0
ORD-106347,CUST-0868,2024-10-09,Québec,En ligne,Vêtements,Chaussures,2,28.11,0.1
ORD-107382,CUST-0970,2024-11-03,Québec,Magasin,Électronique,Tablette,3,754.83,0.1
ORD-102585,CUST-0171,2025-10-01,Ontario,En ligne,Maison,Cafetière,5,22.7,0.2
ORD-105002,CUST-0898,2025-09-07,Colombie-Britannique,Téléphone,Vêtements,T-shirt,1,177.91,0.0
ORD-100694,CUST-0874,2025-02-12,Colombie-Britannique,En ligne,Sports,Raquette,5,589.45,0.1
ORD-104424,CUST-0724,2025-09-11,Ontario,Téléphone,Beauté,Shampoing,1,38.63,0.05
ORD-106499,CUST-1019,2025-04-19,Alberta,Téléphone,Vêtements,Chaussures,1,132.47,0.0
ORD-102445,CUST-1090,2025-11-03,Alberta,Magasin,Maison,Aspirateur,1,265.29,0.0
ORD-101042,CUST-0961,2025-02-23,Québec,Magasin,Électronique,Écran,1,676.52,0.0
ORD-101747,CUST-0579,2025-05-30,Manitoba,Magasin,Électronique,Écran,5,670.93,0.0
ORD-100167,CUST-1368,2025-08-06,Alberta,Magasin,Électronique,Souris,1,538.41,0.0
ORD-100093,CUST-0172,2024-01-13,Ontario,Magasin,Sports,Vélo,1,245.57,0.0
ORD-100367,CUST-0559,2024-06-07,Québec,En ligne,Électronique,Casque audio,4,326.8,0.1
ORD-102181,CUST-0331,2025-08-09,Québec,En ligne,Beauté,Crème,2,202.89,0.2
ORD-105940,CUST-0234,2024-01-26,Alberta,Magasin,Sports,Vélo,1,470.03,0.0
ORD-100835,CUST-0476,2025-05-25,Manitoba,En ligne,Beauté,Crème,1,107.54,0.1
ORD-106107,CUST-1335,2025-03-15,Québec,Magasin,Beauté,Crème,2,202.29,0.05
ORD-107445,CUST-1479,2024-07-11,Ontario,Magasin,Maison,Lampe,2,386.0,0.1
ORD-107420,CUST-1216,2025-02-13,Manitoba,Téléphone,Maison,Mixeur,3,324.29,0.1
ORD-106291,CUST-1253,2024-05-23,Colombie-Britannique,En ligne,Électronique,Casque audio,1,841.37,0.1
ORD-104680,CUST-0786,2025-04-08,Ontario,Magasin,Sports,Tapis yoga,1,505.05,0.0
ORD-102471,CUST-0263,2025-05-19,Alberta,Téléphone,Maison,Cafetière,2,324.57,0.1
ORD-106520,CUST-0720,2024-01-08,Colombie-Britannique,En ligne,Vêtements,Chaussures,3,255.58,0.05
ORD-106950,CUST-0052,2024-12-18,Colombie-Britannique,Magasin,Vêtements,Veste,3,173.98,0.0
ORD-104162,CUST-1265,2024-02-10,Colombie-Britannique,Téléphone,Électronique,Souris,3,378.28,0.15
ORD-106822,CUST-0055,2024-10-19,Québec,Magasin,Maison,Aspirateur,1,204.62,0.0
ORD-104704,CUST-0215,2024-04-12,Colombie-Britannique,Magasin,Électronique,Tablette,2,527.33,0.15
ORD-101883,CUST-0279,2025-03-05, québec ,En ligne,Beauté,Parfum,1,150.52,0.0
ORD-103527,CUST-0811,2025-05-07,Alberta,Téléphone,Vêtements,Jean,2,62.17,0.1
ORD-107664,CUST-1034,2025-07-16,Colombie-Britannique,Téléphone,Électronique,Souris,1,777.8,0.0
ORD-102592,CUST-0828,2024-07-05,Colombie-Britannique,Magasin,Électronique,Casque audio,3,738.49,0.0
ORD-104990,CUST-0864,2024-11-02,Ontario,Magasin,Vêtements,Manteau,1,224.87,0.1
ORD-105229,CUST-0462,2024-06-09,Colombie-Britannique,Téléphone,Maison,Cafetière,1,483.43,0.15
ORD-105328,CUST-0724,2025-05-02,Manitoba,Téléphone,Maison,Mixeur,2,332.81,0.0
ORD-104687,CUST-1255,2024-12-29,Québec,En ligne,Maison,Cafetière,3,56.48,0.05
ORD-105118,CUST-0116,2024-05-18,Alberta,Téléphone,Sports,Raquette,2,298.87,0.15
ORD-103350,CUST-0253,2024-10-29,Alberta,En ligne,Électronique,Clavier,1,766.87,0.0
ORD-101941,CUST-0133,2025-05-17,Manitoba,Téléphone,Maison,Lampe,1,39.26,0.2
ORD-106583,CUST-0762,2025-04-05,Alberta,Téléphone,Électronique,Souris,1,801.5,0.0
ORD-106956,CUST-1367,2024-05-12,Colombie-Britannique,Magasin,Électronique,Souris,3,433.57,0.1
ORD-107187,CUST-0479,2024-06-26,Ontario,En ligne,Sports,Raquette,2,87.48,0.0
ORD-102697,CUST-0379,2024-01-02,Manitoba,En ligne,Maison,Cafetière,2,208.98,0.05
ORD-107623,CUST-0964,2024-11-22,Ontario,Téléphone,Maison,Lampe,3,93.48,0.0
ORD-104852,CUST-1441,2024-09-07,Manitoba,Téléphone,Sports,Sac sport,2,396.69,0.1
ORD-104651,CUST-0315,2025-11-04,Ontario,En ligne,Maison,Cafetière,2,41.81,0.1
ORD-107080,CUST-0075,2025-09-11,Ontario,Téléphone,Électronique,Casque audio,2,213.42,0.2
ORD-101075,CUST-0221,2024-03-31,Alberta,En ligne,Beauté,Shampoing,3,180.2,0.0
ORD-105874,CUST-0287,2024-08-18,Québec,Téléphone,Beauté,Soin visage,2,188.82,0.05
ORD-107069,CUST-1346,2025-08-30,Ontario,Téléphone,Maison,Lampe,1,217.1,0.1
ORD-106946,CUST-1169,2024-05-24,Alberta,Magasin,Vêtements,Jean,1,217.03,0.1
ORD-100073,CUST-0154,2024-09-06,Ontario,En ligne,Électronique,Casque audio,3,75.57,0.0
ORD-104764,CUST-0110,2024-01-18,Colombie-Britannique,Téléphone,Électronique,Clavier,1,248.64,0.15
ORD-101905,CUST-0420,2024-10-02,Québec,Téléphone,Électronique,Écran,2,409.87,0.05
ORD-101176,CUST-0988,2025-06-18,,Magasin,Vêtements,Jean,1,40.6,0.05
ORD-105531,CUST-1476,2024-06-06,Ontario,En ligne,Électronique,Casque audio,2,135.7,0.05
ORD-103113,CUST-0301,2024-01-27,Colombie-Britannique,En ligne,Beauté,Crème,3,70.47,0.0
ORD-107763,CUST-0236,2025-06-16,Manitoba,Magasin,Sports,Tapis yoga,2,287.61,0.05
ORD-103038,CUST-0346,2025-06-22,Québec,En ligne,Maison,Aspirateur,2,216.59,0.1
ORD-103927,CUST-1054,2025-10-06,Ontario,Téléphone,Maison,Mixeur,1,318.71,0.05
ORD-101509,CUST-1291,2024-08-01,Ontario,Téléphone,Beauté,Parfum,2,17.46,0.05
ORD-101880,CUST-0097,2025-04-06,Manitoba,Magasin,Maison,Cafetière,1,307.26,0.0
ORD-105943,CUST-0061,2024-01-19,Colombie-Britannique,Téléphone,Électronique,Souris,1,174.59,0.15
ORD-103163,CUST-0267,2025-11-15,Ontario,Téléphone,Vêtements,Chaussures,2,57.93,0.05
ORD-107183,CUST-0497,2024-11-11,Manitoba,En ligne,Beauté,Parfum,1,191.74,0.0
ORD-106883,CUST-0399,2025-04-04,Manitoba,Magasin,Maison,Cafetière,3,455.72,0.0
ORD-100031,CUST-1244,2024-06-06,Manitoba,En ligne,Sports,Sac sport,1,457.15,0.0
ORD-107199,CUST-0215,2024-12-17,Ontario,Téléphone,Vêtements,Jean,1,244.71,0.2
ORD-103143,CUST-0406,2024-07-01,Ontario,En ligne,Beauté,Crème,1,29.06,0.05
ORD-104217,CUST-0637,2024-06-01,Ontario,Magasin,Vêtements,T-shirt,2,165.55,0.2
ORD-100168,CUST-0607,2024-06-14,Alberta,Magasin,Électronique,Tablette,1,374.51,0.05
ORD-103044,CUST-1343,2024-09-17,Québec,Magasin,Beauté,Shampoing,3,110.35,0.0
ORD-103567,CUST-0096,2024-03-06,Québec,En ligne,Beauté,Parfum,5,18.23,0.0
ORD-104660,CUST-1244,2024-10-02,Colombie-Britannique,Magasin,Électronique,Écran,2,483.66,0.15
ORD-101277,CUST-0078,2025-03-09,Québec,En ligne,Maison,Mixeur,2,476.03,0.0
ORD-106707,CUST-1332,2024-09-13,Manitoba,En ligne,Beauté,Soin visage,3,115.54,0.0
ORD-102223,CUST-1226,2025-02-26,Québec,Magasin,Maison,Cafetière,2,121.4,0.0
ORD-106804,CUST-0819,2024-09-01,Colombie-Britannique,Magasin,Beauté,Soin visage,2,178.98,0.1
ORD-105082,CUST-0299,2024-05-12,Colombie-Britannique,Magasin,Électronique,Souris,2,356.22,0.0
ORD-105556,CUST-0833,2024-11-17,Manitoba,Téléphone,Maison,Chaise,1,288.49,0.05
ORD-103365,CUST-1448,2024-01-05,Alberta,En ligne,Électronique,Casque audio,2,382.14,0.0
ORD-104715,CUST-1370,2025-12-04,Québec,Téléphone,Beauté,Soin visage,1,210.46,0.05
ORD-101730,CUST-1342,2024-01-19,Québec,Téléphone,Électronique,Écran,1,104.38,0.1
ORD-101726,CUST-0552,2024-12-09,Colombie-Britannique,Magasin,Maison,Chaise,4,269.64,0.05
ORD-101569,CUST-0172,2024-01-25,Québec,Téléphone,Électronique,Souris,1,738.16,0.0
ORD-100026,CUST-0510,2025-04-17,Alberta,Magasin,Électronique,Souris,4,559.56,0.0
ORD-101820,CUST-0462,2024-04-26,Ontario,Téléphone,Sports,Sac sport,1,286.9,0.05
ORD-104845,CUST-1453,2024-10-19,Québec,Téléphone,Électronique,Tablette,1,166.96,0.0
ORD-102894,CUST-1166,2024-11-07,Ontario,Téléphone,Électronique,Souris,5,189.53,0.1
ORD-105682,CUST-1013,2025-07-24,Québec,En ligne,Sports,Raquette,2,403.17,0.0
ORD-102388,CUST-0730,2025-05-13,Alberta,Magasin,Vêtements,T-shirt,1,171.1,0.15
ORD-103375,CUST-0343,2024-03-14,Colombie-Britannique,Magasin,Sports,Raquette,3,566.09,0.1
ORD-103362,CUST-0187,2025-04-08,Colombie-Britannique,En ligne,Sports,Raquette,4,46.49,0.15
ORD-107231,CUST-1453,2025-11-13,Colombie-Britannique,En ligne,Électronique,Écran,3,872.57,0.1
ORD-100500,CUST-1311,2025-04-16,Manitoba,Magasin,Vêtements,Chaussures,1,83.4,0.1
ORD-106368,CUST-0629,2025-01-21,Alberta,En ligne,Vêtements,Jean,3,249.54,0.05
ORD-100437,CUST-0071,2024-09-25,Manitoba,En ligne,Beauté,Soin visage,1,44.28,0.1
ORD-107979,CUST-0612,2025-01-19,Colombie-Britannique,En ligne,Beauté,Soin visage,1,162.79,0.0
ORD-103519,CUST-0964,2025-10-19,Manitoba,En ligne,Maison,Mixeur,2,492.55,0.0
ORD-106050,CUST-0943,2025-11-24,Québec,Magasin,Électronique,Écran,3,772.67,0.2
ORD-105979,CUST-0189,2024-07-11,Québec,Magasin,Vêtements,Chaussures,1,80.22,0.05
ORD-104574,CUST-0863,2024-05-01,Ontario,Magasin,Sports,Tapis yoga,1,268.69,0.0
ORD-103792,CUST-0766,2025-05-01,Colombie-Britannique,En ligne,Beauté,Maquillage,3,217.18,0.15
ORD-106634,CUST-1452,2024-07-05,Ontario,Téléphone,Maison,Chaise,4,50.11,0.05
ORD-106443,CUST-0984,2024-08-08,Manitoba,En ligne,Vêtements,Chaussures,4,22.89,0.1
ORD-106250,CUST-0986,2025-05-21,Québec,Téléphone,Vêtements,Veste,1,80.91,0.0
ORD-105773,CUST-0810,2024-10-15,Québec,En ligne,Maison,Mixeur,2,201.19,0.0
ORD-105313,CUST-0841,2024-01-16,Alberta,Magasin,Sports,Sac sport,1,27.5,0.05
ORD-105120,CUST-0392,2024-05-20,Québec,Magasin,Vêtements,Jean,1,253.16,0.1
ORD-101840,CUST-0616,2024-06-06,Alberta,En ligne,Sports,Tapis yoga,2,184.14,0.2
ORD-107787,CUST-0124,2024-03-11,Québec,En ligne,Maison,Cafetière,1,132.36,0.0
ORD-105839,CUST-1191,2024-12-10,Ontario,Magasin,Beauté,Soin visage,3,130.55,0.05
ORD-104338,CUST-0174,2024-08-06,Colombie-Britannique,En ligne,Vêtements,Manteau,1,81.22,0.1
ORD-105571,CUST-0724,2024-10-06,Manitoba,Téléphone,Vêtements,Chaussures,1,88.44,0.05
ORD-107695,CUST-1369,2024-01-23,Ontario,Téléphone,Sports,Raquette,2,88.02,0.0
ORD-103859,CUST-0520,2024-02-15,Ontario,En ligne,Vêtements,T-shirt,1,262.95,0.15
ORD-101832,CUST-0561,2024-03-18,Colombie-Britannique,Magasin,Vêtements,Chaussures,1,111.2,0.05
ORD-100534,CUST-0520,2024-03-30,Colombie-Britannique,En ligne,Sports,Ballon,1,232.52,0.0
ORD-101199,CUST-0601,2024-04-04,Alberta,Magasin,Électronique,Casque audio,5,557.35,0.1
ORD-100585,CUST-0197,2025-07-07,Manitoba,Téléphone,Électronique,Casque audio,1,743.96,0.15
ORD-101566,CUST-0380,2025-09-05,Alberta,Magasin,Vêtements,Chaussures,2,269.16,0.15
ORD-104668,CUST-0219,2024-02-14,Québec,Magasin,Maison,Lampe,1,300.25,0.0
ORD-105492,CUST-1015,2024-12-10,Manitoba,Téléphone,Beauté,Soin visage,3,125.31,0.0
ORD-101616,CUST-0835,2025-12-02,Ontario,Magasin,Sports,Ballon,1,89.11,0.1
ORD-105993,CUST-0201,2025-01-28,Alberta,Magasin,Vêtements,Veste,1,297.37,0.1
ORD-106579,CUST-1107,2024-08-24,Manitoba,En ligne,Maison,Lampe,1,92.22,0.05
ORD-100491,CUST-0714,2024-12-29,Manitoba,Téléphone,Beauté,Shampoing,2,157.63,0.15
ORD-105230,CUST-0462,2024-06-06,Colombie-Britannique,Magasin,Vêtements,Manteau,3,188.97,0.15
ORD-105981,CUST-0690,2025-01-02,Manitoba,En ligne,Vêtements,Manteau,1,234.36,0.05
ORD-101144,CUST-1488,2024-09-02,Manitoba,Téléphone,Électronique,Casque audio,3,514.32,0.1
ORD-103378,CUST-1324,2025-06-04,Colombie-Britannique,Magasin,Électronique,Clavier,1,854.36,0.1
ORD-102142,CUST-0426,2025-03-01,Alberta,Magasin,Sports,Ballon,1,675.9,0.05
ORD-107009,CUST-1293,2024-07-09,Colombie-Britannique,Magasin,Électronique,Casque audio,5,470.18,0.1
ORD-100852,CUST-1127,2025-01-30,Alberta,Téléphone,Beauté,Parfum,2,74.38,0.2
ORD-104379,CUST-0948,2024-06-09,Colombie-Britannique,Téléphone,Électronique,Clavier,2,78.37,0.05
ORD-102492,CUST-1395,2024-04-18,Alberta,En ligne,Sports,Ballon,1,315.93,0.0
ORD-101623,CUST-0129,2024-12-06,Ontario,Magasin,Électronique,Écran,1,768.14,0.1
ORD-106752,CUST-1228,2025-05-14,Manitoba,En ligne,Maison,Lampe,4,389.19,0.0
ORD-105054,CUST-0794,2025-11-10,Manitoba,Magasin,Beauté,Soin visage,3,173.65,0.0
ORD-103107,CUST-0331,2024-01-11,Colombie-Britannique,Magasin,Électronique,Écran,3,202.32,0.0
ORD-103658,CUST-1263,2024-09-06,Alberta,Téléphone,Beauté,Maquillage,2,203.35,0.15
ORD-100397,CUST-1152,2025-03-27,Ontario,Magasin,Électronique,Casque audio,1,176.03,0.1
ORD-106157,CUST-0540,2024-10-12,Alberta,Magasin,Sports,Sac sport,3,236.93,0.0
ORD-103861,CUST-0654,2024-11-12,Alberta,En ligne,Vêtements,Chaussures,2,101.11,0.0
ORD-100401,CUST-1400,2024-01-22,Alberta,Magasin,Maison,Lampe,1,168.7,0.0
ORD-103749,CUST-1150,2025-12-10,Manitoba,Téléphone,Beauté,Parfum,1,62.2,0.1
ORD-104269,CUST-0382,2024-04-13,Ontario,Téléphone,Électronique,Casque audio,4,477.15,0.15
ORD-103196,CUST-0868,2024-03-31,Colombie-Britannique,Téléphone,Sports,Raquette,2,61.5,0.05
ORD-104738,CUST-1294,2025-08-02,Québec,Magasin,Vêtements,T-shirt,1,250.41,0.1
ORD-105688,CUST-0330,2024-05-11,Ontario,Magasin,Vêtements,T-shirt,2,92.79,0.15
ORD-105862,CUST-0993,2025-03-17,Colombie-Britannique,En ligne,Maison,Lampe,1,213.74,0.2
ORD-105992,CUST-0776,2025-02-12,Colombie-Britannique,Téléphone,Électronique,Tablette,1,529.91,0.05
ORD-104712,CUST-0450,2025-05-15,Alberta,Magasin,Beauté,Parfum,2,243.32,0.1
ORD-100573,CUST-0330,2025-10-11,Québec,Téléphone,Électronique,Écran,3,152.08,0.0
ORD-104246,CUST-0408,2025-02-14,Québec,Magasin,Vêtements,Chaussures,1,263.6,0.15
ORD-103133,CUST-0595,2024-09-25,Alberta,En ligne,Beauté,Soin visage,4,10.46,0.1
ORD-104409,CUST-0093,2025-03-08,Alberta,Téléphone,Électronique,Écran,2,534.78,0.0
ORD-107085,CUST-0381,2024-03-18,Manitoba,Téléphone,Sports,Tapis yoga,1,441.74,0.0
ORD-100535,CUST-1095,2024-06-28,Colombie-Britannique,Magasin,Beauté,Maquillage,1,77.14,0.0
ORD-107198,CUST-0093,2025-05-22,Alberta,Téléphone,Beauté,Shampoing,1,199.78,0.0
ORD-105165,CUST-0234,2024-05-20,Québec,Téléphone,Sports,Ballon,1,340.38,0.0
ORD-105594,CUST-0932,2024-05-04,Ontario,Magasin,Électronique,Souris,3,443.48,0.05
ORD-107772,CUST-1133,2024-07-05,Manitoba,MAGASIN,Beauté,Crème,3,72.71,0.1
ORD-104295,CUST-0514,2024-06-26,Manitoba,Magasin,Maison,Mixeur,3,124.72,0.0
ORD-103838,CUST-0480,2024-03-03,Colombie-Britannique,En ligne,Beauté,Maquillage,1,176.12,0.0
ORD-105557,CUST-1337,2024-03-12,Manitoba,Magasin,Vêtements,T-shirt,2,220.33,0.1
ORD-100473,CUST-0276,2024-02-19,Ontario,Téléphone,Sports,Tapis yoga,1,159.39,0.0
ORD-105607,CUST-1355,2025-09-30,Québec,Magasin,Maison,Aspirateur,3,168.1,0.0
ORD-103433,CUST-1381,2025-07-15,Alberta,En ligne,Électronique,Clavier,2,722.72,0.15
ORD-100881,,2025-05-14,Manitoba,Magasin,Maison,Chaise,2,311.77,0.05
ORD-106127,,2024-09-05,Alberta,En ligne,Beauté,Crème,1,123.49,0.0
ORD-105440,CUST-1267,2025-04-12,Ontario,En ligne,Vêtements,Jean,2,169.12,0.05
ORD-101649,CUST-1176,2024-12-12,Alberta,En ligne,Électronique,Clavier,2,117.75,0.05
ORD-107178,CUST-0806,2025-01-16,Québec,Magasin,Sports,Tapis yoga,3,622.43,0.05
ORD-100469,CUST-0926,2025-12-21,Colombie-Britannique,Téléphone,Vêtements,Veste,1,24.05,0.05
ORD-106034,CUST-0451,2024-08-23,Colombie-Britannique,En ligne,Beauté,Crème,3,60.68,0.0
ORD-101507,CUST-1213,2024-11-01,Ontario,En ligne,Électronique,Tablette,1,841.03,0.0
ORD-100247,CUST-1384,2024-08-25,Colombie-Britannique,Téléphone,Maison,Chaise,3,241.06,0.15
ORD-104401,CUST-0707,2027-01-15,Manitoba,Magasin,Sports,Tapis yoga,1,134.82,0.05
ORD-106091,CUST-1118,2025-02-25,Alberta,En ligne,Beauté,Soin visage,3,236.01,0.05
ORD-100865,CUST-1078,2024-02-03,Ontario,Téléphone,Beauté,Crème,5,159.37,0.05
ORD-100761,CUST-0006,2025-09-28,Ontario,En ligne,Électronique,Écran,2,331.96,0.0
ORD-102644,CUST-0504,2024-01-26,Manitoba,En ligne,Sports,Tapis yoga,1,269.51,0.05
ORD-101850,CUST-0497,2024-03-29,Manitoba,Téléphone,Sports,Tapis yoga,1,218.46,0.1
ORD-101665,CUST-0024,2024-08-08,Alberta,En ligne,Maison,Chaise,2,356.47,0.15
ORD-101295,CUST-0066,2025-07-10,Ontario,Téléphone,Vêtements,Manteau,4,255.39,0.1
ORD-104581,CUST-0563,2025-04-20,Colombie-Britannique,Magasin,Électronique,Casque audio,1,463.95,0.0
ORD-100425,CUST-0088,2024-07-25,Québec,Téléphone,Beauté,Maquillage,2,107.83,0.05
ORD-105634,CUST-0139,2024-01-19,Québec,Téléphone,Maison,Mixeur,3,402.78,0.1
ORD-103260,CUST-0728,2025-03-21,Manitoba,Magasin,Sports,Tapis yoga,5,506.32,0.0
ORD-104782,CUST-1022,2025-10-25,Alberta,Téléphone,Électronique,Souris,3,653.58,0.05
ORD-100228,CUST-0382,2025-11-20,Manitoba,Téléphone,Sports,Vélo,2,146.37,0.0
ORD-107211,CUST-0896,2024-06-06,Ontario,En ligne,Maison,Cafetière,3,25.83,0.15
ORD-105537,CUST-1042,2025-04-11,Colombie-Britannique,En ligne,Maison,Aspirateur,2,165.1,0.1
ORD-100693,CUST-1009,2024-08-06,Manitoba,Téléphone,Beauté,Soin visage,5,118.07,0.0
ORD-101041,CUST-1080,2024-08-10,Alberta,En ligne,Maison,Cafetière,2,298.32,0.0
ORD-102699,CUST-1456,2024-05-09,Colombie-Britannique,Magasin,Sports,Vélo,1,168.83,0.15
ORD-106864,CUST-0376,2025-02-06,Colombie-Britannique,En ligne,Sports,Sac sport,2,544.22,0.0
ORD-101867,CUST-0190,2025-08-25,Manitoba,Téléphone,Maison,Lampe,1,430.94,0.0
ORD-103593,CUST-0784,2025-11-01,Ontario,En ligne,Électronique,Clavier,1,142.61,0.05
ORD-103966,CUST-1114,2024-05-18,Alberta,En ligne,Vêtements,Manteau,1,28.34,0.05
ORD-103484,CUST-0614,2025-01-07,Ontario,En ligne,Électronique,Souris,4,184.7,0.0
ORD-106119,CUST-0142,2025-03-25,Manitoba,Téléphone,Beauté,Parfum,3,161.52,0.1
ORD-104650,CUST-0652,2024-11-05,Colombie-Britannique,En ligne,Maison,Cafetière,1,395.02,0.05
ORD-101128,CUST-1069,2025-04-16,Alberta,Téléphone,Sports,Vélo,2,125.01,0.0
ORD-105547,CUST-1401,2025-04-29,Ontario,Téléphone,Électronique,Souris,1,601.71,0.05
ORD-103620,CUST-0441,2025-08-17,Ontario,En ligne,Beauté,Soin visage,3,90.4,0.1
ORD-103782,CUST-1073,2024-09-10,Alberta,Magasin,Électronique,Écran,4,223.43,0.15
ORD-100058,CUST-1446,2024-12-04,Manitoba,Magasin,Électronique,Écran,4,161.81,0.05
ORD-102929,CUST-0204,2024-05-25,Colombie-Britannique,Téléphone,Maison,Lampe,1,386.04,0.0
ORD-102698,CUST-1309,2025-06-26,Ontario,En ligne,Électronique,Clavier,1,560.61,0.1
ORD-107834,CUST-0874,2025-12-04,Manitoba,En ligne,Vêtements,Jean,2,242.64,0.1
ORD-101385,CUST-1321,2024-12-03,Alberta,Téléphone,Sports,Vélo,1,68.18,0.1
ORD-102948,CUST-0447,2024-09-13,Manitoba,En ligne,Beauté,Shampoing,4,180.99,0.05
ORD-100096,CUST-0798,2024-10-17,Manitoba,Magasin,Vêtements,Manteau,1,241.65,0.0
ORD-103790,CUST-1035,2025-04-12,Manitoba,Téléphone,Électronique,Casque audio,3,383.64,0.1
ORD-100960,CUST-0981,2024-12-18,Colombie-Britannique,Téléphone,Électronique,Clavier,2,805.89,0.05
ORD-101699,CUST-1067,2024-01-29,Ontario,Magasin,Sports,Raquette,2,320.41,0.0
ORD-107781,CUST-1191,2024-04-02,Ontario,Magasin,Sports,Vélo,1,217.97,0.0
ORD-100877,CUST-1387,2025-10-30,Alberta,Téléphone,Sports,Raquette,1,648.82,0.15
ORD-104532,CUST-0839,2024-12-17,Alberta,En ligne,Électronique,Clavier,2,712.24,0.15
ORD-100156,CUST-0335,2024-08-09,Manitoba,Magasin,Sports,Tapis yoga,1,590.48,0.05
ORD-106082,CUST-0722,2024-10-02,Colombie-Britannique,Téléphone,Beauté,Shampoing,2,143.91,0.05
ORD-103262,CUST-0137,2025-10-01,Manitoba,En ligne,Électronique,Souris,4,292.84,0.05
ORD-100611,CUST-1093,2024-09-03,Manitoba,Téléphone,Électronique,Tablette,3,841.83,0.0
ORD-102691,CUST-1048,2024-02-12,Ontario,Magasin,Sports,Sac sport,2,241.72,0.05
ORD-103003,CUST-1343,2025-11-27,Québec,Magasin,Maison,Mixeur,1,291.72,0.1
ORD-101188,CUST-0960,2025-05-17,Manitoba,Magasin,Vêtements,Veste,1,237.29,0.1
ORD-104280,CUST-0492,2025-06-30,Alberta,Téléphone,Vêtements,Jean,2,217.49,0.0
ORD-100447,CUST-1338,2025-05-14,Québec,Téléphone,Maison,Aspirateur,3,380.84,0.1
ORD-106014,CUST-0335,2025-08-06,Colombie-Britannique,Téléphone,Maison,Mixeur,3,441.86,0.05
ORD-107277,CUST-0265,2024-10-24,Colombie-Britannique,Téléphone,Maison,Cafetière,1,96.42,0.05
ORD-101618,CUST-0210,2025-09-18,Alberta,Magasin,Électronique,Clavier,4,405.52,0.0
ORD-100592,CUST-1339,2025-03-19,Québec,Téléphone,Électronique,Écran,4,113.84,0.0
ORD-104842,CUST-0678,2025-02-07,Colombie-Britannique,En ligne,Électronique,Souris,4,86.12,0.0
ORD-103006,CUST-0884,2024-05-12,Ontario,Magasin,Électronique,Souris,1,275.14,0.1
ORD-107251,CUST-1248,2024-07-13,Ontario,En ligne,Beauté,Maquillage,2,238.23,0.15
ORD-107646,CUST-0120,2024-04-06, ontario ,En ligne,Maison,Mixeur,2,222.71,0.0
ORD-106282,CUST-0784,2024-10-05,Colombie-Britannique,Magasin,Sports,Tapis yoga,1,213.45,0.1
ORD-106533,CUST-0257,2025-05-30,Colombie-Britannique,En ligne,Électronique,Souris,2,257.58,0.05
ORD-100847,CUST-0733,2024-01-09,Québec,Magasin,Vêtements,T-shirt,4,152.9,0.1
ORD-101561,CUST-0973,2025-10-11,Ontario,Magasin,Électronique,Casque audio,1,78.18,0.0
ORD-100624,CUST-0464,2024-08-17,Colombie-Britannique,Téléphone,Sports,Vélo,1,51.74,0.1
ORD-107031,CUST-0136,2025-04-28,Colombie-Britannique,Magasin,Vêtements,Manteau,4,279.16,0.05
ORD-106673,CUST-0314,2025-08-17,Ontario,Téléphone,Maison,Mixeur,4,279.11,0.05
ORD-103296,CUST-0461,2025-12-18,Manitoba,En ligne,Maison,Cafetière,1,165.39,0.05
ORD-102229,CUST-1243,2024-10-03,Ontario,En ligne,Beauté,Shampoing,1,14.98,0.05
ORD-104421,CUST-0980,2024-02-04,Québec,Magasin,Électronique,Clavier,2,774.45,0.1
ORD-100756,CUST-0264,2024-02-27,Ontario,Magasin,Beauté,Parfum,2,16.0,0.1
ORD-104084,CUST-0187,2024-02-24,Ontario,En ligne,Vêtements,T-shirt,2,230.88,0.0
ORD-104838,CUST-0385,2025-04-26,Alberta,Magasin,Électronique,Souris,1,362.19,0.2
ORD-105837,CUST-1201,2024-08-09,Québec,En ligne,Beauté,Shampoing,5,32.46,0.05
ORD-107319,CUST-0277,2024-05-17,Ontario,Magasin,Électronique,Souris,1,876.35,0.05
ORD-103404,CUST-1023,2025-03-25,Alberta,Magasin,Maison,Mixeur,1,102.88,
ORD-104382,CUST-0156,2024-04-19,Manitoba,En ligne,Maison,Aspirateur,4,378.97,0.15
ORD-106603,CUST-0929,2025-04-03,Alberta,En ligne,Maison,Lampe,3,343.53,0.0
ORD-106474,CUST-0328,2024-06-01,Colombie-Britannique,En ligne,Sports,Tapis yoga,2,382.23,0.0
ORD-103071,CUST-0513,2024-06-19,Ontario,En ligne,Vêtements,T-shirt,1,260.33,0.1
ORD-105763,CUST-0510,2025-05-27,Québec,Magasin,Vêtements,Chaussures,4,251.45,0.05
ORD-101515,CUST-0819,2024-10-28,Colombie-Britannique,En ligne,Sports,Sac sport,3,536.52,0.0
ORD-107014,CUST-0744,2024-06-08,Ontario,Téléphone,Vêtements,T-shirt,4,178.46,0.0
ORD-100764,CUST-1482,2025-06-30,Colombie-Britannique,Téléphone,Sports,Sac sport,1,346.25,0.0
ORD-101882,CUST-0430,2025-09-05,Manitoba,Magasin,Électronique,Clavier,1,870.06,0.0
ORD-102795,CUST-1223,2025-05-11,Québec,Magasin,Sports,Vélo,5,519.68,0.0
ORD-107688,CUST-1039,2025-07-18,Alberta,Téléphone,Maison,Chaise,2,364.16,0.0
ORD-107325,CUST-0309,2024-01-18,Québec,Téléphone,Beauté,Maquillage,1,241.47,0.1
ORD-101755,CUST-0509,2024-10-29,Ontario,En ligne,Électronique,Casque audio,4,851.94,0.0
ORD-101259,CUST-0947,2024-04-19,Alberta,En ligne,Maison,Chaise,3,256.65,0.05
ORD-104708,CUST-1475,2024-05-04,Québec,Téléphone,Vêtements,Jean,1,101.06,0.0
ORD-103892,CUST-0073,2024-06-04,Alberta,Magasin,Sports,Raquette,2,73.12,0.0
ORD-101024,CUST-1062,2025-02-28,Alberta,Magasin,Maison,Chaise,2,110.19,0.1
ORD-103826,CUST-0040,2024-07-05,Alberta,Téléphone,Beauté,Shampoing,1,84.86,0.05
ORD-100752,CUST-1413,2024-08-05,Manitoba,Magasin,Beauté,Shampoing,1,229.33,0.2
ORD-101339,CUST-0202,2025-03-20,Manitoba,Magasin,Maison,Mixeur,3,232.57,0.0
ORD-106537,CUST-0768,2024-07-01,Québec,Magasin,Beauté,Crème,1,214.87,0.0
ORD-100351,CUST-0913,2024-04-10,Colombie-Britannique,Magasin,Électronique,Tablette,2,583.7,0.2
ORD-102722,CUST-0053,2024-09-18,Québec,En ligne,Électronique,Écran,1,848.84,0.15
ORD-101562,CUST-0759,2024-09-04,Alberta,En ligne,Vêtements,Chaussures,1,279.75,0.15
ORD-104266,CUST-0168,2025-11-20,Colombie-Britannique,Téléphone,Électronique,Clavier,2,569.81,0.05
ORD-101502,CUST-0484,2025-03-12,Ontario,Téléphone,Sports,Raquette,1,237.9,0.0
ORD-103017,CUST-1180,2025-01-17,Colombie-Britannique,Magasin,Électronique,,3,601.44,0.0
ORD-101452,CUST-0506,2024-10-07,Alberta,Téléphone,Vêtements,Veste,1,236.27,0.05
ORD-103131,CUST-1098,2024-02-19,Ontario,Téléphone,Maison,Mixeur,3,146.86,0.1
ORD-100561,CUST-0131,2024-07-06,Alberta,Magasin,Maison,Chaise,3,304.3,0.1
ORD-106135,CUST-0568,2024-05-30,Manitoba,Téléphone,Maison,Aspirateur,4,135.23,0.0
ORD-104550,CUST-0543,2024-02-27,Manitoba,Téléphone,Vêtements,Veste,1,66.93,0.15
ORD-104160,CUST-0271,2024-02-22,Alberta,EN LIGNE,Électronique,Tablette,2,272.54,0.2
ORD-106551,CUST-0777,2024-06-03,Colombie-Britannique,Magasin,Vêtements,Manteau,2,229.9,0.05
ORD-102498,CUST-0685,2024-07-31,Québec,En ligne,Sports,Raquette,3,316.21,0.15
ORD-101811,CUST-0911,2024-05-07,Alberta,En ligne,Électronique,Souris,1,837.49,0.0
ORD-101047,CUST-0828,2025-03-06,Alberta,En ligne,Beauté,Crème,2,17.4,0.15
ORD-107940,CUST-0769,2024-01-12,Alberta,Téléphone,Beauté,Maquillage,2,110.14,0.1
ORD-104512,CUST-0119,2024-12-19,Colombie-Britannique,En ligne,Vêtements,Manteau,2,187.02,0.0
ORD-100414,CUST-1188,2024-03-23,Québec,En ligne,Vêtements,T-shirt,1,181.13,0.0
ORD-106951,CUST-1013,2024-06-28,Québec,Magasin,Maison,Aspirateur,3,50.42,0.0
ORD-104313,CUST-1065,2025-06-23,Manitoba,Magasin,Sports,Ballon,1,430.56,0.1
ORD-103734,CUST-0749,2025-06-03,Colombie-Britannique,Téléphone,Sports,Tapis yoga,1,59.86,0.1
ORD-101965,CUST-1317,2024-11-29,Alberta,Téléphone,Beauté,Shampoing,1,177.4,0.05
ORD-105781,CUST-1387,2024-04-16,Québec,Téléphone,Vêtements,Manteau,2,94.02,0.0
ORD-104377,CUST-0991,2025-09-25,Colombie-Britannique,En ligne,Sports,Vélo,1,241.63,0.0
ORD-103921,CUST-0371,2024-07-02,Colombie-Britannique,En ligne,Vêtements,Veste,4,204.27,0.2
ORD-106772,CUST-1451,2025-03-27,Ontario,En ligne,Vêtements,T-shirt,2,209.52,0.0
ORD-101407,CUST-0185,2024-12-04,Alberta,En ligne,Électronique,Clavier,2,529.87,0.15
ORD-102372,CUST-1385,2024-09-26,Manitoba,Téléphone,Beauté,Maquillage,2,153.75,0.0
ORD-106495,CUST-0868,2024-09-30,Québec,En ligne,Maison,Chaise,1,160.9,0.0
ORD-106965,CUST-1187,2024-10-25,Ontario,Magasin,Électronique,Casque audio,2,530.87,0.0
ORD-107446,CUST-0567,2025-04-14,Ontario,Magasin,Maison,Cafetière,3,177.45,0.05
ORD-100842,CUST-0236,2024-07-01,Manitoba,En ligne,Maison,Lampe,0,237.32,0.15
ORD-101146,,2024-04-08,Colombie-Britannique,Téléphone,Sports,Tapis yoga,1,116.73,0.05
ORD-102287,CUST-0944,2025-10-20,Colombie-Britannique,Téléphone,Vêtements,T-shirt,2,288.74,0.0
ORD-101871,CUST-1419,2025-05-27,Manitoba,En ligne,Vêtements,T-shirt,3,57.96,0.0
ORD-106574,CUST-0736,2025-06-24,Québec,Magasin,Sports,Sac sport,1,624.06,0.15
ORD-101253,CUST-1446,2024-07-25,Québec,Téléphone,Sports,Ballon,5,592.86,0.0
ORD-103685,CUST-1342,2024-08-12,Québec,Magasin,Vêtements,Veste,2,217.32,0.1
ORD-101501,CUST-1258,2024-10-24,Colombie-Britannique,Magasin,Maison,Lampe,2,472.94,0.1
ORD-107285,CUST-0999,2024-05-14,Québec,En ligne,Maison,Lampe,1,409.2,0.1
ORD-102867,CUST-0978,2024-11-30,Québec,En ligne,Électronique,Tablette,5,235.08,0.05
ORD-105648,CUST-0891,2024-05-22,Alberta,Téléphone,Beauté,Parfum,2,238.26,0.0
ORD-106273,CUST-0881,2024-03-09,Colombie-Britannique,Téléphone,Sports,Ballon,1,78.02,0.05
ORD-100378,CUST-1289,2025-03-13,Alberta,En ligne,Électronique,Tablette,2,608.01,0.0
ORD-104078,CUST-0828,2025-01-13, colombie-britannique ,En ligne,Vêtements,Manteau,1,222.59,0.15
ORD-105452,CUST-1152,2025-06-06,Ontario,Magasin,Beauté,Maquillage,1,60.32,0.1
ORD-104391,CUST-0430,2025-06-03,Manitoba,Magasin,Maison,Lampe,2,69.39,0.0
ORD-101438,CUST-0976,2025-05-02,Ontario,Téléphone,Électronique,Tablette,3,317.27,0.1
ORD-106746,CUST-1499,2025-11-22,Colombie-Britannique,En ligne,Vêtements,T-shirt,5,201.66,0.1
ORD-104240,CUST-0929,2024-11-03,Québec,Téléphone,Maison,Lampe,1,403.16,0.1
ORD-103194,CUST-0553,2025-04-03,Alberta,Téléphone,Maison,Aspirateur,4,415.64,0.2
ORD-105317,CUST-0575,2025-02-03,Ontario,Téléphone,Vêtements,Jean,2,142.79,0.0
ORD-104490,CUST-1384,2025-10-25,Alberta,Magasin,Beauté,Maquillage,3,38.83,0.1
ORD-102291,CUST-1375,2025-06-30,Alberta,Magasin,Sports,Sac sport,1,122.6,0.0
ORD-107754,CUST-0667,2025-01-02,Alberta,Téléphone,Beauté,Parfum,1,138.79,0.05
ORD-104417,CUST-0569,2024-08-30,Alberta,En ligne,Électronique,Souris,3,524.97,0.0
ORD-104896,CUST-0737,2024-03-13,Québec,En ligne,Beauté,Parfum,3,168.19,0.1
ORD-101480,CUST-0178,2025-05-01,Ontario,Magasin,Sports,Vélo,5,78.09,0.0
ORD-104407,CUST-0114,2025-09-08,Manitoba,Magasin,Électronique,Casque audio,2,51.17,0.1
ORD-101922,CUST-0116,2025-11-16,Manitoba,En ligne,Vêtements,Veste,1,265.21,0.0
ORD-104932,CUST-0855,2025-08-04,Alberta,En ligne,Maison,Mixeur,1,275.12,0.15
ORD-106942,CUST-0508,2025-11-02,Alberta,Téléphone,Maison,Lampe,1,122.49,0.0
ORD-106060,CUST-1479,2025-03-15,Québec,Magasin,Vêtements,T-shirt,2,296.84,0.05
ORD-106780,CUST-1364,2025-09-27,Alberta,Téléphone,Vêtements,T-shirt,1,112.28,0.1
ORD-104897,CUST-1068,2025-03-28,Manitoba,Magasin,Vêtements,Veste,1,209.0,0.0
ORD-102405,CUST-0923,2024-10-14,Alberta,Magasin,Sports,Raquette,1,520.91,0.05
ORD-105062,CUST-1131,2024-02-21,Colombie-Britannique,Magasin,Électronique,Casque audio,1,534.85,0.1
ORD-104750,CUST-0806,2024-02-11,Québec,Magasin,Sports,Raquette,2,469.02,0.05
ORD-106630,CUST-0739,2024-08-14,Québec,Magasin,Sports,Ballon,3,491.67,0.05
ORD-101175,CUST-0013,2025-08-25,Ontario,Magasin,Électronique,Casque audio,1,342.91,0.0
ORD-107336,CUST-1102,2025-08-26,Manitoba,En ligne,Vêtements,Veste,1,145.79,0.05
ORD-105866,CUST-1045,2025-10-07,Manitoba,En ligne,Maison,Lampe,3,81.22,0.2
ORD-103007,CUST-1172,2025-11-29,Manitoba,En ligne,Beauté,Parfum,1,165.55,0.05
ORD-106512,CUST-0628,2024-09-06,Manitoba,Magasin,Beauté,Maquillage,3,242.35,0.15
ORD-105201,CUST-1022,2024-03-24,Ontario,En ligne,Sports,Sac sport,1,641.63,0.0
ORD-107932,CUST-0535,2024-08-28,Manitoba,En ligne,Sports,Tapis yoga,1,448.41,0.1
ORD-107949,CUST-1257,2024-09-10,Manitoba,En ligne,Électronique,Souris,4,681.24,0.0
ORD-100547,CUST-1120,2025-01-15,Ontario,En ligne,Maison,Mixeur,1,201.49,0.0
ORD-105253,CUST-1450,2024-10-21,Ontario,Magasin,Vêtements,Veste,3,25.03,0.05
ORD-106307,CUST-0382,2025-12-17,Alberta,Téléphone,Électronique,Tablette,1,466.35,0.2
ORD-105033,CUST-0825,2025-05-21,Colombie-Britannique,Téléphone,Maison,Lampe,1,228.6,0.0
ORD-104085,CUST-0725,2024-08-17,Ontario,Magasin,Électronique,Clavier,1,110.5,0.15
ORD-100172,CUST-0635,2024-01-09,Québec,Téléphone,Maison,Aspirateur,1,70.19,0.1
ORD-106207,CUST-0501,2024-11-03,Alberta,Magasin,Sports,Vélo,3,400.47,0.0
ORD-103689,CUST-0838,2024-11-15,Québec,En ligne,Sports,Ballon,2,60.88,0.0
ORD-102338,CUST-0349,2025-11-23,Alberta,Magasin,Électronique,Clavier,1,346.42,0.15
ORD-105061,CUST-0259,2024-05-01, colombie-britannique ,Téléphone,Sports,Vélo,2,90.97,0.05
ORD-101656,CUST-1312,2024-05-17,Québec,En ligne,Électronique,Écran,4,464.65,0.05
ORD-102910,CUST-1079,2025-04-15,Alberta,En ligne,Électronique,Casque audio,3,709.67,0.0
ORD-107615,CUST-0570,2025-09-30,Colombie-Britannique,Téléphone,Sports,Tapis yoga,1,483.33,0.0
ORD-104986,CUST-1392,2025-01-19,Ontario,Magasin,Électronique,Tablette,3,766.92,0.0
ORD-103956,CUST-0756,2025-11-17,Manitoba,Magasin,Vêtements,Veste,1,184.26,0.0
ORD-102879,CUST-1228,2024-07-04,Manitoba,Téléphone,Maison,Cafetière,2,403.21,0.15
ORD-101622,CUST-0223,2025-06-13,Colombie-Britannique,En ligne,Sports,Raquette,1,613.03,0.1
ORD-104306,CUST-0481,2025-12-03,Ontario,Magasin,Beauté,Soin visage,3,240.7,0.2
ORD-106706,CUST-0553,2025-03-17,Alberta,Téléphone,Maison,Mixeur,1,159.86,0.1
ORD-103460,CUST-1332,2025-04-01,Alberta,En ligne,Beauté,Parfum,5,219.55,0.05
ORD-101038,CUST-1242,2024-12-30,Manitoba,Magasin,Vêtements,Jean,1,286.93,0.0
ORD-100323,CUST-0059,2025-03-06,Colombie-Britannique,Magasin,Sports,Sac sport,5,388.59,0.0
ORD-104956,CUST-0100,2024-05-28,Québec,Téléphone,Électronique,Clavier,1,129.43,0.1
ORD-107238,CUST-0117,2025-02-16,Colombie-Britannique,En ligne,Électronique,Souris,1,269.1,0.05
ORD-107243,CUST-1121,2025-06-19,Manitoba,Téléphone,Beauté,Crème,2,229.48,0.1
ORD-104832,CUST-0274,2024-02-20,Alberta,Magasin,Beauté,Parfum,1,234.62,0.0
ORD-103624,CUST-1003,2024-04-22,Colombie-Britannique,Téléphone,Vêtements,Manteau,2,234.55,0.1
ORD-100893,CUST-0839,2025-08-28,Ontario,Magasin,Vêtements,T-shirt,1,83.22,0.05
ORD-102820,CUST-1172,2025-10-03,Ontario,Téléphone,Sports,Sac sport,1,342.58,0.1
ORD-107156,CUST-0173,2024-11-23,Alberta,Magasin,Électronique,Tablette,2,733.96,0.05
ORD-100324,CUST-0365,2025-01-13,Alberta,Téléphone,Beauté,Maquillage,5,124.69,0.05
ORD-101215,CUST-0790,2024-09-30,Ontario,Magasin,Beauté,Maquillage,1,44.87,0.0
ORD-107947,CUST-1235,2024-05-12,Manitoba,Téléphone,Vêtements,Manteau,1,98.99,0.0
ORD-106400,CUST-1463,2025-05-22,Colombie-Britannique,Téléphone,Électronique,Écran,3,717.43,0.0
ORD-104587,CUST-0107,2024-07-11,Colombie-Britannique,En ligne,Électronique,Écran,3,259.73,0.1
ORD-107352,CUST-1242,2024-08-11,Québec,Téléphone,Maison,Aspirateur,2,475.63,0.05
ORD-105849,CUST-0121,2025-03-27,Ontario,Téléphone,Sports,Ballon,3,638.65,0.15
ORD-104004,CUST-0587,2024-02-09,Québec,En ligne,Vêtements,Manteau,3,204.91,0.0
ORD-101129,CUST-1216,2024-03-17,Québec,TÉLÉPHONE,Vêtements,T-shirt,1,155.08,0.2
ORD-105017,CUST-1361,2024-06-10,Colombie-Britannique,En ligne,Beauté,Soin visage,1,81.79,0.0
ORD-102133,CUST-1177,2024-08-06,Manitoba,Téléphone,Beauté,Soin visage,1,245.92,0.0
ORD-103238,CUST-1066,2024-10-31,Québec,En ligne,Électronique,Clavier,1,637.62,0.15
ORD-100664,CUST-1070,2024-10-28,Colombie-Britannique,Magasin,Électronique,Écran,1,721.75,0.15
ORD-101420,CUST-0544,2025-03-25,Ontario,En ligne,Beauté,Shampoing,2,214.07,0.05
ORD-102646,CUST-1267,2024-01-17,Colombie-Britannique,En ligne,Maison,Cafetière,1,318.14,0.0
ORD-100208,CUST-0857,2024-05-25,Alberta,En ligne,Vêtements,Jean,3,257.58,0.1
ORD-105021,CUST-0305,2024-12-16,Alberta,Téléphone,Beauté,Parfum,3,211.96,0.15
ORD-100747,CUST-1016,2024-03-04,Manitoba,Téléphone,Beauté,Soin visage,1,114.82,0.05
ORD-101671,CUST-0455,2024-07-16,Ontario,En ligne,Sports,Raquette,3,455.78,0.1
ORD-100798,CUST-0029,2025-05-10,Colombie-Britannique,Téléphone,Beauté,Parfum,2,249.04,0.1
ORD-100088,CUST-0277,2025-12-10,Colombie-Britannique,En ligne,Sports,Raquette,1,654.58,0.0
ORD-100734,CUST-0667,2024-09-18,Québec,Magasin,Vêtements,T-shirt,3,259.62,0.15
ORD-101741,CUST-1021,2025-05-01,Québec,Magasin,Vêtements,Jean,1,136.44,0.1
ORD-106300,CUST-0930,2025-01-21,Manitoba,Téléphone,Électronique,Tablette,3,238.92,0.0
ORD-107456,CUST-0744,2024-08-16,Alberta,En ligne,Vêtements,Veste,2,38.49,0.05
ORD-101174,CUST-0898,2024-10-12,Colombie-Britannique,Téléphone,Vêtements,Manteau,4,249.74,0.1
ORD-107370,CUST-1294,2025-04-20,Manitoba,Magasin,Vêtements,Jean,3,54.56,0.05
ORD-106696,CUST-1425,2024-04-09,Manitoba,En ligne,Électronique,Souris,2,204.08,0.1
ORD-101153,CUST-0732,2024-12-01, québec ,En ligne,Sports,Raquette,4,631.44,0.05
ORD-100198,CUST-0605,2025-04-17,Québec,Magasin,Électronique,Souris,2,522.37,0.05
ORD-102619,CUST-0325,2025-10-19,Manitoba,Magasin,Vêtements,Jean,2,38.58,0.05
ORD-106598,CUST-0156,2025-08-25,Ontario,En ligne,Maison,Chaise,2,324.31,0.1
ORD-101097,CUST-1400,2025-11-21,Colombie-Britannique,Téléphone,Électronique,Clavier,2,747.59,0.0
ORD-100548,CUST-1270,2025-12-20,Manitoba,En ligne,Électronique,Tablette,2,599.18,0.0
ORD-102663,CUST-0818,2024-07-17,Québec,Téléphone,Beauté,Soin visage,1,62.11,0.0
ORD-106737,CUST-0763,2024-07-09,Manitoba,Téléphone,Vêtements,Veste,2,70.85,0.0
ORD-102860,CUST-0489,2024-03-27,Colombie-Britannique,Téléphone,Sports,Ballon,4,30.32,0.1
ORD-104169,CUST-0302,2025-10-14,Ontario,Magasin,Maison,Lampe,1,233.92,0.0
ORD-101321,CUST-0608,2024-12-14,Ontario,Magasin,Vêtements,T-shirt,2,118.86,0.05
ORD-105762,CUST-1466,2025-05-16,Ontario,Magasin,Maison,Mixeur,1,156.79,0.1
ORD-105829,CUST-1032,2024-03-31,Ontario,En ligne,Électronique,Casque audio,1,814.97,0.0
ORD-101793,CUST-1138,2025-03-04,Colombie-Britannique,En ligne,Électronique,Souris,1,719.24,0.05
ORD-104591,CUST-0011,2024-12-12,Colombie-Britannique,Magasin,Beauté,Crème,1,161.02,0.1
ORD-103813,CUST-1150,2025-01-18,Manitoba,Magasin,Électronique,Casque audio,3,724.44,0.05
ORD-105284,CUST-1350,2025-06-29,Colombie-Britannique,En ligne,Sports,Vélo,2,353.4,0.1
ORD-104410,CUST-0492,2024-01-09,Colombie-Britannique,Téléphone,Maison,Mixeur,2,199.1,0.0
ORD-107888,CUST-1460,2025-08-07,Ontario,En ligne,Sports,Sac sport,1,463.91,
ORD-105441,CUST-0990,2024-04-11,Manitoba,En ligne,Beauté,Shampoing,1,30.82,0.2
ORD-105219,CUST-0638,2024-09-22,Manitoba,En ligne,Sports,Tapis yoga,1,84.17,0.05
ORD-107371,CUST-0379,2025-09-12,Québec,Magasin,Vêtements,Manteau,3,178.4,0.0
ORD-106787,CUST-0860,2024-03-31,Colombie-Britannique,En ligne,Sports,Ballon,1,184.19,0.1
ORD-104434,CUST-1367,2024-03-12,Ontario,Magasin,Maison,Lampe,1,257.67,0.1
ORD-103299,CUST-0263,2025-10-31,Ontario,En ligne,Maison,Aspirateur,1,495.28,0.05
ORD-100937,CUST-1112,2024-11-08,Alberta,En ligne,Vêtements,Veste,1,123.02,0.05
ORD-104661,CUST-0229,2025-10-31,Québec,Téléphone,Beauté,Shampoing,1,54.96,0.05
ORD-103094,CUST-1101,2024-05-10,Manitoba,En ligne,Beauté,Soin visage,1,138.83,0.1
ORD-104511,CUST-1308,2025-04-27,Alberta,Téléphone,Beauté,Shampoing,3,38.81,0.05
ORD-103139,CUST-0944,2025-04-13,Ontario,Magasin,Maison,Chaise,2,215.0,0.1
ORD-103611,CUST-0963,2024-11-26,Manitoba,En ligne,Vêtements,Jean,2,274.86,0.1
ORD-105470,CUST-0426,2024-04-29,Ontario,Magasin,Vêtements,Veste,2,237.84,0.1
ORD-106761,CUST-1456,2025-04-09,Québec,Téléphone,Vêtements,T-shirt,1,76.01,0.0
ORD-105771,CUST-0054,2024-06-21,Québec,En ligne,Sports,Tapis yoga,0,152.1,0.0
ORD-107096,CUST-1359,2024-05-17,Colombie-Britannique,Téléphone,Maison,Mixeur,2,305.61,0.05
ORD-104103,CUST-1246,2025-08-28,Alberta,En ligne,Sports,Vélo,2,525.02,0.0
ORD-102481,CUST-0067,2025-12-05,Québec,Téléphone,Maison,Cafetière,3,263.06,0.05
ORD-105548,CUST-0046,2025-08-27,Manitoba,Téléphone,Vêtements,Jean,1,119.87,0.15
ORD-105466,CUST-0320,2025-09-17,Alberta,En ligne,Électronique,Tablette,1,833.31,0.0
ORD-107961,CUST-1323,2025-04-30,Manitoba,Téléphone,Beauté,Parfum,3,68.27,0.1
ORD-100620,CUST-0215,2024-05-13,Manitoba,En ligne,Sports,Tapis yoga,3,115.49,
ORD-101511,CUST-0233,2024-09-01,Québec,Téléphone,Beauté,Parfum,1,214.53,0.05
ORD-107605,CUST-1288,2024-10-13,Colombie-Britannique,En ligne,Sports,Tapis yoga,1,186.73,0.15
ORD-106581,CUST-0584,2025-10-12,Ontario,Magasin,Beauté,Crème,3,63.7,0.0
ORD-104727,CUST-1269,2024-07-13,Ontario,Téléphone,Vêtements,T-shirt,2,170.15,0.0
ORD-100478,CUST-0790,2024-03-29,Ontario,Téléphone,Maison,Lampe,2,155.32,0.05
ORD-101352,CUST-1314,2025-01-12,Manitoba,En ligne,Vêtements,Veste,4,131.81,0.05
ORD-104672,CUST-0384,2025-09-30,Québec,Magasin,Beauté,Soin visage,2,127.56,0.2
ORD-105903,CUST-1152,2024-06-18,Alberta,Magasin,Sports,Sac sport,4,530.51,0.0
ORD-106671,CUST-1142,2024-04-02,Manitoba,En ligne,Beauté,Maquillage,1,49.41,0.0
ORD-106784,CUST-0248,2024-04-14,Colombie-Britannique,En ligne,Beauté,Maquillage,3,113.8,0.1
ORD-107718,CUST-0490,2024-02-19,Québec,Téléphone,Sports,Ballon,1,621.52,0.0
ORD-107745,CUST-0811,2025-02-07,Manitoba,Téléphone,Vêtements,T-shirt,3,141.84,0.2
ORD-101033,CUST-1155,2025-08-01,Colombie-Britannique,Téléphone,Maison,Lampe,5,55.31,0.0
ORD-104464,CUST-0218,2025-05-25,Colombie-Britannique,Téléphone,Sports,Sac sport,3,183.62,0.0
ORD-100286,CUST-0588,2025-04-20,Ontario,Magasin,Vêtements,Chaussures,1,87.48,0.1
ORD-100550,CUST-0788,2024-02-08,Colombie-Britannique,En ligne,Vêtements,T-shirt,2,18.9,0.0
ORD-107353,CUST-0596,2025-06-09,Manitoba,Téléphone,Maison,Lampe,2,437.61,0.0
ORD-106766,CUST-0383,2025-01-08,Manitoba,Magasin,Vêtements,T-shirt,1,263.08,0.05
ORD-103303,CUST-0835,2024-04-27,Manitoba,Téléphone,Électronique,Écran,3,708.28,0.15
ORD-105570,CUST-1030,2024-03-21,Manitoba,Téléphone,Électronique,Tablette,2,389.78,0.2
ORD-103937,CUST-1223,2024-06-02,Ontario,Téléphone,Beauté,Parfum,4,59.26,0.15
ORD-107818,CUST-0665,2025-01-16,Manitoba,Magasin,Vêtements,Jean,4,139.53,0.05
ORD-101425,CUST-0032,2025-09-01,Alberta,Magasin,Maison,Aspirateur,4,181.06,0.0
ORD-103424,CUST-0601,2025-09-15,Alberta,Téléphone,Électronique,Clavier,1,856.51,0.15
ORD-107675,CUST-0792,2024-09-01,Ontario,Téléphone,Sports,Tapis yoga,1,544.56,0.15
ORD-106674,CUST-0096,2025-07-11,Québec,Téléphone,Maison,Lampe,4,212.63,0.05
ORD-101650,CUST-1333,2025-01-12,Ontario,Téléphone,Vêtements,Jean,4,108.47,0.05
ORD-104054,CUST-1112,2024-02-02,Colombie-Britannique,Magasin,Vêtements,T-shirt,1,134.73,0.1
ORD-102968,CUST-1369,2025-07-30,Alberta,En ligne,Électronique,Casque audio,1,840.09,0.05
ORD-102954,CUST-1075,2024-09-10,Colombie-Britannique,Magasin,Beauté,Parfum,2,239.53,0.0
ORD-102310,CUST-1297,2025-06-17,Colombie-Britannique,Téléphone,Sports,Tapis yoga,4,136.4,0.0
ORD-101670,CUST-1266,2024-08-25, alberta ,Magasin,Maison,Cafetière,1,128.64,0.05
ORD-106555,CUST-0754,2025-10-24,Alberta,Téléphone,Beauté,Parfum,1,113.67,0.05
ORD-103185,CUST-0124,2025-10-30,Manitoba,Téléphone,Sports,Ballon,2,146.78,0.15
ORD-102531,CUST-0243,2025-10-24,Ontario,Téléphone,Sports,Vélo,1,313.63,0.0
ORD-101557,CUST-1140,2025-12-04,Colombie-Britannique,Téléphone,Beauté,Soin visage,4,90.68,0.0
ORD-107344,CUST-0452,2025-07-14,Québec,Magasin,Électronique,Casque audio,2,63.86,0.0
ORD-105119,CUST-0089,2024-01-15,Manitoba,En ligne,Électronique,Tablette,1,284.05,0.0
ORD-104775,CUST-1215,2025-07-21,Alberta,Téléphone,Beauté,Soin visage,1,106.55,0.0
ORD-104404,CUST-1144,2025-12-10,Manitoba,En ligne,Beauté,Soin visage,3,238.48,0.05
ORD-102664,CUST-1432,2024-03-26,Alberta,Téléphone,Maison,Aspirateur,1,359.15,0.15
ORD-100701,CUST-0368,2024-09-07,Alberta,Téléphone,Vêtements,Chaussures,1,150.18,0.0
ORD-107029,CUST-1167,2025-07-21,Québec,Magasin,Beauté,Shampoing,2,56.78,0.05
ORD-107857,CUST-0507,2025-12-07,Québec,Magasin,Maison,Cafetière,3,491.92,0.1
ORD-105075,CUST-0386,2024-07-26,Manitoba,Magasin,Sports,Vélo,1,483.21,0.0
ORD-105852,CUST-0910,2024-02-03,Québec,Magasin,Vêtements,Veste,1,225.33,0.05
ORD-105500,CUST-0144,2024-07-22,Manitoba,Magasin,Vêtements,Veste,3,42.93,0.1
ORD-106467,CUST-0504,2024-08-06,Alberta,Téléphone,Électronique,Clavier,1,886.43,0.05
ORD-106118,CUST-0246,2024-02-15,Ontario,Magasin,Maison,Chaise,4,327.53,0.0
ORD-103955,CUST-0180,2025-08-29,Manitoba,Magasin,Électronique,Casque audio,5,470.44,0.15
ORD-101978,CUST-1199,2025-10-18,Québec,En ligne,Vêtements,Manteau,2,221.27,0.0
ORD-100833,CUST-1230,2025-04-10,Colombie-Britannique,En ligne,Sports,Tapis yoga,1,664.28,0.0
ORD-101979,CUST-0846,2025-08-29,Manitoba,En ligne,Sports,Sac sport,1,684.83,0.05
ORD-105113,CUST-0629,2024-07-10,Manitoba,Magasin,Sports,Ballon,2,629.71,0.0
ORD-100549,CUST-1184,2025-04-18,Québec,En ligne,Électronique,Souris,2,133.13,0.2
ORD-101020,CUST-0661,2024-10-04, québec ,Magasin,Vêtements,Manteau,2,194.68,0.1
ORD-100248,CUST-0541,2024-07-31,Colombie-Britannique,Téléphone,Sports,Ballon,4,44.57,0.0
ORD-103528,CUST-0803,2024-12-14,Alberta,Magasin,Électronique,Écran,1,131.49,0.1
ORD-103305,CUST-1464,2025-05-18,Québec,Téléphone,Sports,Ballon,2,417.06,0.15
ORD-100296,CUST-1001,2024-11-29,Québec,Téléphone,Électronique,Casque audio,2,295.59,0.05
ORD-105904,CUST-0301,2024-09-07,Alberta,En ligne,Beauté,Maquillage,2,222.36,0.05
ORD-100057,CUST-0913,2024-09-09,Manitoba,En ligne,Sports,Tapis yoga,5,486.3,0.15
ORD-101677,CUST-1304,2025-01-05,Manitoba,Magasin,Maison,Cafetière,4,116.69,0.15
ORD-105752,CUST-0306,2025-09-16,Ontario,Téléphone,Beauté,Soin visage,1,108.56,0.0
ORD-105767,CUST-0650,2025-07-07,Manitoba,Magasin,Beauté,Parfum,2,238.49,0.1
ORD-106312,CUST-0448,2024-05-09,Manitoba,Téléphone,Électronique,Casque audio,1,105.19,0.05
ORD-100100,CUST-0157,2025-07-03,Québec,Magasin,Vêtements,Manteau,2,226.32,0.05
ORD-104677,CUST-0907,2024-12-13,Colombie-Britannique,Téléphone,Maison,Lampe,2,175.6,0.15
ORD-102651,CUST-0798,2024-09-13,Colombie-Britannique,Magasin,Sports,Vélo,3,186.67,0.05
ORD-103916,CUST-0183,2025-06-27,Alberta,Magasin,Beauté,Shampoing,1,128.37,0.1
ORD-103799,CUST-0437,2024-03-08,Alberta,Téléphone,Vêtements,Chaussures,2,159.74,0.05
ORD-104372,CUST-0909,2025-08-20,Québec,En ligne,Vêtements,Chaussures,2,229.35,0.05
ORD-100532,CUST-0187,2025-10-17,Québec,Téléphone,Sports,Vélo,1,21.64,0.15
ORD-106578,CUST-0328,2025-08-23,Manitoba,Téléphone,Beauté,Crème,1,173.09,0.0
ORD-106486,CUST-1008,2024-03-01,Ontario,Téléphone,Électronique,Écran,2,307.61,0.0
ORD-107917,CUST-0153,2025-04-16,Ontario,En ligne,Maison,Cafetière,3,312.14,0.05
ORD-101370,CUST-0756,2024-06-29,Manitoba,Magasin,Électronique,Souris,2,109.17,0.05
ORD-103320,CUST-0687,2025-09-15,Colombie-Britannique,Téléphone,Électronique,Casque audio,0,103.73,0.1
ORD-100346,CUST-1178,2024-04-05,Québec,Téléphone,Vêtements,T-shirt,1,15.04,0.05
ORD-106927,CUST-1465,2025-01-04,Québec,Téléphone,Maison,Lampe,3,435.34,0.05
ORD-102183,CUST-0637,2024-06-15,Québec,Magasin,Sports,Vélo,2,229.63,0.1
ORD-104328,CUST-0614,2024-03-20,Ontario,Magasin,Sports,Ballon,5,207.24,0.0
ORD-106369,CUST-1163,2025-10-31,Ontario,Magasin,Sports,Ballon,2,681.63,0.05
ORD-100681,CUST-1144,2025-12-12,Manitoba,En ligne,Maison,Lampe,2,50.29,0.0
ORD-102022,CUST-1391,2025-05-02,Ontario,Téléphone,Vêtements,Jean,2,50.86,0.05
ORD-103428,CUST-0332,2025-02-14,Colombie-Britannique,Téléphone,Sports,Sac sport,1,364.56,0.05
ORD-102543,CUST-0535,2025-12-06,Ontario,Téléphone,Beauté,Parfum,3,183.1,0.05
ORD-104722,CUST-0988,2025-02-10,Ontario,En ligne,Vêtements,Veste,2,95.81,0.05
ORD-101489,CUST-0686,2025-11-26,Québec,Magasin,Électronique,Tablette,3,896.67,0.0
ORD-105680,CUST-0092,2024-03-17,Colombie-Britannique,Téléphone,Beauté,Crème,2,54.09,0.15
ORD-105153,CUST-0179,2025-06-06,Québec,Magasin,Beauté,Maquillage,5,127.39,0.0
ORD-102488,CUST-0366,2024-08-26,Manitoba,Magasin,Beauté,Maquillage,3,76.96,0.0
ORD-102499,CUST-1236,2024-12-21,Manitoba,Téléphone,Sports,Vélo,1,677.39,0.1
ORD-104121,CUST-0240,2024-10-12,Ontario,Téléphone,Maison,Aspirateur,2,205.58,0.0
ORD-107935,CUST-1188,2025-01-02,Ontario,En ligne,Beauté,Maquillage,5,223.3,0.0
ORD-105114,CUST-0421,2025-08-03,Québec,Téléphone,Beauté,Crème,2,94.02,0.0
ORD-107185,CUST-0410,2025-12-21,Manitoba,Téléphone,Électronique,Souris,2,671.47,0.1
ORD-101181,CUST-0270,2025-03-22,Ontario,En ligne,Vêtements,Manteau,1,46.65,0.0
ORD-101375,CUST-0584,2024-06-23,Alberta,Téléphone,Maison,Chaise,1,202.22,0.05
ORD-105681,CUST-0045,2025-10-01,Manitoba,Téléphone,Beauté,Maquillage,2,176.21,0.1
ORD-105970,CUST-0381,2025-07-16,Alberta,En ligne,Électronique,Casque audio,1,67.96,0.0
ORD-103805,CUST-1026,2024-06-09,Colombie-Britannique,Magasin,Électronique,Écran,3,131.5,0.2
ORD-104247,CUST-1414,2024-12-12,Colombie-Britannique,Téléphone,Électronique,Tablette,1,178.79,0.1
ORD-102034,CUST-1112,2025-06-20,Manitoba,Téléphone,Maison,Cafetière,1,271.38,0.0
ORD-102114,CUST-1016,2024-12-01,Ontario,Téléphone,Maison,Lampe,1,366.33,0.0
ORD-104098,CUST-1199,2024-02-08,Alberta,Magasin,Électronique,Souris,3,271.79,0.0
ORD-107909,CUST-0653,2024-12-23,Ontario,En ligne,Électronique,Casque audio,1,618.71,0.2
ORD-104475,CUST-1282,2024-02-01,Colombie-Britannique,Téléphone,Beauté,Maquillage,1,69.01,0.05
ORD-106982,CUST-1040,2024-10-23,Manitoba,Magasin,Beauté,Crème,1,175.72,0.15
ORD-100084,CUST-1216,2025-09-22,Manitoba,En ligne,Vêtements,Manteau,3,115.93,0.05
ORD-105914,CUST-0188,2025-12-05,Alberta,En ligne,Électronique,Écran,1,205.74,0.0
ORD-106686,CUST-0845,2025-04-26,Manitoba,Magasin,Beauté,Soin visage,1,26.93,0.05
ORD-105090,CUST-0476,2025-03-31,Québec,En ligne,Sports,Ballon,2,565.27,0.0
ORD-106483,CUST-0295,2025-08-04,Québec,En ligne,Vêtements,Chaussures,2,15.09,0.05
ORD-101926,CUST-1095,2024-06-23,Alberta,Téléphone,Maison,Mixeur,1,194.66,0.0
ORD-106785,CUST-0350,2025-09-17,Ontario,Téléphone,Beauté,Maquillage,5,105.48,0.15
ORD-100418,CUST-0151,2024-04-20,Colombie-Britannique,Téléphone,Maison,Aspirateur,2,63.87,0.0
ORD-104228,CUST-0881,2024-05-15,Manitoba,Téléphone,Vêtements,Jean,1,286.02,0.05
ORD-101858,CUST-1095,2024-07-15,Ontario,Magasin,Vêtements,Chaussures,2,94.53,0.0
ORD-103316,CUST-0319,2025-12-07,Manitoba,Téléphone,Électronique,Tablette,1,321.01,0.15
ORD-104386,CUST-1395,2024-08-22,Ontario,Magasin,Vêtements,T-shirt,1,120.82,0.0
ORD-105011,CUST-0687,2024-02-11,Colombie-Britannique,Magasin,Maison,Cafetière,3,494.07,0.05
ORD-105446,CUST-0366,2025-03-03,Ontario,Magasin,Maison,Cafetière,1,41.71,0.1
ORD-100293,CUST-0281,2025-02-27,Ontario,En ligne,Sports,Vélo,5,90.84,0.05
ORD-107495,CUST-0478,2024-12-21,Alberta,En ligne,Vêtements,Chaussures,5,299.12,0.1
ORD-107716,CUST-1317,2025-04-17,Manitoba,Téléphone,Électronique,Clavier,1,603.67,0.05
ORD-107936,CUST-1174,2025-08-17,Manitoba,En ligne,Vêtements,Chaussures,1,106.9,0.1
ORD-106646,CUST-1079,2024-08-16,Alberta,Magasin,Beauté,Parfum,5,230.93,0.0
ORD-107794,CUST-0737,2024-05-23,Ontario,Téléphone,Beauté,Parfum,1,188.23,0.0
ORD-107616,CUST-1476,2024-01-18,Colombie-Britannique,En ligne,Électronique,Clavier,1,897.52,0.0
ORD-106888,CUST-1036,2025-01-11,Québec,Magasin,Électronique,Casque audio,1,65.23,0.05
ORD-101149,CUST-0596,2025-06-29,Colombie-Britannique,Magasin,Électronique,Écran,1,152.86,0.15
ORD-104507,CUST-1068,2024-07-03,Manitoba,Téléphone,Électronique,Clavier,2,306.54,0.1
ORD-107412,CUST-0104,2024-02-25,Alberta,Téléphone,Sports,Tapis yoga,3,575.81,0.15
ORD-105487,CUST-0126,2025-04-16,Alberta,Téléphone,Électronique,Tablette,4,43.8,0.15
ORD-106325,CUST-0050,2024-08-02,Manitoba,Téléphone,Beauté,Parfum,3,33.0,0.05
ORD-106481,CUST-1185,2024-03-01,Manitoba,Magasin,Vêtements,Veste,3,226.65,0.1
ORD-106108,CUST-0050,2025-12-26,Alberta,En ligne,Électronique,Casque audio,3,110.75,0.0
ORD-105692,CUST-0014,2025-07-17,Manitoba,En ligne,Beauté,Shampoing,1,119.19,0.0
ORD-102018,CUST-0068,2024-04-16,Alberta,Téléphone,Vêtements,Manteau,1,226.7,0.0
ORD-104705,CUST-1225,2024-03-04,Colombie-Britannique,Téléphone,Vêtements,T-shirt,2,268.37,0.0
ORD-106056,CUST-0262,2025-04-13,Alberta,En ligne,Maison,Chaise,2,119.26,0.15
ORD-105766,CUST-0413,2025-06-14,Québec,Magasin,Maison,Chaise,2,441.13,0.1
ORD-104502,CUST-0774,2025-06-25,Colombie-Britannique,Magasin,Vêtements,Chaussures,2,103.0,0.1
ORD-103377,CUST-1170,2024-07-09,Manitoba,Magasin,Beauté,Shampoing,1,30.68,0.05
ORD-104626,CUST-1475,2024-09-14,Colombie-Britannique,Téléphone,Maison,Aspirateur,4,303.16,0.0
ORD-106206,CUST-1046,2025-12-30,Québec,Magasin,Beauté,Crème,2,232.3,0.1
ORD-105199,CUST-0768,2024-04-05,Québec,En ligne,Électronique,Écran,2,134.2,0.15
ORD-106216,CUST-0840,2025-12-13,Alberta,En ligne,Électronique,Clavier,1,634.0,0.05
ORD-104148,CUST-0890,2025-06-09,Manitoba,En ligne,Électronique,Clavier,2,64.14,0.1
ORD-101691,CUST-0598,2024-12-10,Colombie-Britannique,En ligne,Vêtements,Chaussures,1,64.64,0.0
ORD-105890,CUST-0349,2025-09-02,Alberta,Magasin,Beauté,Parfum,2,24.96,0.0
ORD-100373,CUST-0154,2025-01-24,Colombie-Britannique,Téléphone,Beauté,Shampoing,4,52.26,0.0
ORD-107793,CUST-0742,2025-06-27,Colombie-Britannique,Magasin,Maison,Cafetière,2,400.57,0.0
ORD-105840,CUST-1260,2025-06-23,Manitoba,Magasin,Sports,Raquette,2,221.05,0.05
ORD-101945,CUST-0188,2025-05-02,Ontario,Téléphone,Électronique,Casque audio,1,242.12,0.0
ORD-106967,CUST-0862,2025-10-12,Manitoba,En ligne,Vêtements,T-shirt,4,246.72,0.05
ORD-104439,CUST-0978,2025-03-09,Ontario,Téléphone,Beauté,Soin visage,1,94.17,0.05
ORD-107758,CUST-0907,2024-08-20,Alberta,Téléphone,Vêtements,Jean,1,67.45,0.1
ORD-101718,CUST-0102,2024-05-02,Alberta,En ligne,Beauté,Crème,3,207.99,0.0
ORD-102922,CUST-0479,2024-06-15,Colombie-Britannique,En ligne,Vêtements,Chaussures,2,240.63,0.1
ORD-106876,CUST-0665,2024-05-19,Québec,Magasin,Électronique,Souris,1,234.35,0.1
ORD-104385,CUST-1071,2024-03-30,Colombie-Britannique,Magasin,Vêtements,Jean,4,181.1,0.05
ORD-102354,CUST-0102,2024-07-04,Alberta,Magasin,Électronique,Souris,1,348.95,0.1
ORD-107910,CUST-0168,2025-10-16,Colombie-Britannique,Magasin,Beauté,Parfum,5,197.31,0.0
ORD-104192,CUST-1449,2024-03-02,Québec,En ligne,Électronique,Écran,3,722.71,0.0
ORD-103616,CUST-1476,2025-08-17,Manitoba,Magasin,Électronique,Casque audio,2,840.54,0.1
ORD-101393,CUST-0462,2025-09-03,Colombie-Britannique,Magasin,Sports,Ballon,1,275.47,0.1
ORD-100812,CUST-1177,2025-02-04,Québec,TÉLÉPHONE,Maison,Chaise,3,70.78,0.05
ORD-101839,CUST-0709,2025-04-20,Québec,Téléphone,Électronique,Tablette,1,146.7,0.15
ORD-104906,CUST-1204,2025-11-28,Colombie-Britannique,En ligne,Sports,Ballon,1,19.18,0.1
ORD-106722,CUST-1012,2024-02-23,Alberta,Magasin,Vêtements,Manteau,2,89.33,0.0
ORD-106906,CUST-0019,2024-08-25,Manitoba,En ligne,Maison,Mixeur,1,83.15,0.15
ORD-102932,CUST-1044,2024-11-22,Manitoba,En ligne,Sports,Ballon,1,515.93,0.15
ORD-106675,CUST-0844,2024-01-15,Alberta,Téléphone,Électronique,Tablette,2,465.74,0.1
ORD-104818,CUST-0324,2025-12-18,Alberta,En ligne,Beauté,Parfum,3,126.66,0.0
ORD-104862,CUST-1043,2025-01-17,Alberta,En ligne,Sports,Raquette,1,410.54,0.0
ORD-101746,CUST-0446,2024-10-04,Alberta,Téléphone,Électronique,Écran,3,737.37,0.0
ORD-103941,CUST-0759,2025-03-17,Colombie-Britannique,En ligne,Maison,Lampe,1,92.35,0.1
ORD-106248,CUST-0149,2024-10-03,,Téléphone,Beauté,Maquillage,2,153.37,0.05
ORD-107871,CUST-0855,2024-11-12,Alberta,En ligne,Sports,Ballon,5,48.87,0.0
ORD-104851,CUST-0244,2024-03-05,Manitoba,En ligne,Sports,Sac sport,2,295.73,0.15
ORD-104092,CUST-1175,2024-07-09,Alberta,En ligne,Beauté,Parfum,3,245.49,0.1
ORD-100921,CUST-1177,2024-04-13,Alberta,Téléphone,Sports,Ballon,1,363.1,0.1
ORD-100322,CUST-0125,2025-07-02,Ontario,Magasin,Sports,Raquette,2,213.13,0.15
ORD-102984,CUST-0974,2025-09-18,Alberta,Téléphone,Vêtements,Veste,2,73.09,0.15
ORD-103106,CUST-1334,2024-02-20,Québec,En ligne,Sports,Tapis yoga,1,47.43,0.0
ORD-106246,CUST-1476,2024-08-03,Alberta,En ligne,Vêtements,Veste,1,18.6,0.0
ORD-103541,CUST-0001,2024-08-26,Colombie-Britannique,Téléphone,Maison,Mixeur,1,451.2,0.1
ORD-107181,CUST-1407,2024-07-06,Ontario,En ligne,Beauté,Crème,2,78.38,0.05
ORD-102423,CUST-1367,2024-08-17,Colombie-Britannique,Magasin,Sports,Ballon,1,414.08,0.1
ORD-102487,CUST-0815,2024-11-18,Colombie-Britannique,Magasin,Beauté,Maquillage,5,81.74,0.1
ORD-106566,CUST-1117,2024-10-10,Manitoba,Téléphone,Maison,Cafetière,1,339.55,0.0
ORD-100231,CUST-0519,2024-06-03,Colombie-Britannique,En ligne,Maison,Chaise,4,235.9,0.0
ORD-102264,CUST-1194,2025-08-21,Ontario,Magasin,Maison,Chaise,4,414.84,0.1
ORD-107171,CUST-1158,2025-04-27,Manitoba,En ligne,Vêtements,Veste,1,137.3,0.1
ORD-107147,CUST-0755,2025-02-20,Colombie-Britannique,En ligne,Électronique,Écran,3,801.04,0.0
ORD-101079,CUST-0740,2025-11-05,Colombie-Britannique,En ligne,Maison,Cafetière,1,342.97,0.15
ORD-102614,CUST-0163,2024-09-07,Québec,En ligne,Vêtements,Chaussures,1,264.26,0.0
ORD-101115,CUST-0255,2024-03-25,Ontario,En ligne,Maison,Cafetière,3,231.81,0.0
ORD-107332,CUST-1232,2024-06-18,Colombie-Britannique,En ligne,Maison,Aspirateur,3,465.63,0.0
ORD-106798,CUST-1119,2025-05-03,Alberta,Téléphone,Beauté,Soin visage,3,222.06,0.05
ORD-101467,CUST-1166,2025-06-11,Ontario,En ligne,Vêtements,Chaussures,1,156.12,0.1
ORD-104607,CUST-1427,2024-11-11,Manitoba,En ligne,Maison,Cafetière,3,94.95,0.15
ORD-102913,CUST-1305,2025-02-10,Manitoba,En ligne,Beauté,Soin visage,5,135.53,0.0
ORD-101578,CUST-0455,2025-12-13,Québec,En ligne,Maison,Lampe,2,431.84,0.1
ORD-103653,CUST-0175,2024-04-18,Ontario,En ligne,Maison,Chaise,5,470.28,0.15
ORD-105381,CUST-0330,2024-03-30,Manitoba,En ligne,Sports,Vélo,5,395.52,0.0
ORD-102673,CUST-1412,2025-08-10,Québec,En ligne,Électronique,Clavier,4,814.54,0.0
ORD-106886,CUST-1359,2024-07-25,Colombie-Britannique,Magasin,Électronique,Clavier,1,434.96,0.05
ORD-101450,CUST-1206,2025-09-06,Colombie-Britannique,En ligne,Beauté,Parfum,2,57.08,0.1
ORD-102110,CUST-1475,2025-02-23,Québec,Téléphone,Vêtements,Veste,1,124.49,0.15
ORD-105945,CUST-0487,2024-12-22,Ontario,Téléphone,Maison,Lampe,1,309.0,0.0
ORD-102684,CUST-0584,2025-05-25,Manitoba,Téléphone,Beauté,Crème,1,44.48,0.15
ORD-106459,CUST-1169,2024-12-09,Manitoba,En ligne,Beauté,Crème,1,210.31,0.0
ORD-105561,CUST-1239,2024-04-26,Colombie-Britannique,Magasin,Sports,Vélo,1,133.23,0.15
ORD-106186,CUST-1383,2025-07-07,Ontario,En ligne,Maison,Aspirateur,2,368.73,0.15
ORD-103918,CUST-1076,2025-04-13,Québec,Téléphone,Sports,Raquette,4,23.96,0.05
ORD-103039,CUST-0443,2025-07-13,Ontario,Téléphone,Électronique,Casque audio,3,897.33,0.1
ORD-101488,CUST-0527,2025-02-07,Ontario,Téléphone,Beauté,Maquillage,5,241.25,0.05
ORD-105123,CUST-1165,2025-05-25, québec ,En ligne,Beauté,Crème,2,124.81,0.1
ORD-106699,CUST-1473,2024-12-11,Manitoba,Magasin,Maison,Cafetière,1,371.12,0.05
ORD-105368,CUST-1461,2024-03-11,Québec,Magasin,Électronique,Casque audio,3,77.01,0.1
ORD-102002,CUST-0400,2025-10-29,Colombie-Britannique,Téléphone,Maison,Chaise,2,458.08,0.15
ORD-102988,CUST-0756,2024-07-01,Manitoba,Téléphone,Maison,Mixeur,2,291.22,0.1
ORD-103127,CUST-0307,2024-02-05,Manitoba,Téléphone,Électronique,Casque audio,2,517.76,0.15
ORD-102941,CUST-0621,2025-08-27,Québec,Téléphone,Vêtements,T-shirt,1,277.37,0.15
ORD-101514,CUST-0923,2024-02-14,Manitoba,Téléphone,Beauté,Crème,3,169.44,0.0
ORD-100265,CUST-0985,2025-07-01,Manitoba,En ligne,Électronique,Souris,1,379.99,0.15
ORD-100000,CUST-0122,2025-04-11,Alberta,Téléphone,Vêtements,Manteau,1,237.21,0.05
ORD-101451,CUST-1162,2025-05-09,Ontario,Téléphone,Beauté,Shampoing,2,108.59,0.05
ORD-105502,CUST-0351,2025-07-04,Alberta,Magasin,Maison,Mixeur,3,151.24,0.1
ORD-106131,CUST-0725,2024-07-06,Ontario,Magasin,Électronique,Casque audio ,3,405.09,0.1
ORD-104355,CUST-0706,2025-07-21,Alberta,Téléphone,Beauté,Maquillage,1,29.42,0.1
ORD-107197,CUST-1239,2024-10-25,Manitoba,En ligne,Beauté,Crème,2,96.51,0.1
ORD-103400,CUST-1184,2025-07-26,Québec,Magasin,Électronique,Souris,4,524.98,0.15
ORD-100838,CUST-1065,2024-06-21,Ontario,Magasin,Maison,Aspirateur,2,260.14,0.05
ORD-100014,CUST-1364,2024-11-26,Ontario,Téléphone,Maison,Chaise,1,70.64,0.05
ORD-106083,CUST-0338,2025-08-04,Colombie-Britannique,En ligne,Beauté,Crème,2,103.11,0.05
ORD-104918,CUST-0131,2024-09-20,Colombie-Britannique,Téléphone,Électronique,Clavier,1,246.97,0.2
ORD-102245,CUST-1007,2024-09-07,Alberta,En ligne,Vêtements,Veste,2,221.74,0.05
ORD-103049,CUST-0062,2025-01-22,Ontario,En ligne,Vêtements,Veste,2,108.63,0.0
ORD-100008,CUST-1368,2024-05-08,Colombie-Britannique,Téléphone,Électronique,Tablette,3,99.49,0.2
ORD-101897,CUST-0900,2025-02-09,Québec,En ligne,Vêtements,Chaussures,2,211.81,0.0
ORD-107439,CUST-0867,2025-05-24,Colombie-Britannique,Téléphone,Vêtements,Veste,2,24.2,0.15
ORD-106182,CUST-1372,2025-12-19,Ontario,Magasin,Vêtements,Manteau,1,252.88,0.0
ORD-101039,CUST-0989,2025-03-25,Alberta,Magasin,Sports,Tapis yoga,1,136.53,0.0
ORD-103154,CUST-1007,2025-11-23,Alberta,Téléphone,Vêtements,Manteau,1,245.07,0.1
ORD-106092,,2024-01-06,Manitoba,En ligne,Vêtements,T-shirt,1,105.0,0.05
ORD-104609,CUST-1016,2025-02-17, colombie-britannique ,Téléphone,Vêtements,Chaussures,2,264.02,0.0
ORD-104339,CUST-0073,2025-12-18,Alberta,Téléphone,Sports,Vélo,4,246.46,0.05
ORD-104334,CUST-0828,2025-08-30,Ontario,En ligne,Maison,Cafetière,2,485.35,0.0
ORD-100339,CUST-1314,2024-02-14,Manitoba,Téléphone,Sports,Vélo,2,447.98,0.05
ORD-100121,CUST-0632,2024-02-28,Québec,En ligne,Vêtements,Jean,3,54.93,0.15
ORD-102275,CUST-0512,2025-11-03,Colombie-Britannique,Téléphone,Vêtements,Jean,1,246.69,0.1
ORD-104034,CUST-1215,2024-05-20,Alberta,Magasin,Sports,Raquette,1,222.71,0.1
ORD-101090,CUST-0254,2024-11-27,Québec,Téléphone,Beauté,Crème,2,227.28,0.0
ORD-102973,CUST-0425,2024-03-20,Ontario,Téléphone,Beauté,Maquillage,3,221.17,0.15
ORD-101372,CUST-0984,2024-09-09,Manitoba,Téléphone,Beauté,Maquillage,1,199.25,0.0
ORD-106079,CUST-1176,2024-02-14,Colombie-Britannique,Magasin,Sports,Tapis yoga,4,574.97,0.15
ORD-101317,CUST-1297,2025-10-10,Colombie-Britannique,Magasin,Vêtements,T-shirt,1,75.18,0.05
ORD-100622,CUST-1208,2024-08-09,Alberta,Téléphone,Sports,Raquette,1,667.38,0.0
ORD-101419,CUST-1448,2024-12-16,Ontario,Téléphone,Sports,Tapis yoga,1,405.44,0.0
ORD-101541,CUST-0760,2025-08-05,Colombie-Britannique,En ligne,Vêtements,Manteau,3,168.98,0.0
ORD-107994,CUST-1397,2024-05-24,Alberta,Téléphone,Électronique,Casque audio,5,668.4,0.15
ORD-102549,CUST-1345,2024-02-08,Manitoba,Magasin,Beauté,Parfum,2,245.35,0.0
ORD-106023,CUST-0404,2024-01-29,Manitoba,Téléphone,Électronique,Écran,1,275.85,0.2
ORD-101934,CUST-0500,2025-06-24,Manitoba,Magasin,Maison,Lampe,1,346.43,0.05
ORD-107469,CUST-1469,2025-10-06,Alberta,En ligne,Maison,Chaise,2,175.2,0.1
ORD-102210,CUST-0395,2025-09-17,Québec,En ligne,Sports,Sac sport,2,58.05,0.15
ORD-101410,CUST-0357,2024-01-03,Alberta,Téléphone,Beauté,Crème,1,16.14,0.1
ORD-102112,CUST-0346,2025-08-31,Québec,Téléphone,Beauté,Soin visage,2,30.03,0.1
ORD-102877,CUST-0343,2024-11-27,Manitoba,Magasin,Sports,Sac sport,1,619.98,0.0
ORD-100889,CUST-0779,2024-09-24,Ontario,En ligne,Sports,Tapis yoga,3,681.29,0.0
ORD-107141,CUST-0718,2025-09-09,Manitoba,Téléphone,Sports,Sac sport,1,283.04,0.1
ORD-107283,CUST-1063,2024-04-17,Alberta,Magasin,Vêtements,T-shirt,2,135.62,0.0
ORD-101995,CUST-0220,2024-06-08,Colombie-Britannique,Téléphone,Électronique,Tablette,2,438.64,0.05
ORD-104871,CUST-0887,2027-01-15,Québec,Magasin,Maison,Cafetière,1,187.36,0.0
ORD-107957,CUST-0277,2025-08-18,Québec,En ligne,Vêtements,Chaussures,1,15.3,0.05
ORD-107701,CUST-0150,2025-11-12,Ontario,En ligne,Sports,Raquette,1,375.56,0.0
ORD-100196,CUST-1478,2025-04-26,Ontario,Magasin,Vêtements,Jean,1,108.2,0.1
ORD-104595,CUST-0530,2025-05-14,Québec,En ligne,Beauté,Crème,3,64.52,0.0
ORD-103720,CUST-1379,2024-05-30,Manitoba,En ligne,Beauté,Crème,2,209.97,0.1
ORD-100415,CUST-0176,2024-06-14,Québec,En ligne,Vêtements,T-shirt,3,68.73,0.1
ORD-107637,CUST-1228,2025-04-20,Alberta,Téléphone,Beauté,Parfum,3,146.0,0.1
ORD-101952,CUST-0648,2025-08-01,Colombie-Britannique,Magasin,Beauté,Crème,1,135.97,0.05
ORD-107281,CUST-0591,2024-09-08,Colombie-Britannique,En ligne,Vêtements,Veste,2,257.28,0.15
ORD-106747,CUST-0437,2024-07-23,Colombie-Britannique,En ligne,Sports,Tapis yoga,1,94.79,0.15
ORD-100432,CUST-0758,2024-10-15,Québec,En ligne,Beauté,Crème,2,199.46,0.0
ORD-103458,CUST-0972,2025-11-14,Ontario,Téléphone,Maison,Lampe,3,86.62,0.05
ORD-103358,CUST-1113,2025-09-30,Québec,Téléphone,Sports,Tapis yoga,2,447.61,0.2
ORD-102759,CUST-0852,2024-08-31,Manitoba,Téléphone,Beauté,Shampoing,1,82.71,0.05
ORD-102249,CUST-0444,2025-10-29,Québec,Téléphone,Sports,Ballon,3,557.21,0.15
ORD-103625,CUST-0220,2024-02-01,Québec,Magasin,Sports,Raquette,4,435.26,0.1
ORD-102476,CUST-0434,2024-02-12,Colombie-Britannique,Téléphone,Beauté,Shampoing,1,140.99,0.05
ORD-103370,CUST-0389,2025-05-25,Ontario,Magasin,Vêtements,Chaussures,1,170.26,0.15
ORD-102689,CUST-0246,2025-11-05,Ontario,En ligne,Sports,Tapis yoga,2,663.86,0.0
ORD-101108,CUST-0605,2024-09-12,Manitoba,Téléphone,Sports,Sac sport,1,324.53,0.1
ORD-105684,CUST-1327,2025-03-03,Québec,En ligne,Électronique,Tablette,1,333.84,0.1
ORD-107899,CUST-1458,2025-07-20,Québec,Téléphone,Électronique,Casque audio,5,437.78,0.1
ORD-106810,CUST-0755,2025-09-22,Ontario,Magasin,Sports,Vélo,2,578.27,0.2
ORD-102484,CUST-0214,2025-08-26,Manitoba,Magasin,Sports,Ballon,3,444.34,0.05
ORD-106763,CUST-0384,2025-09-14,Colombie-Britannique,En ligne,Maison,Mixeur,2,316.95,0.0
ORD-101835,CUST-0391,2025-10-10,Alberta,En ligne,Maison,Lampe,4,433.55,0.0
ORD-101195,CUST-0376,2025-01-24,Colombie-Britannique,Magasin,Maison,Lampe,1,173.43,0.1
ORD-103942,CUST-0539,2025-01-20,Ontario,Téléphone,Beauté,Parfum,1,128.7,0.1
ORD-105471,CUST-1462,2025-04-02,Ontario,Magasin,Sports,Tapis yoga,2,542.8,0.2
ORD-100604,CUST-0297,2024-05-13,Alberta,Magasin,Beauté,Maquillage,2,133.29,0.0
ORD-105564,CUST-1064,2025-09-07,Alberta,Téléphone,Vêtements,Chaussures,1,226.01,0.15
ORD-100880,CUST-0475,2025-02-04,Manitoba,Magasin,Vêtements,T-shirt,1,231.89,0.1
ORD-101219,CUST-0290,2025-03-07,Colombie-Britannique,Téléphone,Beauté,Soin visage,1,168.43,0.15
ORD-106919,CUST-0628,2025-08-27,Colombie-Britannique,Magasin,Vêtements,Jean,1,66.74,0.15
ORD-102602,CUST-1060,2027-01-15,Colombie-Britannique,Téléphone,Vêtements,T-shirt,2,199.35,0.05
ORD-103244,CUST-0943,2024-05-05,Québec,Téléphone,Beauté,Soin visage,3,86.74,0.2
ORD-106124,CUST-0631,2025-01-10,Ontario,Téléphone,Sports,Tapis yoga,4,344.56,0.1
ORD-107525,CUST-0227,2024-02-28,Québec,Magasin,Beauté,Maquillage,1,21.39,0.0
ORD-106988,CUST-1252,2024-02-18,Colombie-Britannique,Téléphone,Maison,Cafetière,3,301.85,0.05
ORD-105400,CUST-0544,2025-12-10,Alberta,Téléphone,Vêtements,T-shirt,2,202.54,0.1
ORD-105430,CUST-0848,2025-12-25, manitoba ,Magasin,Sports,Tapis yoga,1,272.7,0.0
ORD-106915,CUST-0240,2024-04-11,Québec,Téléphone,Maison,Mixeur,2,466.86,0.2
ORD-101971,CUST-0410,2024-10-26,Alberta,En ligne,Électronique,Tablette,2,370.88,0.0
ORD-105918,CUST-1436,2025-06-13,Manitoba,Magasin,Vêtements,T-shirt,1,285.62,0.1
ORD-103027,CUST-1457,2024-08-05,Colombie-Britannique,Téléphone,Maison,Aspirateur,2,292.17,0.05
ORD-101706,CUST-1370,2024-07-22,Québec,Magasin,Électronique,Clavier,1,678.36,0.1
ORD-101158,CUST-1241,2024-11-15,Alberta,Magasin,Maison,Chaise,2,433.39,0.0
ORD-104847,CUST-0653,2024-06-15,Ontario,Téléphone,Beauté,Shampoing,1,139.38,0.1
ORD-105070,CUST-1041,2024-08-06,Colombie-Britannique,Téléphone,Beauté,Crème,1,77.29,0.05
ORD-106362,CUST-1161,2025-06-21,Manitoba,Magasin,Beauté,Crème,2,155.33,0.1
ORD-104420,CUST-0510,2025-05-28,Manitoba,En ligne,Maison,Aspirateur,1,252.2,0.05
ORD-102680,CUST-0168,2024-08-18,Ontario,Magasin,Sports,Sac sport,1,117.69,0.0
ORD-105166,CUST-0149,2024-06-05,Colombie-Britannique,Magasin,Électronique,Casque audio,2,91.04,0.05
ORD-102580,CUST-0518,2025-07-14,Colombie-Britannique,Magasin,Beauté,Shampoing,1,107.89,0.05
ORD-106781,CUST-0023,2024-03-16,Québec,Téléphone,Maison,Aspirateur,1,388.42,0.0
ORD-105375,CUST-0199,2024-10-18,Alberta,En ligne,Sports,Raquette,1,136.72,0.1
ORD-104161,CUST-0036,2025-10-22,,En ligne,Maison,Mixeur,1,434.97,0.0
ORD-103477,CUST-1433,2025-01-01,Manitoba,Téléphone,Sports,,3,671.36,0.05
ORD-107786,CUST-0056,2025-01-23,Québec,Téléphone,Maison,Cafetière,2,289.01,0.05
ORD-101782,CUST-1293,2025-09-24,Ontario,Magasin,Maison,Cafetière,1,278.96,0.1
ORD-103012,CUST-0602,2024-08-05,Ontario,En ligne,Électronique,Casque audio,1,894.48,0.1
ORD-107942,CUST-0950,2025-03-09,Alberta,En ligne,Vêtements,T-shirt,1,215.91,0.0
ORD-101915,CUST-0007,2025-12-31,Manitoba,Téléphone,Sports,Tapis yoga,3,514.84,0.0
ORD-100904,CUST-0706,2024-06-24,Québec,En ligne,Vêtements,Manteau,2,283.98,0.0
ORD-101446,CUST-0154,2025-10-03,Alberta,Magasin,Sports,Sac sport,2,417.48,0.05
ORD-102254,CUST-1093,2025-04-02,Colombie-Britannique,Téléphone,Vêtements,,3,273.29,0.15
ORD-102847,CUST-0331,2024-12-30,Alberta,Magasin,Sports,Raquette,2,572.94,0.1
ORD-105303,CUST-0789,2025-01-13,Québec,Magasin,Vêtements,Jean,1,281.18,0.2
ORD-106219,CUST-1480,2024-08-15,Québec,Téléphone,Électronique,Casque audio,1,72.75,0.1
ORD-102776,CUST-0368,2025-10-27,Colombie-Britannique,En ligne,Beauté,Shampoing,2,124.33,0.1
ORD-105664,CUST-0301,2025-12-04,Alberta,Téléphone,Maison,Lampe,4,377.04,0.2
ORD-101784,CUST-1335,2025-01-09,Ontario,Magasin,Sports,Tapis yoga,1,461.86,0.15
ORD-101565,CUST-1290,2025-10-28,Manitoba,Magasin,Maison,Chaise,4,312.17,0.2
ORD-103872,CUST-0952,2024-06-30, colombie-britannique ,En ligne,Beauté,Crème,2,144.09,0.05
ORD-105786,CUST-1132,2024-12-02,Colombie-Britannique,Téléphone,Sports,Ballon,3,257.31,0.0
ORD-107610,CUST-0447,2025-03-02,Colombie-Britannique,Magasin,Beauté,Parfum,3,14.23,0.1
ORD-105009,CUST-0602,2025-09-11,Colombie-Britannique,Téléphone,Beauté,Crème,1,234.92,0.0
ORD-105171,CUST-0119,2025-10-12,Alberta,Magasin,Sports,Ballon,1,672.4,0.1
ORD-107284,CUST-0342,2024-01-28,Ontario,Téléphone,Vêtements,T-shirt,1,260.09,0.05
ORD-103289,CUST-0922,2025-01-07,Colombie-Britannique,En ligne,Vêtements,Jean ,1,149.04,0.05
ORD-106192,CUST-1418,2024-02-22,Colombie-Britannique,En ligne,Maison,Cafetière,1,80.34,0.05
ORD-106679,CUST-0248,2025-04-06,Ontario,En ligne,Maison,Aspirateur,2,322.1,0.0
ORD-103767,CUST-1044,2024-12-24,Québec,En ligne,Vêtements,T-shirt,2,108.31,0.0
ORD-106751,CUST-0002,2024-07-25,Colombie-Britannique,Magasin,Électronique,Casque audio,2,294.42,0.0
ORD-105967,CUST-0584,2024-02-27,Alberta,Téléphone,Vêtements,Veste,1,185.32,
ORD-107011,CUST-0074,2025-01-13,Québec,Magasin,Sports,Ballon,1,409.15,0.15
ORD-103558,CUST-0887,2024-01-02,Colombie-Britannique,En ligne,Vêtements,Manteau,1,205.58,0.1
ORD-104762,CUST-0516,2025-07-25,Manitoba,En ligne,Beauté,Parfum,1,98.85,0.05
ORD-103870,CUST-1330,2025-04-23,Colombie-Britannique,Magasin,Vêtements,Jean,1,32.63,0.1
ORD-105318,CUST-1264,2024-07-01,Ontario,En ligne,Maison,Lampe,2,80.13,0.1
ORD-105231,CUST-0934,2024-07-21,Manitoba,Téléphone,Beauté,Crème,1,37.13,0.2
ORD-104663,CUST-0480,2025-02-17,Alberta,Magasin,Sports,Vélo,1,75.4,0.0
ORD-100254,CUST-0536,2024-08-14,Ontario,Magasin,Sports,Raquette,1,278.98,0.1
ORD-103978,CUST-0642,2024-01-22,Québec,Téléphone,Vêtements,T-shirt,3,65.42,0.0
ORD-101113,CUST-0714,2024-04-02,Québec,En ligne,Électronique,,1,128.39,0.0
ORD-105647,CUST-0186,2025-10-13,Manitoba,Téléphone,Vêtements,Jean,2,193.37,0.0
ORD-102276,CUST-0334,2025-05-29,Québec,Magasin,Maison,Chaise,3,164.2,0.1
ORD-100221,CUST-0143,2024-12-07,Colombie-Britannique,Magasin,Vêtements,Jean,2,161.97,0.15
ORD-100267,CUST-0596,2024-09-06,Alberta,Magasin,Maison,Lampe,3,51.38,0.05
ORD-100107,CUST-0825,2024-01-01,Alberta,Téléphone,Électronique,Tablette,5,760.65,0.0
ORD-104776,CUST-0637,2025-10-07,Manitoba,Magasin,Maison,Chaise,1,225.51,0.2
ORD-101226,CUST-0858,2025-07-20,Colombie-Britannique,Magasin,Beauté,Shampoing,4,182.6,0.05
ORD-106923,CUST-0304,2024-07-15,Alberta,En ligne,Maison,Mixeur,2,224.46,0.15
ORD-104696,CUST-0542,2025-05-17,Alberta,Téléphone,Maison,Chaise,1,100.63,0.05
ORD-104059,CUST-0164,2024-02-26,Colombie-Britannique,Magasin,Électronique,Clavier,1,361.1,0.0
ORD-106112,CUST-0564,2024-10-15,Québec,En ligne,Beauté,Soin visage,2,193.86,0.1
ORD-101512,CUST-1054,2025-09-18,Québec,Téléphone,Beauté,Shampoing,1,209.01,0.05
ORD-107305,CUST-0120,2025-10-19,Colombie-Britannique,Magasin,Vêtements,Chaussures,3,289.93,0.05
ORD-104210,CUST-0868,2024-10-28,Québec,Magasin,Beauté,Crème,1,46.77,0.05
ORD-100303,CUST-0573,2024-09-18,Ontario,Téléphone,Électronique,Casque audio,1,387.03,0.15
ORD-105057,CUST-1098,2025-03-29,Manitoba,En ligne,Beauté,Soin visage,1,193.77,0.0
ORD-104147,CUST-0380,2025-03-27,Manitoba,En ligne,Sports,Vélo,3,628.21,0.0
ORD-106843,CUST-0980,2024-09-14,Ontario,Téléphone,Beauté,Maquillage,1,235.54,0.1
ORD-107234,CUST-0330,2025-12-09,Manitoba,En ligne,Beauté,Parfum,1,135.12,0.05
ORD-104500,CUST-0208,2024-04-11,Ontario,En ligne,Électronique,Souris,1,201.04,0.1
ORD-101210,CUST-0496,2025-05-11,Québec,Magasin,Vêtements,Manteau,2,257.86,0.05
ORD-101786,CUST-1237,2025-09-15,Manitoba,Magasin,Maison,Chaise,4,266.11,0.0
ORD-105520,CUST-0990,2024-06-14,Ontario,En ligne,Sports,Sac sport,5,111.53,0.1
ORD-106423,CUST-1446,2024-05-18,Manitoba,En ligne,Maison,Aspirateur,2,254.4,0.1
ORD-100527,CUST-1002,2025-05-29,Québec,Téléphone,Électronique,Souris,1,570.73,0.05
ORD-101436,CUST-1328,2025-09-06,Manitoba,Magasin,Maison,Mixeur,2,52.81,0.2
ORD-106431,CUST-1030,2025-05-21,Alberta,Téléphone,Sports,Sac sport,2,383.67,0.1
ORD-105302,CUST-1169,2025-10-25,Ontario,En ligne,Sports,Tapis yoga,1,167.74,0.15
ORD-106262,CUST-0702,2025-02-04,Colombie-Britannique,Magasin,Vêtements,Manteau,3,190.91,0.05
ORD-100376,CUST-0074,2025-07-01,,En ligne,Vêtements,Jean,3,157.19,0.0
ORD-104094,CUST-0252,2024-12-05,Manitoba,Téléphone,Vêtements,Jean,3,216.06,0.05
ORD-102157,CUST-1113,2024-07-30,Manitoba,En ligne,Sports,Sac sport,2,56.86,0.1
ORD-105141,CUST-0680,2025-07-11,Colombie-Britannique,Téléphone,Sports,Tapis yoga,1,488.78,0.1
ORD-103801,CUST-1411,2025-10-30,Colombie-Britannique,En ligne,Électronique,Clavier,5,892.39,0.05
ORD-100755,CUST-0456,2025-08-31,Manitoba,Téléphone,Sports,Tapis yoga,1,303.59,0.15
ORD-100291,CUST-0845,2024-07-25,Ontario,Téléphone,Beauté,Maquillage,4,219.09,0.1
ORD-103011,CUST-0958,2025-06-11,Manitoba,Téléphone,Beauté,Parfum,4,88.08,0.05
ORD-105515,CUST-0619,2025-08-27,Manitoba,Magasin,Maison,Mixeur,2,88.56,0.0
ORD-101543,CUST-1181,2024-05-30,Québec,En ligne,Maison,Mixeur,1,295.32,0.15
ORD-100290,CUST-0533,2024-08-14,Québec,Magasin,Sports,Sac sport,3,162.64,0.05
ORD-100188,CUST-0485,2024-02-28,Manitoba,Magasin,Beauté,Maquillage,1,163.6,0.0
ORD-102373,CUST-0690,2025-11-08,Alberta,Magasin,Vêtements,Chaussures,3,194.37,0.1
ORD-101201,CUST-0896,2024-11-01,Colombie-Britannique,Magasin,Vêtements,Manteau,1,63.83,0.1
ORD-106714,CUST-1012,2025-04-19,Alberta,En ligne,Vêtements,Manteau,1,63.73,0.1
ORD-103418,CUST-0147,2024-09-21,Alberta,En ligne,Électronique,Casque audio,2,402.78,0.1
ORD-101536,CUST-1456,2025-02-07,Manitoba,Téléphone,Électronique,Casque audio,2,802.17,0.05
ORD-104075,CUST-0215,2024-04-21,Manitoba,Magasin,Vêtements,T-shirt,3,35.43,0.15
ORD-104645,CUST-0316,2025-01-14,Québec,En ligne,Électronique,Casque audio,1,259.67,0.05
ORD-100501,CUST-1306,2024-12-25,Ontario,Téléphone,Maison,Cafetière,1,246.06,0.1
ORD-105269,CUST-0450,2024-04-25,Ontario,Téléphone,Électronique,Casque audio,1,768.64,0.1
ORD-103172,CUST-0570,2024-08-24,Manitoba,En ligne,Sports,Vélo,3,520.17,0.15
ORD-107552,CUST-1082,2025-06-24,Manitoba,En ligne,Maison,Cafetière,1,212.31,0.15
ORD-101539,CUST-1113,2025-06-27,Québec,En ligne,Vêtements,Jean,2,55.64,0.05
ORD-106324,CUST-0482,2025-02-12,Alberta,Téléphone,Électronique,Souris,1,707.84,0.1
ORD-104140,CUST-0139,2025-11-04,Alberta,Magasin,Vêtements,Chaussures,1,289.89,0.0
ORD-105129,CUST-1121,2024-01-17,Manitoba,Téléphone,Maison,Chaise,1,160.35,0.2
ORD-106082,CUST-0722,2024-10-02,Colombie-Britannique,Téléphone,Beauté,Shampoing,2,143.91,0.05
ORD-107480,CUST-1113,2025-01-01, québec ,En ligne,Vêtements,Manteau,4,177.57,0.1
ORD-100672,CUST-1093,2025-06-06,Alberta,En ligne,Vêtements,Veste,3,39.02,0.05
ORD-106274,CUST-1285,2025-01-08,Québec,Magasin,Sports,Ballon,5,535.57,0.0
ORD-103979,CUST-1467,2025-08-03,Alberta,Magasin,Beauté,Crème,1,109.52,0.0
ORD-107047,CUST-0109,2024-01-24,Québec,Téléphone,Sports,Tapis yoga,4,374.49,0.2
ORD-107714,CUST-1130,2025-05-12,Alberta,En ligne,Beauté,Crème,3,69.53,0.05
ORD-104251,CUST-0133,2024-07-15,Québec,Magasin,Vêtements,Manteau,4,222.94,0.05
ORD-106299,CUST-1123,2025-03-09,Colombie-Britannique,Téléphone,Électronique,Tablette,1,126.28,0.05
ORD-101464,CUST-0079,2024-06-17,Ontario,Téléphone,Électronique,Casque audio,2,149.17,0.2
ORD-105704,CUST-0738,2024-06-28,Colombie-Britannique,Magasin,Vêtements,Chaussures,4,109.82,0.1
ORD-106334,CUST-0610,2025-08-26,Ontario,Téléphone,Électronique,Clavier,2,656.12,0.0
ORD-101192,CUST-0558,2025-06-09,Manitoba,Téléphone,Électronique,Clavier,3,779.77,0.1
ORD-105338,CUST-1455,2024-08-05,Manitoba,Téléphone,Électronique,Souris,4,331.52,0.15
ORD-103023,CUST-1333,2025-07-23,Colombie-Britannique,Téléphone,Beauté,Shampoing,2,88.61,0.05
ORD-103257,CUST-0355,2024-08-01,Québec,Magasin,Maison,Mixeur,2,475.26,0.1
ORD-104472,CUST-1470,2025-01-28,Ontario,En ligne,Vêtements,T-shirt,1,297.96,0.1
ORD-107276,CUST-0810,2024-09-03,,Téléphone,Sports,Vélo,3,627.4,0.0
ORD-101513,CUST-1179,2024-03-17,Manitoba,En ligne,Vêtements,Veste,1,222.12,0.15
ORD-100216,CUST-0287,2024-10-29,Québec,Téléphone,Maison,Mixeur,1,289.9,0.2
ORD-104652,CUST-0251,2025-05-24,Alberta,Magasin,Maison,Aspirateur,1,381.19,0.1
ORD-105476,CUST-0750,2024-06-23,Colombie-Britannique,En ligne,Vêtements,Veste,4,159.67,0.1
ORD-100421,CUST-0691,2025-05-08,Ontario,Magasin,Beauté,Parfum,2,188.29,0.1
ORD-100505,CUST-0250,2024-10-28,Québec,Magasin,Beauté,Soin visage,2,79.11,0.05
ORD-105366,CUST-1173,2025-07-13,Ontario,Magasin,Maison,Cafetière,4,98.79,0.0
ORD-103973,CUST-0435,2025-03-06,Québec,En ligne,Beauté,Shampoing,2,247.33,0.05
ORD-104506,CUST-0239,2024-02-21,Colombie-Britannique,Magasin,Beauté,Maquillage,5,217.46,0.05
ORD-106632,CUST-1143,2024-08-25,Manitoba,Téléphone,Sports,Raquette,2,616.99,0.0
ORD-101582,CUST-1253,2025-10-25,Colombie-Britannique,Magasin,Beauté,Shampoing,5,179.06,0.1
ORD-100506,CUST-1327,2025-04-15,Colombie-Britannique,Téléphone,Électronique,Écran,2,815.59,0.0
ORD-102221,CUST-1193,2024-09-28,Alberta,Téléphone,Électronique,Tablette,1,731.56,0.1
ORD-104329,CUST-0571,2025-06-23,Manitoba,Magasin,Sports,Vélo,2,436.36,0.05
ORD-103945,CUST-0993,2025-07-16,Colombie-Britannique,Téléphone,Sports,Tapis yoga,3,508.59,0.05
ORD-106542,CUST-1480,2024-05-04,Alberta,Magasin,Vêtements,Manteau,2,160.89,0.0
ORD-106422,CUST-0017,2025-06-05,Alberta,En ligne,Électronique,Écran,2,74.79,0.2
ORD-105223,CUST-0047,2025-06-22,Ontario,Téléphone,Beauté,Parfum,4,169.92,0.05
ORD-102317,CUST-0235,2024-03-09,Ontario,En ligne,Électronique,Écran,2,811.57,0.05
ORD-107121,CUST-1106,2025-02-08,Colombie-Britannique,Téléphone,Vêtements,T-shirt,3,244.48,0.1
ORD-103686,CUST-0806,2024-07-27,Colombie-Britannique,Téléphone,Électronique,Écran,1,704.14,0.05
ORD-104564,CUST-0758,2025-04-10,Alberta,En ligne,Vêtements,T-shirt,1,126.55,0.05
ORD-105768,CUST-0980,2024-04-02,Alberta,Téléphone,Sports,Sac sport,2,279.5,0.05
ORD-105044,CUST-0697,2025-02-28,Québec,Téléphone,Sports,Tapis yoga,4,17.4,0.15
ORD-105180,CUST-1495,2024-05-04,Colombie-Britannique,Téléphone,Maison,Lampe,2,329.77,0.0
ORD-102628,CUST-0525,2024-01-24,Manitoba,En ligne,Maison,Aspirateur,1,129.07,0.0
ORD-100347,CUST-0668,2025-10-12,Québec,Magasin,Maison,Lampe,1,471.42,0.0
ORD-107132,CUST-1351,2025-04-09,Ontario,En ligne,Électronique,Tablette,4,500.85,0.0
ORD-106775,CUST-0204,2025-08-03,Manitoba,En ligne,Sports,Sac sport,1,513.22,0.1
ORD-100333,CUST-0840,2024-05-26,,Téléphone,Électronique,Souris,1,588.77,0.0
ORD-106163,CUST-0590,2025-06-13,Québec,Téléphone,Sports,Raquette,2,437.73,0.15
ORD-103482,CUST-0433,2025-03-30,Alberta,En ligne,Beauté,Parfum,2,207.29,0.0
ORD-105928,CUST-0874,2024-11-14,Québec,En ligne,Sports,Raquette,1,116.81,0.1
ORD-102688,CUST-0810,2025-08-18,Colombie-Britannique,En ligne,Beauté,Soin visage,2,129.89,0.1
ORD-102997,CUST-1345,2024-05-17,Alberta,Magasin,Beauté,Maquillage,3,56.42,0.0
ORD-107068,CUST-1346,2024-03-15,Alberta,En ligne,Électronique,Casque audio,1,387.11,0.0
ORD-102298,CUST-0353,2024-07-01,Manitoba,Magasin,Maison,Cafetière,3,150.0,0.05
ORD-107568,CUST-0299,2025-06-06,Ontario,Téléphone,Vêtements,Jean,1,179.22,0.0
ORD-103989,CUST-1256,2025-07-11,Manitoba,Magasin,Beauté,Soin visage,1,170.59,0.15
ORD-103441,CUST-0451,2024-10-06,Colombie-Britannique,Téléphone,Beauté,Crème,2,120.02,0.1
ORD-100746,CUST-0224,2024-06-02,Alberta,Magasin,Beauté,Parfum,1,236.32,0.1
ORD-101563,CUST-0954,2024-02-01,Alberta,En ligne,Électronique,Tablette,3,635.65,0.1
ORD-107534,CUST-0436,2025-05-05,Alberta,Téléphone,Maison,Lampe,1,111.91,0.1
ORD-103103,CUST-0437,2025-08-19,Ontario,Téléphone,Beauté,Crème,2,153.41,0.05
ORD-102406,CUST-0715,2025-12-14,Ontario,Magasin,Vêtements,T-shirt,1,99.41,0.15
ORD-106189,CUST-0790,2025-01-26,Manitoba,En ligne,Sports,Sac sport,1,140.28,0.0
ORD-107448,CUST-0559,2024-11-15,Manitoba,Téléphone,Sports,Sac sport,5,602.98,0.15
ORD-104279,CUST-0295,2024-11-17,Québec,En ligne,Vêtements,Chaussures,5,29.06,0.0
ORD-107037,CUST-1384,2024-07-13,Alberta,Magasin,Électronique,Souris,2,60.24,0.05
ORD-105049,CUST-1175,2025-07-28,Ontario,Magasin,Vêtements,Jean,1,199.77,0.05
ORD-103055,CUST-0475,2024-08-04,Colombie-Britannique,Magasin,Électronique,Casque audio,2,767.72,0.0
ORD-106088,CUST-0299,2025-01-13,Colombie-Britannique,En ligne,Électronique,Tablette,4,507.92,0.05
ORD-106345,CUST-0286,2025-09-12,Alberta,Téléphone,Maison,Lampe,1,160.15,0.1
ORD-103148,CUST-0197,2025-05-18,Ontario,Téléphone,Électronique,Casque audio,2,217.91,0.0
ORD-107355,CUST-0110,2024-07-18,Québec,Téléphone,Sports,Tapis yoga,2,591.88,0.05
ORD-100259,CUST-1327,2024-04-27,Manitoba,Magasin,Électronique,Écran,1,89.1,0.1
ORD-105102,CUST-1497,2025-07-16,Colombie-Britannique,Téléphone,Sports,Tapis yoga,3,381.14,0.1
ORD-102960,CUST-0463,2025-10-04,Manitoba,Téléphone,Beauté,Shampoing,2,48.65,0.0
ORD-104570,CUST-0196,2025-08-30,Ontario,En ligne,Maison,Lampe,1,141.27,0.05
ORD-106847,CUST-0145,2025-03-26,Québec,Magasin,Électronique,Souris,1,459.24,0.0
ORD-100380,CUST-0274,2025-11-15,Colombie-Britannique,Magasin,Sports,Vélo,4,410.33,0.05
ORD-104525,CUST-1096,2025-05-03,Manitoba,Magasin,Électronique,Clavier,1,388.22,0.0
ORD-105324,CUST-0064,2025-01-27,Alberta,En ligne,Électronique,Clavier,2,824.65,0.0
ORD-101912,CUST-0774,2024-11-24,Alberta,Téléphone,Sports,Raquette,2,158.1,0.15
ORD-102272,CUST-0010,2025-04-12,Colombie-Britannique,En ligne,Électronique,Tablette,2,334.85,0.0
ORD-100599,CUST-0236,2025-03-14,Manitoba,En ligne,Vêtements,Chaussures,2,127.86,0.0
ORD-101844,CUST-0930,2024-11-12,Manitoba,Magasin,Vêtements,Veste,3,61.64,0.15
ORD-100045,CUST-0522,2024-04-09,Ontario,Téléphone,Beauté,Maquillage,1,114.12,0.05
ORD-101444,CUST-0798,2025-03-12,Manitoba,En ligne,Maison,Aspirateur,2,332.64,0.0
ORD-101652,CUST-1344,2025-08-28,Alberta,Téléphone,Beauté,Crème,1,163.95,0.0
ORD-101586,CUST-0424,2024-07-31,Colombie-Britannique,Magasin,Sports,Sac sport,1,179.77,0.05
ORD-103601,CUST-1462,2024-03-28,Alberta,Magasin,Beauté,Crème,3,88.19,0.1
ORD-105167,CUST-0589,2025-07-08,Manitoba,Téléphone,Maison,Mixeur,1,156.89,0.0
ORD-106527,CUST-0562,2025-10-22, colombie-britannique ,Téléphone,Électronique,Clavier,3,463.98,0.1
ORD-101893,CUST-1500,2025-08-12,Manitoba,En ligne,Sports,Vélo,2,682.61,0.1
ORD-105374,CUST-0290,2024-06-29,Alberta,En ligne,Sports,Raquette,1,677.48,0.05
ORD-104920,CUST-0940,2024-10-02,Québec,Téléphone,Beauté,Maquillage,1,132.58,0.1
ORD-105354,CUST-1204,2024-03-08,Alberta,En ligne,Beauté,Soin visage,4,87.68,0.0
ORD-107750,CUST-0589,2024-09-21,Alberta,En ligne,Beauté,Parfum,5,230.28,0.05
ORD-105916,CUST-0011,2024-09-15,Ontario,Magasin,Vêtements,Veste,3,53.51,0.05
ORD-104453,CUST-1186,2025-02-20,Ontario,Téléphone,Vêtements,Veste,1,120.96,0.1
ORD-104428,CUST-0739,2025-10-14,Colombie-Britannique,En ligne,Vêtements,Jean,1,233.31,0.15
ORD-103905,CUST-0978,2025-02-27,Colombie-Britannique,En ligne,Vêtements,Chaussures,3,49.21,0.05
ORD-107913,CUST-1091,2025-05-29,Alberta,Magasin,Vêtements,T-shirt,4,110.09,0.1
ORD-101966,CUST-0454,2024-03-23,Ontario,En ligne,Vêtements,Chaussures,3,239.87,0.0
ORD-104347,CUST-0055,2025-04-15,Colombie-Britannique,En ligne,Électronique,Clavier,1,652.64,0.1
ORD-104206,CUST-1062,2025-10-06,Colombie-Britannique,Magasin,Vêtements,T-shirt,1,277.25,0.05
ORD-106586,CUST-0522,2024-12-25,Alberta,En ligne,Électronique,Casque audio,2,79.53,0.0
ORD-107874,CUST-0792,2024-01-21,Alberta,Téléphone,Sports,Ballon,1,557.08,0.0
ORD-103210,CUST-0686,2025-05-10,Québec,En ligne,Vêtements,Manteau,1,114.27,0.1
ORD-105544,CUST-0837,2025-07-24,Colombie-Britannique,Magasin,Électronique,Tablette,1,702.97,0.05
ORD-101600,CUST-0311,2024-09-30,Alberta,Magasin,Vêtements,Manteau,3,16.18,0.0
ORD-104959,CUST-0731,2024-10-03,Québec,Magasin,Vêtements,Veste,1,200.05,0.15
ORD-102605,CUST-0474,2025-11-15,Québec,Magasin,Sports,Sac sport,3,500.45,0.15
ORD-103641,CUST-1088,2025-03-03,Québec,Magasin,Beauté,Soin visage,2,199.88,0.0
ORD-106146,CUST-0096,2025-06-29,Québec,Magasin,Vêtements,T-shirt,1,250.87,0.1
ORD-104471,CUST-1306,2025-10-18,Colombie-Britannique,Magasin,Sports,Sac sport,1,479.99,0.1
ORD-104781,CUST-0853,2025-10-01,Ontario,Téléphone,Beauté,Shampoing,2,113.1,0.1
ORD-104935,CUST-0302,2024-04-27, québec ,Téléphone,Maison,Aspirateur,1,267.65,0.1
ORD-102316,CUST-1356,2025-06-02,Ontario,Magasin,Maison,Cafetière,4,209.63,0.1
ORD-101298,CUST-0117,2024-10-06,Ontario,Téléphone,Beauté,Soin visage,2,132.71,0.2
ORD-100426,CUST-0925,2025-10-06,Québec,En ligne,Sports,Tapis yoga,1,647.96,0.0
ORD-104993,CUST-0318,2025-02-13,Alberta,Téléphone,Électronique,Casque audio,3,824.8,0.1
ORD-100805,CUST-0861,2024-01-20,Manitoba,En ligne,Maison,Chaise,3,26.37,0.05
ORD-102319,CUST-1429,2025-09-02,Manitoba,Téléphone,Beauté,Shampoing,1,14.21,0.1
ORD-100410,CUST-0148,2024-04-17,Alberta,Téléphone,Sports,Raquette,4,61.81,0.05
ORD-106753,CUST-0483,2024-04-09,Alberta,Magasin,Maison,Lampe,2,365.33,0.2
ORD-100665,CUST-1224,2024-06-05,Colombie-Britannique,En ligne,Électronique,Casque audio,1,89.07,0.05
ORD-103513,CUST-0155,2024-09-19,Alberta,Téléphone,Électronique,Clavier,2,865.99,0.1
ORD-106732,CUST-0862,2024-10-18,Québec,En ligne,Électronique,Souris,1,814.68,0.05
ORD-100438,CUST-0529,2024-06-19,Québec,Téléphone,Électronique,Clavier,1,474.25,0.05
ORD-102107,CUST-0394,2025-02-21,Alberta,En ligne,Vêtements,T-shirt,2,28.8,0.05
ORD-102887,CUST-0115,2024-09-24,Colombie-Britannique,Magasin,Sports,Sac sport,1,557.28,0.0
ORD-103078,CUST-0431,2025-11-20,Colombie-Britannique,En ligne,Beauté,Soin visage,3,37.21,0.0
ORD-100434,CUST-0147,2024-04-27,Colombie-Britannique,Téléphone,Vêtements,Veste,1,31.45,0.05
ORD-103985,CUST-0523,2024-01-25,Québec,En ligne,Sports,Vélo,1,395.17,0.1
ORD-100751,CUST-1439,2024-01-10,Ontario,En ligne,Maison,Chaise,3,242.54,0.1
ORD-103429,CUST-0700,2025-04-13,Manitoba,Téléphone,Vêtements,T-shirt,2,102.4,0.15
ORD-107518,CUST-0028,2025-07-16,Alberta,Magasin,Électronique,Tablette,3,113.52,0.15
ORD-107173,CUST-1423,2025-10-26,Colombie-Britannique,En ligne,Sports,Raquette,2,261.11,0.0
ORD-104743,CUST-0345,2024-05-28,Colombie-Britannique,Téléphone,Sports,Sac sport,3,554.5,0.1
ORD-104824,CUST-0077,2024-04-04,Manitoba,Magasin,Beauté,Crème,3,44.91,0.0
ORD-105480,CUST-0640,2025-11-20,Alberta,Téléphone,Sports,Tapis yoga,2,217.84,0.1
ORD-105887,CUST-0027,2024-10-02,Québec,En ligne,Beauté,Parfum,2,149.99,0.15
ORD-103149,CUST-0649,2024-08-15,Ontario,Magasin,Électronique,Tablette,2,776.64,0.15
ORD-101049,CUST-1388,2025-04-25,Manitoba,Magasin,Sports,Sac sport,1,115.62,0.15
ORD-100626,CUST-0447,2025-01-02,Manitoba,Magasin,Beauté,Parfum,2,35.3,0.15
ORD-101775,CUST-1249,2025-08-02,Alberta,En ligne,Maison,Aspirateur,3,22.82,0.05
ORD-103774,CUST-0793,2025-02-28,Alberta,En ligne,Beauté,Shampoing,2,133.32,0.05
ORD-103279,CUST-0676,2025-07-29,Alberta,En ligne,Maison,Cafetière,4,80.31,0.0
ORD-101223,CUST-0664,2025-02-04,Manitoba,Magasin,Vêtements,Veste,1,68.68,0.05
ORD-106715,CUST-1317,2024-02-06,Alberta,Magasin,Électronique,Clavier,1,556.46,0.05
ORD-103024,CUST-1240,2025-08-25,Ontario,En ligne,Maison,Chaise,1,263.58,0.0
ORD-100210,CUST-0590,2024-03-17,Manitoba,Magasin,Beauté,Parfum,2,141.21,0.0
ORD-105384,CUST-0858,2025-06-21,Manitoba,Téléphone,Beauté,Maquillage,2,103.36,0.05
ORD-104043,CUST-0807,2024-03-11,Québec,Magasin,Vêtements,Jean,2,16.8,0.05
ORD-106924,CUST-0395,2024-06-15,Québec,Téléphone,Sports,Sac sport,4,170.95,0.2
ORD-101972,CUST-0302,2025-09-15,Québec,Téléphone,Sports,Raquette,3,379.99,0.1
ORD-100110,CUST-0710,2025-05-15,Québec,Magasin,Vêtements,Veste,1,65.27,0.05
ORD-100051,CUST-0192,2025-11-19,Alberta,En ligne,Beauté,Soin visage,1,52.59,0.1
ORD-101499,CUST-0925,2024-10-27,Colombie-Britannique,Magasin,Vêtements,Jean,1,192.09,0.0
ORD-101109,CUST-1208,2024-11-17,Manitoba,En ligne,Beauté,Maquillage,1,11.28,0.0
ORD-105808,CUST-0416,2024-10-28,Colombie-Britannique,Téléphone,Sports,Vélo,2,227.26,0.1
ORD-100652,CUST-1338,2024-02-01,Ontario,Téléphone,Beauté,Crème,2,137.47,0.1
ORD-104307,CUST-0179,2024-04-03,Colombie-Britannique,Téléphone,Sports,Tapis yoga,2,624.8,0.0
ORD-106861,CUST-1462,2024-04-14,Ontario,Téléphone,Maison,Mixeur,3,361.62,0.1
ORD-101795,CUST-1288,2024-07-04,Québec,Magasin,Beauté,Crème,1,14.22,0.1
ORD-101702,CUST-1002,2024-09-05,Québec,En ligne,Sports,Vélo,2,307.63,0.05
ORD-104714,CUST-0276,2024-07-23,Québec,Magasin,Maison,Mixeur,1,50.99,0.15
ORD-104639,CUST-0151,2025-12-30,Manitoba,Téléphone,Électronique,Souris,2,408.44,0.0
ORD-101498,CUST-0391,2025-09-08,Manitoba,Téléphone,Beauté,Shampoing,2,93.22,0.15
ORD-102439,CUST-0031,2024-03-11,Manitoba,En ligne,Vêtements,Manteau,1,298.45,0.05
ORD-105623,CUST-0871,2024-06-01,Manitoba,Téléphone,Électronique,Tablette,2,561.69,0.1
ORD-107578,CUST-0244,2025-10-20,Alberta,Magasin,Vêtements,T-shirt,2,165.23,0.0
ORD-106774,CUST-0670,2025-08-22,Manitoba,Magasin,Vêtements,Veste,2,108.96,0.15
ORD-100705,CUST-0754,2025-05-17,Colombie-Britannique,Magasin,Vêtements,Chaussures,3,211.4,0.15
ORD-101872,CUST-0372,2024-03-20,Alberta,Téléphone,Beauté,Crème,4,28.75,0.05
ORD-103032,CUST-1078,2024-07-18,Colombie-Britannique,Téléphone,Beauté,Soin visage,4,239.3,0.15
ORD-106837,CUST-1215,2025-06-17,Ontario,Magasin,Beauté,Shampoing,2,195.73,0.1
ORD-103914,CUST-0659,2025-08-29,Québec,Téléphone,Maison,Aspirateur,1,38.77,0.15
ORD-104925,CUST-0883,2025-11-10,Ontario,Magasin,Beauté,Crème,1,58.92,0.0
ORD-105617,CUST-1001,2024-09-09,Manitoba,Téléphone,Maison,Aspirateur,1,367.39,0.0
ORD-100565,CUST-1066,2025-02-14,Alberta,En ligne,Sports,Sac sport,2,60.69,0.0
ORD-106064,CUST-0183,2024-02-28,Manitoba,En ligne,Sports,Sac sport,1,463.14,0.1
ORD-103934,CUST-1222,2025-01-11,Ontario,Magasin,Électronique,Écran,1,337.09,0.0
ORD-102227,CUST-1334,2025-08-25,Québec,Téléphone,Vêtements,Chaussures,3,55.65,0.1
ORD-100640,CUST-0521,2025-03-06,Colombie-Britannique,En ligne,Vêtements,T-shirt,3,42.75,0.1
ORD-102495,CUST-0237,2024-05-20,Alberta,Téléphone,Beauté,Parfum,3,159.69,0.15
ORD-103018,CUST-0858,2024-01-03,Ontario,Magasin,Sports,Tapis yoga,3,358.49,0.1
ORD-104996,CUST-1112,2024-11-29,Alberta,Téléphone,Sports,Vélo,1,592.78,0.0
ORD-101964,CUST-0421,2024-01-07,Ontario,Magasin,Maison,Cafetière,2,397.76,0.0
ORD-107740,CUST-0977,2025-06-27,Manitoba,En ligne,Vêtements,T-shirt,1,270.53,0.1
ORD-102897,CUST-0043,2024-03-14,Ontario,Magasin,Électronique,Souris,3,345.4,0.05
ORD-100325,CUST-0942,2025-01-17,Colombie-Britannique,Magasin,Maison,Aspirateur,1,113.42,0.0
ORD-105209,CUST-1270,2024-08-11,Manitoba,En ligne,Maison,Cafetière,5,378.63,0.05
ORD-106276,CUST-0197,2024-10-25,Québec,Téléphone,Maison,Cafetière,3,410.4,0.0
ORD-107726,CUST-0608,2024-09-05,Manitoba,En ligne,Vêtements,T-shirt,1,16.89,0.15
ORD-105683,CUST-0242,2024-03-04,Ontario,En ligne,Électronique,Tablette,5,639.0,0.1
ORD-104405,CUST-0148,2025-07-27,Manitoba,En ligne,Maison,Lampe,4,259.66,0.0
ORD-106840,CUST-1069,2024-07-08,Ontario,En ligne,Maison,Lampe,4,85.39,0.0
ORD-107577,CUST-1347,2024-01-22,Québec,Magasin,Maison,Lampe,3,290.75,0.1
ORD-102611,CUST-0990,2025-11-04,Québec,En ligne,Beauté,Crème,2,141.71,0.0
ORD-102458,CUST-0647,2025-06-07,Colombie-Britannique,Magasin,Vêtements,Jean,1,223.98,0.05
ORD-100864,CUST-0976,2025-03-13,Alberta,Téléphone,Sports,Sac sport,2,93.6,0.0
ORD-105213,CUST-1092,2025-05-18,Manitoba,Téléphone,Vêtements,Chaussures,3,32.16,0.05
ORD-106838,CUST-0811,2025-04-30,Manitoba,Téléphone,Beauté,Shampoing,1,49.51,0.1
ORD-103784,CUST-1308,2024-10-24,Alberta,Magasin,Sports,Raquette,1,624.45,0.0
ORD-105202,CUST-0814,2025-11-06,Manitoba,Magasin,Maison,Aspirateur,1,30.49,0.05
ORD-100371,CUST-0863,2025-10-29,Colombie-Britannique,En ligne,Vêtements,T-shirt,1,298.57,0.05
ORD-106342,CUST-0303,2025-02-21,Colombie-Britannique,Magasin,Vêtements,Jean,5,110.52,0.0
ORD-103651,CUST-1355,2024-09-26,Alberta,En ligne,Électronique,Clavier,2,748.01,0.2
ORD-106377,CUST-1054,2024-07-15,Alberta,En ligne,Beauté,Maquillage,4,179.37,0.1
ORD-105784,CUST-0871,2024-05-20,Québec,En ligne,Beauté,Soin visage,4,27.34,0.0
ORD-105719,CUST-0645,2024-10-08,Québec,Téléphone,Sports,Vélo,2,245.27,0.2
ORD-104535,CUST-1126,2025-05-29,Québec,En ligne,Beauté,Parfum,1,228.03,0.0
ORD-107746,CUST-0990,2025-02-18,Colombie-Britannique,Magasin,Sports,Vélo,3,614.46,0.1
ORD-101360,CUST-1246,2024-01-15,Alberta,Magasin,Électronique,Clavier,1,179.99,0.0
ORD-100911,CUST-0317,2024-09-22,Colombie-Britannique,Magasin,Électronique,Écran,3,770.75,0.05
ORD-104899,CUST-0251,2025-07-29,Colombie-Britannique,En ligne,Beauté,Maquillage,1,48.68,0.1
ORD-104342,CUST-1026,2025-12-12,Québec,Magasin,Vêtements,Chaussures,4,112.78,0.0
ORD-102441,CUST-0242,2025-10-27,Colombie-Britannique,Magasin,Vêtements,Chaussures,2,251.06,0.0
ORD-102306,CUST-1067,2025-09-17,Ontario,Magasin,Électronique,Casque audio,3,608.88,0.0
ORD-100964,CUST-1180,2024-08-25,Ontario,En ligne,Sports,Raquette,3,81.32,0.05
ORD-101423,CUST-1203,2024-12-22,Alberta,En ligne,Beauté,Parfum,3,43.49,0.1
ORD-100122,CUST-1383,2024-07-19,Alberta,En ligne,Sports,Ballon,1,386.02,0.1
ORD-100479,CUST-0679,2025-06-08,Québec,Magasin,Vêtements,T-shirt,3,104.45,0.05
ORD-100662,CUST-1178,2024-06-02,Colombie-Britannique,Magasin,Vêtements,Manteau,3,39.83,0.05
ORD-102178,CUST-1216,2025-03-12,Alberta,Magasin,Vêtements,T-shirt,2,132.88,0.05
ORD-102233,CUST-0107,2025-10-21,Alberta,Téléphone,Vêtements,Jean,1,127.56,0.05
ORD-107093,CUST-1073,2025-08-07,Ontario,En ligne,Sports,Ballon,2,264.59,0.05
ORD-102173,CUST-1026,2024-05-29,Colombie-Britannique,Magasin,Maison,Aspirateur,4,60.12,0.15
ORD-100439,CUST-1404,2024-05-23,Québec,En ligne,Beauté,Parfum,2,160.82,0.1
ORD-101379,CUST-0715,2025-08-15,Colombie-Britannique,Magasin,Vêtements,T-shirt,1,182.55,0.05
ORD-101443,CUST-1392,2024-06-17,Manitoba,Magasin,Maison,Chaise,2,28.86,0.15
ORD-102921,CUST-0976,2025-09-05,Manitoba,Magasin,Sports,Sac sport,2,293.3,0.05
ORD-102840,CUST-0592,2025-03-01,Québec,Téléphone,Vêtements,Chaussures,1,51.25,0.05
ORD-101477,CUST-0859,2024-01-08,Québec,Téléphone,Sports,Tapis yoga,3,479.7,0.1
ORD-107115,CUST-0481,2024-04-11,Ontario,Téléphone,Électronique,Écran,4,189.61,0.05
ORD-101173,CUST-0915,2025-06-28,Colombie-Britannique,Magasin,Vêtements,Chaussures,2,252.39,0.1
ORD-104582,CUST-0222,2024-10-14,Manitoba,Téléphone,Beauté,Parfum,4,106.35,0.15
ORD-102418,CUST-1148,2025-01-06,Alberta,Téléphone,Électronique,Écran,1,466.42,0.15
ORD-105378,CUST-1359,2025-05-23,Colombie-Britannique,Magasin,Sports,Ballon,2,514.74,0.1
ORD-107839,CUST-1104,2024-04-06,Ontario,En ligne,Électronique,Tablette,3,112.48,0.0
ORD-103151,CUST-1343,2024-04-27,Ontario,En ligne,Vêtements,Chaussures,2,165.17,0.05
ORD-100279,CUST-0238,2024-04-13,Ontario,En ligne,Vêtements,Manteau,2,242.41,0.05
ORD-105509,CUST-0921,2025-12-08,Ontario,Téléphone,Vêtements,Jean,2,59.56,0.0
ORD-107054,CUST-0938,2025-01-10,Manitoba,Téléphone,Vêtements,Manteau,1,146.88,0.0
ORD-101101,CUST-0249,2024-08-22,Alberta,Magasin,Électronique,Casque audio,3,69.88,0.0
ORD-105552,CUST-0320,2024-11-13,Manitoba,En ligne,Vêtements,Veste,4,162.04,0.05
ORD-101694,CUST-1421,2024-03-24,Colombie-Britannique,Téléphone,Électronique,Tablette,3,458.95,0.0
ORD-102184,CUST-1239,2025-10-29,Alberta,Magasin,Sports,Tapis yoga,1,267.48,0.05
ORD-102598,CUST-0418,2025-09-10,Manitoba,Magasin,Beauté,Parfum,1,45.39,0.0
ORD-102473,CUST-1070,2025-10-13,Manitoba,Magasin,Maison,Chaise,1,166.75,0.1
ORD-106343,CUST-1402,2025-12-16,Alberta,Téléphone,Électronique,Casque audio,2,544.0,0.1
ORD-102669,CUST-0083,2025-04-25,Québec,Magasin,Vêtements,Chaussures,2,147.1,0.05
ORD-100577,CUST-0304,2024-02-08,Québec,En ligne,Sports,Vélo,1,423.04,0.0
ORD-100059,CUST-1094,2024-09-08,Alberta,Magasin,Vêtements,T-shirt,4,296.01,-0.1
ORD-100787,CUST-0719,2024-11-23,Alberta,Téléphone,Électronique,Clavier,3,782.18,0.05
ORD-102569,CUST-0196,2024-05-05,Colombie-Britannique,En ligne,Beauté,Crème,1,15.33,0.0
ORD-103933,CUST-0504,2024-02-15,Québec,Téléphone,Maison,Aspirateur,1,193.47,0.15
ORD-107783,CUST-1149,2024-07-15,Alberta,En ligne,Électronique,Tablette,1,731.64,0.0
ORD-107168,CUST-1046,2024-09-29,Alberta,Magasin,Vêtements,T-shirt,4,258.92,0.1
ORD-102301,CUST-1040,2025-01-24,Ontario,En ligne,Électronique,Clavier,1,290.84,0.0
ORD-104801,CUST-1277,2025-06-07,Québec,Magasin,Sports,Raquette,2,314.45,0.05
ORD-105935,CUST-0194,2024-12-29,Manitoba,En ligne,Beauté,Soin visage,1,247.17,0.05
ORD-102404,CUST-0035,2024-09-05,Ontario,En ligne,Sports,Raquette,2,122.53,0.1
ORD-104894,CUST-0310,2025-12-01,Ontario,Magasin,Vêtements,Manteau,4,284.14,0.15
ORD-107414,CUST-0672,2024-05-26,Ontario,Magasin,Beauté,Soin visage,2,195.92,0.1
ORD-105911,CUST-0169,2025-08-04,Colombie-Britannique,Magasin,Vêtements,Chaussures,2,29.16,0.15
ORD-107023,CUST-0254,2024-01-15,Québec,Magasin,Électronique,Casque audio,2,737.49,0.0
ORD-106853,CUST-1388,2025-06-14,Colombie-Britannique,En ligne,Sports,Vélo,4,689.13,0.0
ORD-100184,CUST-1327,2024-10-13,Alberta,En ligne,Beauté,Shampoing,3,-41.41,0.2
ORD-107607,CUST-0022,2025-12-04,Alberta,En ligne,Maison,Mixeur,3,113.4,0.05
ORD-103203,CUST-0478,2024-04-12,Manitoba,Magasin,Maison,Aspirateur,1,67.89,0.1
ORD-100420,CUST-1362,2025-07-03,Alberta,Téléphone,Maison,Lampe,2,58.95,0.2
ORD-100553,CUST-1380,2025-03-15,Québec,Magasin,Vêtements,Chaussures,5,222.15,0.1
ORD-101397,CUST-0169,2024-05-31,Québec,En ligne,Maison,Chaise,2,44.58,0.1
ORD-107225,CUST-1307,2024-10-12,Manitoba,En ligne,Beauté,Maquillage,1,147.08,1.25
ORD-102457,CUST-0884,2025-03-03,Québec,Téléphone,Maison,Lampe,1,297.78,0.1
ORD-102794,CUST-1230,2024-12-10,Colombie-Britannique,Téléphone,Beauté,Shampoing,1,80.36,0.1
ORD-101760,CUST-0526,2024-12-14,Ontario,Téléphone,Électronique,Clavier,3,854.07,0.0
ORD-102464,CUST-1164,2025-01-01,Alberta,Magasin,Électronique,Casque audio,2,567.92,0.15
ORD-100297,CUST-1151,2024-09-11,Manitoba,En ligne,Vêtements,Chaussures,3,205.32,0.05
ORD-100443,CUST-0082,2024-11-28,Manitoba,En ligne,Électronique,Souris,3,506.93,0.2
ORD-103612,CUST-1272,2025-09-15,Manitoba,Téléphone,Sports,Raquette,3,187.66,0.0
ORD-101119,CUST-0601,2025-04-19,Ontario,Téléphone,Maison,Aspirateur,4,466.33,0.05
ORD-102728,CUST-0460,2024-01-16,Colombie-Britannique,Téléphone,Vêtements,Chaussures,1,266.67,0.15
ORD-102513,CUST-1152,2024-07-18,Québec,Téléphone,Électronique,Clavier,3,801.62,0.1
ORD-101921,CUST-0560,2024-01-18,Alberta,En ligne,Sports,Tapis yoga,4,479.75,0.1
ORD-100655,CUST-0130,2025-09-30,Colombie-Britannique,En ligne,Sports,Sac sport,1,336.29,0.1
ORD-104902,CUST-0421,2024-01-21,Colombie-Britannique,Magasin,Électronique,Souris,1,468.9,0.0
ORD-106986,CUST-0339,2025-01-05,Alberta,Téléphone,Vêtements,Chaussures,1,93.65,0.05
ORD-107887,CUST-0014,2025-03-05,Québec,Magasin,Maison,Mixeur,2,216.38,0.05
ORD-106096,CUST-0250,2024-09-14,Colombie-Britannique,En ligne,Maison,Chaise,1,291.52,0.0
ORD-106261,CUST-0228,2025-12-02,Alberta,Magasin,Maison,Lampe,4,389.49,0.0
ORD-106602,CUST-1193,2025-10-13,Québec,En ligne,Beauté,Parfum,4,87.98,0.2
ORD-106472,CUST-0698,2025-02-21,Alberta,Magasin,Sports,Sac sport,2,339.74,0.05
ORD-102208,CUST-0607,2024-01-25,Québec,En ligne,Vêtements,Chaussures,1,23.8,0.0
ORD-100558,CUST-0837,2025-05-22,Alberta,Magasin,Vêtements,Veste,4,172.64,0.1
ORD-107505,CUST-0638,2025-12-13,Colombie-Britannique,Téléphone,Sports,Sac sport,2,472.98,0.2
ORD-101371,CUST-0616,2025-01-06,Alberta,En ligne,Sports,Vélo,1,505.84,0.05
ORD-100907,CUST-0893,2024-08-12,Alberta,En ligne,Sports,Ballon,1,641.89,0.05
ORD-107988,CUST-1190,2024-05-10,Alberta,Téléphone,Vêtements,Chaussures,1,82.62,0.05
ORD-101433,CUST-0984,2024-03-21,Colombie-Britannique,Téléphone,Maison,Lampe,1,241.65,0.0
ORD-106433,CUST-0873,2025-06-11,Ontario,Magasin,Maison,Aspirateur,2,445.74,0.05
ORD-106271,CUST-0183,2025-05-24,Colombie-Britannique,Magasin,Vêtements,Jean,1,120.01,0.0
ORD-107180,CUST-0468,2024-05-20,Colombie-Britannique,Magasin,Beauté,Soin visage,1,42.96,0.0
ORD-106022,CUST-0746,2024-07-17,Colombie-Britannique,En ligne,Maison,Aspirateur,1,133.55,0.0
ORD-104002,CUST-1139,2024-08-01,Québec,Téléphone,Sports,Tapis yoga,1,464.63,0.0
ORD-100926,CUST-0239,2024-09-26,Ontario,Magasin,Maison,Cafetière,2,452.36,0.15
ORD-103263,CUST-0018,2025-09-21,Québec,Téléphone,Vêtements,T-shirt,1,19.38,0.1
ORD-100015,CUST-0633,2025-09-19,Manitoba,Magasin,Vêtements,T-shirt,1,46.36,0.0
ORD-107311,CUST-1274,2024-07-07,Ontario,Magasin,Vêtements,Chaussures,1,40.08,0.0
ORD-106046,CUST-0037,2024-08-18,Colombie-Britannique,En ligne,Maison,Lampe,1,394.56,0.05
ORD-107741,CUST-0074,2025-05-04,Colombie-Britannique,Téléphone,Électronique,Tablette,1,401.4,0.05
ORD-101161,CUST-1113,2024-08-18,Alberta,En ligne,Sports,Vélo,2,586.37,0.1
ORD-104446,CUST-1467,2025-09-01,Québec,En ligne,Sports,Raquette,1,271.6,0.0
ORD-102302,CUST-0476,2025-08-20,Québec,En ligne,Électronique,Écran,2,661.23,0.05
ORD-102921,CUST-0976,2025-09-05,Manitoba,Magasin,Sports,Sac sport,2,293.3,0.05
ORD-104707,CUST-0050,2024-08-20,Québec,En ligne,Électronique,Tablette,4,823.98,0.05
ORD-102899,CUST-0318,2025-12-08,Manitoba,En ligne,Vêtements,Chaussures,1,81.51,0.0
ORD-105261,CUST-1410,2025-05-15,Alberta,En ligne,Vêtements,T-shirt,2,153.29,0.05
ORD-101362,CUST-1486,2024-02-25,Québec,Téléphone,Électronique,Clavier,1,745.27,0.05
ORD-101212,CUST-0650,2024-02-20,Alberta,Téléphone,Sports,Vélo,2,425.07,0.0
ORD-101876,CUST-0233,2025-01-05,Ontario,En ligne,Vêtements,Veste,2,233.13,0.15
ORD-102465,CUST-0060,2025-09-01,Alberta,Téléphone,Beauté,Crème,1,184.37,0.0
ORD-107924,CUST-0251,2025-12-04,Colombie-Britannique,Magasin,Électronique,Écran,2,606.33,0.05
ORD-106279,,2025-07-25,Manitoba,Magasin,Vêtements,Chaussures,1,174.3,0.0
ORD-105830,CUST-0865,2024-09-01,Ontario,Téléphone,Maison,Aspirateur,1,67.92,0.0
ORD-101170,CUST-1098,2024-12-07,Québec,En ligne,Vêtements,Jean,2,90.18,0.0
ORD-100579,CUST-0598,2024-01-19,Manitoba,En ligne,Maison,Aspirateur,5,105.03,0.1
ORD-102182,CUST-1233,2025-10-05,Ontario,Magasin,Maison,Aspirateur,3,389.81,0.0
ORD-102943,CUST-0404,2024-03-06,Manitoba,Téléphone,Vêtements,Veste,3,16.86,0.05
ORD-103213,CUST-0392,2024-04-28,Alberta,Téléphone,Maison,Mixeur,2,46.74,0.15
ORD-101833,CUST-0029,2025-10-30,Ontario,Téléphone,Maison,Lampe,2,303.51,0.2
ORD-107677,CUST-0923,2025-08-17,Colombie-Britannique,Magasin,Électronique,Souris,2,817.35,0.0
ORD-101859,CUST-1145,2024-07-31,Alberta,Magasin,Sports,Ballon,4,556.67,0.0
ORD-102582,CUST-0587,2025-11-29,Ontario,Magasin,Maison,Cafetière,4,92.54,0.05
ORD-107933,CUST-1236,2025-04-19,Québec,Téléphone,Électronique,Casque audio,1,844.82,0.1
ORD-104237,CUST-0073,2025-01-23,Colombie-Britannique,En ligne,Vêtements,Jean,3,122.55,0.0
ORD-102586,CUST-1338,2024-03-25,Québec,Magasin,Maison,Mixeur,1,61.06,0.1
ORD-103439,,2025-05-19,Colombie-Britannique,Téléphone,Sports,Raquette,3,556.65,0.1
ORD-100387,CUST-0290,2025-03-08,Manitoba,Téléphone,Beauté,Maquillage,2,195.07,0.1
ORD-107296,CUST-0177,2025-09-06,Manitoba,En ligne,Beauté,Parfum,1,249.34,0.15
ORD-101032,CUST-0427,2024-07-28,Colombie-Britannique,En ligne,Beauté,Soin visage,3,144.73,0.15
ORD-105636,CUST-0400,2024-02-02,Manitoba,En ligne,Électronique,Écran,1,102.03,0.15
ORD-107762,CUST-0631,2024-11-13,Alberta,Téléphone,Électronique,Casque audio,3,831.37,0.0
ORD-105858,,2025-05-02,Québec,Magasin,Maison,Chaise,3,161.78,0.15
ORD-102345,CUST-0955,2025-07-25,Québec,Magasin,Maison,Cafetière,4,264.2,0.1
ORD-100931,CUST-1299,2024-03-28,Alberta,Magasin,Beauté,Crème,1,32.44,0.05
ORD-106059,CUST-0390,2024-06-28,Manitoba,Téléphone,Maison,Aspirateur,2,481.06,0.1
ORD-100691,CUST-0366,2024-06-26,Ontario,Téléphone,Beauté,Soin visage,2,225.82,0.1
ORD-101891,CUST-0925,2025-08-11,Colombie-Britannique,Magasin,Électronique,Clavier,1,196.68,0.05
ORD-103834,CUST-1360,2025-01-02,Alberta,En ligne,Beauté,Shampoing,3,211.33,0.05
ORD-102908,CUST-1044,2025-05-03,Colombie-Britannique,En ligne,Maison,Chaise,1,285.0,0.0
ORD-103393,CUST-0385,2024-06-07,Colombie-Britannique,En ligne,Sports,Sac sport,1,456.64,0.15
ORD-102542,CUST-0618,2025-02-19,Colombie-Britannique,Magasin,Électronique,Écran,3,108.35,0.15
ORD-106829,CUST-0715,2024-05-26,Ontario,Téléphone,Maison,Chaise,2,463.98,0.05
ORD-100044,CUST-0453,2024-07-22,Ontario,En ligne,Vêtements,Manteau,1,103.75,0.2
ORD-103307,CUST-0291,2025-02-25,Manitoba,Téléphone,Beauté,Parfum,2,79.95,0.05
ORD-107488,CUST-0923,2025-05-19,Manitoba,Magasin,Vêtements,T-shirt,4,206.08,0.2
ORD-107124,CUST-1440,2025-02-28,Ontario,Téléphone,Vêtements,Chaussures,3,142.79,0.15
ORD-107358,CUST-0765,2025-05-04,Colombie-Britannique,En ligne,Beauté,Parfum,1,70.81,0.1
ORD-105018,CUST-1079,2025-07-24,Alberta,En ligne,Beauté,Crème,1,201.44,0.0
ORD-103077,CUST-0005,2024-07-20,Colombie-Britannique,Magasin,Beauté,Shampoing,3,40.38,0.1
ORD-101683,CUST-0405,2024-04-24,Manitoba,Téléphone,Beauté,Shampoing,2,14.71,0.1
ORD-106032,CUST-0113,2024-01-30,Colombie-Britannique,En ligne,Beauté,Maquillage,3,14.5,0.1
ORD-103043,CUST-0503,2024-06-21,Ontario,Magasin,Vêtements,Manteau,2,200.23,0.05
ORD-105723,CUST-0629,2025-09-01,Ontario,En ligne,Électronique,Tablette,1,793.54,0.0
ORD-100063,CUST-0764,2024-08-16,Colombie-Britannique,Téléphone,Beauté,Soin visage,1,20.42,0.15
ORD-105538,CUST-0848,2025-01-17,Manitoba,MAGASIN,Vêtements,Jean,1,26.8,0.05
ORD-107531,CUST-1192,2024-05-28,Alberta,Magasin,Électronique,Souris,1,458.01,
ORD-103785,CUST-0420,2025-01-05,Colombie-Britannique,En ligne,Électronique,Tablette,5,115.85,0.05
ORD-100227,CUST-0043,2024-09-10,Ontario,Téléphone,Vêtements,Jean,1,257.66,0.0
ORD-103095,CUST-0739,2025-04-16,Colombie-Britannique,Téléphone,Maison,Chaise,1,210.37,0.05
ORD-105064,CUST-0183,2025-12-06,Colombie-Britannique,Téléphone,Beauté,Soin visage,4,140.98,0.05
ORD-102478,CUST-0801,2024-05-21,Québec,En ligne,Vêtements,T-shirt,1,272.2,0.0
ORD-104911,CUST-1218,2024-09-28,Colombie-Britannique,En ligne,Maison,Aspirateur,1,60.92,0.1
ORD-100969,CUST-1133,2024-10-22,Québec,Téléphone,Vêtements,Jean,4,272.22,0.15
ORD-101805,CUST-0423,2025-05-05,Manitoba,Téléphone,Maison,Aspirateur,1,396.56,0.05
ORD-106922,CUST-1057,2025-08-15,Alberta,En ligne,Beauté,Soin visage,1,241.71,0.05
ORD-104125,CUST-0714,2024-03-08,Ontario,Téléphone,Sports,Vélo,1,358.75,0.0
ORD-104292,CUST-1243,2025-05-18,Québec,Téléphone,Vêtements,Manteau,1,31.45,0.0
ORD-105738,CUST-0265,2024-03-23,Manitoba,En ligne,Maison,Chaise,2,350.68,0.05
ORD-102753,CUST-0015,2025-11-18,Colombie-Britannique,En ligne,Maison,Lampe,1,105.74,0.05
ORD-106012,CUST-0585,2025-02-16,Manitoba,Magasin,Sports,Tapis yoga,3,587.19,0.1
ORD-101860,CUST-0987,2025-03-02,Manitoba,Téléphone,Électronique,Souris,1,792.64,0.05
ORD-104060,CUST-1161,2025-01-03,Ontario,Magasin,Vêtements,Manteau,3,134.82,0.15
ORD-107670,CUST-0588,2024-10-06,Manitoba,Téléphone,Beauté,Shampoing,2,20.76,0.2
ORD-106222,CUST-0187,2025-06-20,Colombie-Britannique,Magasin,Maison,Aspirateur,2,384.63,0.0
ORD-103126,CUST-1328,2025-09-05,Manitoba,Téléphone,Maison,Cafetière,1,148.92,0.0
ORD-100252,CUST-0500,2025-08-20,Ontario,En ligne,Beauté,Parfum,1,95.29,0.1
ORD-105071,CUST-0340,2024-12-25,Manitoba,Téléphone,Vêtements,T-shirt,3,183.71,0.1
ORD-105241,CUST-1349,2025-07-08,Colombie-Britannique,En ligne,Beauté,Soin visage,2,50.45,0.0
ORD-101789,CUST-1223,2025-10-20,Ontario,Magasin,Électronique,Clavier,1,866.19,0.0
ORD-107764,CUST-0512,2025-05-12,Manitoba,Téléphone,Sports,Ballon,1,390.02,0.0
ORD-102059,CUST-1262,2025-11-21,Québec,Magasin,Électronique,Clavier,1,780.33,0.05
ORD-104731,CUST-1479,2025-02-02,Colombie-Britannique,En ligne,Vêtements,Veste,2,198.48,0.0
ORD-102436,CUST-1131,2024-08-28,Alberta,Magasin,Beauté,Shampoing,1,15.74,0.0
ORD-104829,CUST-1497,2024-12-06,Ontario,Téléphone,Vêtements,Veste,5,141.56,0.05
ORD-101902,CUST-0435,2024-02-12,Québec,En ligne,Vêtements,Manteau,2,34.83,0.05
ORD-102119,CUST-0551,2024-08-15,Manitoba,En ligne,Beauté,Maquillage,1,81.45,0.05
ORD-105963,CUST-1225,2024-07-09,Québec,Magasin,Beauté,Shampoing,1,42.57,0.05
ORD-107398,CUST-0900,2024-01-26,Colombie-Britannique,En ligne,Maison,Mixeur,1,461.34,0.05
ORD-103529,CUST-0832,2025-10-14,Ontario,En ligne,Vêtements,Veste,1,137.35,0.0
ORD-106239,CUST-0981,2024-11-27,Colombie-Britannique,Magasin,Vêtements,T-shirt,2,187.1,0.1
ORD-104615,CUST-0010,2025-02-13,Alberta,Magasin,Beauté,Parfum,1,35.56,0.2
ORD-100075,CUST-0806,2024-11-01,Ontario,En ligne,Maison,Cafetière,1,85.46,0.0
ORD-103096,CUST-0716,2024-07-29,Ontario,Téléphone,Beauté,Maquillage,1,21.61,0.1
ORD-100430,CUST-0471,2025-02-17,Québec,Téléphone,Sports,Ballon,3,478.7,0.15
ORD-105362,CUST-0548,2024-12-13,Alberta,Téléphone,Maison,Cafetière,2,154.85,0.0
ORD-106769,CUST-0274,2025-04-25,Manitoba,Magasin,Sports,,2,213.3,0.1
ORD-105643,CUST-0282,2025-11-03,Ontario,En ligne,Vêtements,Chaussures,2,244.21,0.1
ORD-102770,CUST-0196,2025-06-25,Alberta,En ligne,Sports,Raquette,2,15.94,0.1
ORD-102412,CUST-0900,2024-04-19,Ontario,Magasin,Électronique,Clavier,3,857.03,0.05
ORD-105973,CUST-1091,2025-12-25,Colombie-Britannique,Téléphone,Beauté,Soin visage,3,203.82,0.05
ORD-105494,CUST-0323,2024-01-10,Manitoba,En ligne,Maison,Aspirateur,1,305.77,0.15
ORD-102348,CUST-0117,2024-09-23,Ontario,Magasin,Beauté,Crème,2,101.71,0.05
ORD-106001,CUST-1442,2025-08-21,Colombie-Britannique,Téléphone,Vêtements,T-shirt,2,78.5,0.15
ORD-100240,CUST-0540,2025-07-16,Alberta,En ligne,Maison,Mixeur,1,391.83,0.1
ORD-100783,CUST-1354,2025-11-13,Québec,En ligne,Maison,Aspirateur,1,251.9,0.0
ORD-101354,CUST-0995,2025-05-17,Alberta,Magasin,Beauté,Soin visage,1,220.57,0.1
ORD-106260,CUST-0619,2024-07-24,Québec,Téléphone,Sports,Vélo,2,302.42,0.1
ORD-100977,CUST-0714,2025-05-12,Québec,En ligne,Maison,Mixeur,1,90.78,0.0
ORD-100809,CUST-0551,2025-08-23,Colombie-Britannique,Magasin,Vêtements,Chaussures,3,89.29,0.0
ORD-102168,CUST-1294,2025-04-24,Colombie-Britannique,En ligne,Maison,Aspirateur,2,329.93,0.05
ORD-107634,CUST-0237,2025-10-05,Colombie-Britannique,Magasin,Sports,Sac sport,4,126.82,0.0
ORD-101599,CUST-0957,2024-03-27,Manitoba,Magasin,Sports,Raquette,5,182.61,0.15
ORD-102447,CUST-1442,2025-10-23,Colombie-Britannique,Téléphone,Maison,Lampe,4,90.94,0.1
ORD-103193,CUST-0217,2024-11-30,Ontario,Magasin,Électronique,Souris,3,320.21,
ORD-101620,CUST-1185,2024-05-28,Manitoba,En ligne,Électronique,Écran,1,733.54,0.0
ORD-102874,CUST-0435,2024-01-30,Ontario,Magasin,Sports,Tapis yoga,4,520.63,0.1
ORD-101482,CUST-1081,2024-04-06,Alberta,Téléphone,Vêtements,Veste,2,176.44,0.0
ORD-105402,CUST-0079,2025-04-30,Manitoba,Magasin,Sports,Vélo,1,74.27,0.0
ORD-101801,CUST-0501,2025-11-17,Manitoba,Magasin,Électronique,Tablette,2,642.41,0.05
ORD-102095,CUST-0810,2024-01-01,Colombie-Britannique,Magasin,Beauté,Soin visage,1,16.25,0.05
ORD-107055,CUST-0233,2025-07-04,Québec,En ligne,Sports,Sac sport,2,621.12,0.0
ORD-101357,CUST-0288,2024-05-03,Colombie-Britannique,Magasin,Vêtements,Veste,1,200.32,0.0
ORD-107118,CUST-0821,2024-03-09,Alberta,En ligne,Maison,Aspirateur,1,86.17,0.0
ORD-105148,CUST-0206,2024-12-01,Manitoba,En ligne,Électronique,Tablette,2,202.65,0.0
ORD-102937,CUST-1106,2024-12-07,Ontario,En ligne,Sports,,4,413.9,0.0
ORD-102829,CUST-1378,2025-12-04,Colombie-Britannique,Magasin,Maison,Mixeur,1,435.73,0.05
ORD-107426,CUST-0204,2025-07-05,Québec,En ligne,Électronique,Souris,1,874.76,0.1
ORD-103887,CUST-0952,2025-04-26,Manitoba,En ligne,Maison,Mixeur,1,431.63,0.1
ORD-104229,CUST-0155,2024-04-22,Colombie-Britannique,Magasin,Sports,Raquette,2,693.75,0.05
ORD-105270,CUST-0763,2025-09-03,Manitoba,En ligne,Vêtements,Manteau,2,20.79,0.0
ORD-106080,CUST-0303,2024-07-08,Alberta,Magasin,Sports,Sac sport,1,27.56,0.0
ORD-107719,CUST-0869,2025-06-28,Colombie-Britannique,Magasin,Sports,Vélo,3,689.63,0.0
ORD-102328,CUST-0416,2024-02-20,Ontario,Téléphone,Vêtements,Chaussures,2,229.71,0.0
ORD-100029,CUST-0038,2024-08-17,Manitoba,Téléphone,Électronique,Souris,2,585.43,0.0
ORD-104730,CUST-0966,2025-08-18,Colombie-Britannique,Téléphone,Maison,Chaise,1,448.67,0.1
ORD-105632,CUST-1230,2024-11-26,Colombie-Britannique,Magasin,Vêtements,Veste,1,223.85,0.1
ORD-101092,CUST-0066,2024-06-15,Québec,Téléphone,Maison,Cafetière,1,251.71,0.0
ORD-100124,CUST-1402,2025-08-10,Manitoba,En ligne,Vêtements,T-shirt,1,172.94,0.1
ORD-105022,CUST-0063,2025-05-19,Québec,MAGASIN,Beauté,Maquillage,2,180.38,0.1
ORD-105902,CUST-0901,2025-07-11,Ontario,Téléphone,Vêtements,T-shirt,1,44.5,0.0
ORD-106518,CUST-1487,2025-01-29,Québec,Téléphone,Vêtements,Jean,1,27.99,0.05
ORD-107314,CUST-1345,2024-12-25,Ontario,Téléphone,Électronique,Tablette,1,893.82,0.2
ORD-102298,CUST-0353,2024-07-01,Manitoba,Magasin,Maison,Cafetière,3,150.0,0.05
ORD-105143,CUST-1424,2025-05-20,Québec,En ligne,Électronique,Clavier,1,517.54,0.15
ORD-101553,CUST-0299,2024-02-11,Alberta,Magasin,Électronique,Clavier,1,108.22,0.0
ORD-106827,CUST-0347,2025-01-08,Colombie-Britannique,Magasin,Beauté,Maquillage,2,176.77,0.05
ORD-100598,CUST-0592,2024-10-20,Manitoba,En ligne,Électronique,Tablette,2,156.09,0.05
ORD-103341,CUST-0703,2025-10-18,Ontario,Magasin,Électronique,Casque audio,2,459.92,0.05
ORD-101416,CUST-0421,2024-11-11,Colombie-Britannique,Téléphone,Vêtements,Manteau,1,40.74,0.05
ORD-106302,CUST-0061,2024-07-04,Colombie-Britannique,Magasin,Vêtements,Veste,1,259.09,0.1
ORD-104174,CUST-0593,2024-01-30,Québec,Magasin,Vêtements,Jean,1,129.98,0.15
ORD-104694,CUST-0696,2025-06-05,Québec,Téléphone,Vêtements,Jean,1,115.43,0.0
ORD-103757,CUST-1324,2024-06-06,Québec,Téléphone,Beauté,Crème,1,172.73,0.05
ORD-102197,CUST-1498,2024-09-23,Manitoba,Magasin,Maison,Lampe,4,174.73,0.1
ORD-107530,CUST-1276,2025-12-27,Manitoba,En ligne,Maison,Cafetière,1,434.69,0.1
ORD-104674,CUST-0347,2024-08-24,Québec,Téléphone,Vêtements,T-shirt,2,221.03,0.05
ORD-104678,CUST-0073,2024-03-14,Alberta,En ligne,Maison,Aspirateur,1,53.07,0.1
ORD-100808,CUST-1439,2024-03-09,Québec,En ligne,Beauté,Shampoing,3,206.28,0.2
ORD-105528,CUST-1309,2024-05-01,Manitoba,Magasin,Maison,Chaise,2,318.14,0.15
ORD-100958,CUST-0754,2025-08-24,Ontario,Téléphone,Électronique,Casque audio,2,184.08,0.1
ORD-102407,CUST-0984,2025-05-02,Manitoba,Téléphone,Électronique,Tablette,2,633.61,0.15
ORD-106672,CUST-0155,2025-07-21,Québec,En ligne,Vêtements,T-shirt,2,227.0,0.15
ORD-100810,CUST-0804,2024-11-20,Québec,En ligne,Maison,Aspirateur,2,190.91,0.1
ORD-100834,CUST-1329,2024-12-19,Ontario,Magasin,Beauté,Soin visage,1,94.17,0.1
ORD-104879,CUST-0685,2024-01-20,Alberta,En ligne,Maison,Aspirateur,1,466.65,0.0
ORD-102627,CUST-0089,2025-09-10,Manitoba,Téléphone,Vêtements,T-shirt,5,145.05,0.05
ORD-101235,CUST-0740,2025-11-22,Ontario,Magasin,Beauté,Shampoing,4,205.41,0.15
ORD-101225,CUST-0253,2025-04-22,Québec,Téléphone,Vêtements,Veste,2,171.92,0.0
ORD-107713,CUST-0493,2025-08-15,Québec,Téléphone,Vêtements,Jean,1,56.43,0.2
ORD-107470,CUST-1002,2025-02-16,Alberta,Téléphone,Électronique,Casque audio,1,47.45,0.0
ORD-105610,CUST-0300,2025-02-26,Alberta,Téléphone,Électronique,Écran,1,786.47,0.1
ORD-104056,CUST-0827,2024-02-21,Manitoba,Téléphone,Électronique,Écran,2,432.05,0.05
ORD-102825,CUST-0609,2025-06-29,Alberta,Magasin,Maison,Cafetière,1,38.82,0.0
ORD-104949,CUST-0576,2024-06-15,Alberta,Téléphone,Beauté,Soin visage,1,244.09,0.0
ORD-106813,CUST-1011,2025-12-26,Québec,En ligne,Maison,Lampe,3,218.86,0.1
ORD-104190,CUST-1388,2025-06-10,Québec,Magasin,Vêtements,T-shirt,1,149.11,0.15
ORD-101657,CUST-1039,2024-08-13,Québec,Magasin,Sports,Ballon,1,238.63,0.0
ORD-106884,CUST-0344,2025-08-10,Ontario,Magasin,Beauté,Shampoing,1,226.13,0.0
ORD-100452,CUST-0505,2024-08-26,Alberta,En ligne,Maison,Aspirateur,4,226.92,0.05
ORD-107697,CUST-1055,2025-04-17,Ontario,En ligne,Maison,Lampe,2,231.18,0.1
ORD-106867,CUST-0334,2024-07-28,Manitoba,Téléphone,Électronique,Écran,1,528.86,0.15
ORD-100422,CUST-0796,2025-11-24,Manitoba,Magasin,Électronique,Tablette,2,500.66,0.0
ORD-101220,CUST-1251,2025-12-05,Ontario,Magasin,Électronique,Casque audio,2,680.17,0.1
ORD-103102,CUST-0879,2024-09-07,Ontario,Téléphone,Maison,Cafetière,1,166.22,0.2
ORD-103706,CUST-1418,2025-10-26,Ontario,Magasin,Électronique,Écran,1,569.5,0.1
ORD-107535,CUST-0118,2024-01-24,Colombie-Britannique,Téléphone,Électronique,Écran,1,807.71,0.1
ORD-103761,CUST-1354,2025-07-19,Alberta,Magasin,Électronique,Écran,4,420.95,0.1
ORD-100102,CUST-1285,2024-06-05,Colombie-Britannique,Magasin,Beauté,Maquillage,2,154.95,0.05
ORD-104963,CUST-0079,2025-07-04,Ontario,En ligne,Vêtements,Jean,1,69.59,0.15
ORD-103217,CUST-1448,2025-05-29,Colombie-Britannique,En ligne,Beauté,Parfum,1,44.83,0.05
ORD-101580,CUST-1349,2025-10-16,Ontario,En ligne,Électronique,Écran,1,43.85,0.0
ORD-107242,CUST-0174,2024-07-04,Alberta,Magasin,Beauté,Parfum,1,241.06,0.0
ORD-102206,CUST-1211,2025-01-24,Ontario,Téléphone,Maison,Cafetière,1,59.46,0.0
ORD-100170,CUST-0002,2024-08-12,Québec,Magasin,Vêtements,Chaussures,1,236.1,0.15
ORD-107812,CUST-0962,2024-12-26,Alberta,En ligne,Électronique,Tablette,2,497.25,0.0
ORD-100135,CUST-0137,2025-11-18,Ontario,Téléphone,Maison,Chaise,2,170.17,0.0
ORD-103315,CUST-0607,2024-03-18,Québec,En ligne,Maison,Aspirateur,1,434.58,0.1
ORD-104568,CUST-1157,2025-01-28,Colombie-Britannique,Téléphone,Électronique,Souris,1,741.73,0.0
ORD-101310,CUST-0215,2025-11-13,Manitoba,Magasin,Sports,Sac sport,1,589.51,0.05
ORD-107428,CUST-0820,2025-12-12,Québec,En ligne,Vêtements,Chaussures,1,125.4,0.05
ORD-102284,CUST-1019,2024-12-05,Québec,En ligne,Électronique,Tablette,1,254.86,0.0
ORD-106887,CUST-0660,2025-03-19,Ontario,Téléphone,Maison,Aspirateur,4,365.42,0.1
ORD-104557,CUST-0848,2024-05-26,Colombie-Britannique,En ligne,Vêtements,Manteau,1,130.05,0.0
ORD-105244,CUST-1454,2025-05-13,Manitoba,Téléphone,Électronique,Écran,2,537.65,0.1
ORD-104633,CUST-1068,2024-04-18,Ontario,Téléphone,Électronique,Clavier,4,462.05,0.0
ORD-101935,CUST-1159,2025-04-01,Québec,En ligne,Sports,Ballon,1,581.99,0.1
ORD-106470,CUST-1320,2024-06-20,Colombie-Britannique,Téléphone,Maison,Cafetière,1,107.18,0.05
ORD-107977,CUST-0937,2025-04-04,Manitoba,En ligne,Sports,Vélo,1,318.06,0.0
ORD-103101,CUST-1187,2025-07-11,Colombie-Britannique,Magasin,Maison,Chaise,1,271.52,0.0
ORD-100807,CUST-0332,2025-08-28,Manitoba,EN LIGNE,Beauté,Parfum,0,47.73,0.2
ORD-102045,CUST-0596,2025-10-06,Ontario,Téléphone,Électronique,Écran,2,613.64,0.15
ORD-103169,CUST-1143,2024-02-15,Colombie-Britannique,En ligne,Vêtements,Chaussures,1,150.91,0.15
ORD-100462,CUST-0651,2025-09-13,Ontario,Téléphone,Maison,Chaise,1,129.86,0.05
ORD-101956,CUST-0103,2024-08-29,Manitoba,En ligne,Sports,Tapis yoga,1,153.84,0.0
ORD-107698,CUST-0075,2024-11-04,Colombie-Britannique,Téléphone,Beauté,Maquillage,2,121.07,0.05
ORD-100799,CUST-0064,2025-10-25,Ontario,En ligne,Maison,Lampe,1,442.11,0.2
ORD-102402,CUST-0812,2024-04-22,Colombie-Britannique,En ligne,Maison,Cafetière,5,137.94,0.0
ORD-103912,CUST-0820,2025-01-22,Colombie-Britannique,En ligne,Maison,Chaise,2,40.5,0.0
ORD-101073,CUST-1235,2025-10-27,Manitoba,Téléphone,Vêtements,Manteau,1,211.17,0.1
ORD-103288,CUST-0733,2024-08-06,Manitoba,Téléphone,Maison,Chaise,2,111.12,0.05
ORD-100144,CUST-1334,2024-08-30,Manitoba,En ligne,Beauté,Crème,1,247.88,0.0
ORD-101340,CUST-1090,2025-02-25,Colombie-Britannique,Magasin,Vêtements,Veste,2,177.65,0.05
ORD-105444,CUST-1202,2025-11-06,Québec,En ligne,Maison,Mixeur,4,140.26,0.05
ORD-103199,CUST-1212,2024-12-11,Manitoba,En ligne,Électronique,Écran,5,813.59,0.0
ORD-102091,CUST-1081,2025-05-12,Québec,Magasin,Beauté,Shampoing,2,246.96,0.1
ORD-107151,CUST-0315,2025-02-22,Québec,Magasin,Beauté,Soin visage,1,52.04,0.05
ORD-106228,CUST-0545,2025-11-29,Alberta,Magasin,Sports,Vélo,1,562.1,0.05
ORD-107021,CUST-0539,2024-03-22,Colombie-Britannique,En ligne,Électronique,Casque audio,1,173.73,0.0
ORD-104526,CUST-1347,2024-06-26,Québec,Magasin,Électronique,Casque audio,1,64.36,0.1
ORD-104814,CUST-0801,2025-07-21,Colombie-Britannique,Magasin,Électronique,Casque audio,1,818.47,0.15
ORD-106980,CUST-1424,2024-03-23,Québec,En ligne,Sports,Tapis yoga,3,645.05,0.15
ORD-101003,CUST-0790,2024-11-29,Québec,Magasin,Beauté,Maquillage,5,240.57,0.0
ORD-104830,CUST-0837,2025-08-13,Manitoba,En ligne,Sports,Tapis yoga,3,299.7,0.15
ORD-102995,CUST-0047,2024-02-26,Alberta,En ligne,Beauté,Maquillage,1,220.13,0.15
ORD-100555,CUST-0710,2025-01-30,Québec,Magasin,Vêtements,Manteau,2,184.14,0.0
ORD-106399,CUST-0941,2024-01-10,Ontario,En ligne,Vêtements,Jean,1,260.3,0.1
ORD-106803,CUST-1485,2025-12-21,Colombie-Britannique,Magasin,Maison,Chaise,4,141.6,0.0
ORD-101485,CUST-1234,2025-05-10,Ontario,En ligne,Électronique,Casque audio,1,150.37,0.1
ORD-105774,CUST-0349,2025-07-20,Colombie-Britannique,Magasin,Électronique,Clavier,3,606.69,0.2
ORD-101272,CUST-0997,2025-08-06,Québec,Téléphone,Sports,Raquette,4,365.84,0.05
ORD-101411,CUST-0113,2025-07-22,Québec,Téléphone,Maison,Aspirateur,2,163.06,0.0
ORD-107770,CUST-1420,2024-08-28,Manitoba,Magasin,Beauté,Crème,1,216.83,0.0
ORD-107383,CUST-0312,2025-04-18,Ontario,Téléphone,Sports,Vélo ,1,209.7,0.1
ORD-101471,CUST-0419,2024-05-01,Alberta,Téléphone,Maison,Cafetière,1,346.48,0.0
ORD-106318,CUST-0214,2025-03-13,Québec,Magasin,Sports,Tapis yoga,1,536.8,0.0
ORD-102650,CUST-1010,2024-08-10,Manitoba,En ligne,Électronique,Tablette,2,204.57,0.2
ORD-107937,CUST-0286,2024-12-07,Manitoba,En ligne,Maison,Mixeur,3,318.45,0.05
ORD-104671,CUST-1157,2025-05-13,Ontario,En ligne,Maison,Cafetière,1,226.88,0.05
ORD-105314,CUST-1021,2025-06-09,Québec,En ligne,Beauté,Soin visage,5,190.28,0.05
ORD-103780,CUST-0383,2025-12-10,Colombie-Britannique,En ligne,Maison,Aspirateur,1,279.44,0.05
ORD-100981,CUST-1169,2024-12-31,Colombie-Britannique,Magasin,Sports,Ballon,2,254.1,0.2
ORD-106854,CUST-0847,2025-12-14,Colombie-Britannique,En ligne,Électronique,Clavier,4,511.87,0.1
ORD-102845,CUST-1036,2025-03-07,Alberta,Téléphone,Beauté,Parfum,1,228.9,0.1
ORD-107129,CUST-1185,2024-04-16,Colombie-Britannique,En ligne,Électronique,Clavier,3,123.34,0.1
ORD-101268,CUST-0878,2024-01-06,Ontario,Téléphone,Beauté,Maquillage,1,10.22,0.1
ORD-107659,CUST-1462,2025-06-30, manitoba ,En ligne,Maison,Chaise,1,172.2,0.05
ORD-100268,CUST-1423,2025-11-02,Alberta,Téléphone,Beauté,Maquillage,1,195.25,0.0
ORD-100654,CUST-1215,2025-11-12,Alberta,Magasin,Vêtements,,1,52.7,0.0
ORD-105417,CUST-1259,2025-05-19,Alberta,Magasin,Vêtements,Chaussures,4,210.08,0.05
ORD-102903,CUST-1416,2024-12-06,Alberta,En ligne,Vêtements,Chaussures,3,76.63,0.05
ORD-102884,CUST-0209,2024-05-06,Manitoba,Téléphone,Électronique,Clavier,1,115.78,0.0
ORD-104958,CUST-0024,2024-01-12,Québec,Téléphone,Maison,Lampe,1,497.55,0.0
ORD-105756,CUST-1021,2025-02-26,Colombie-Britannique,Téléphone,Maison,Chaise,1,410.69,0.05
ORD-100589,CUST-1449,2025-02-11,Québec,Magasin,Beauté,Soin visage,1,33.52,0.0
ORD-103837,CUST-0578,2024-11-05,Ontario,Magasin,Vêtements,Jean,1,291.07,0.0
ORD-102778,CUST-0099,2025-12-06,Manitoba,Téléphone,Maison,Chaise,2,83.94,0.05
ORD-102836,CUST-0849,2025-11-11,Manitoba,En ligne,Maison,Mixeur,3,345.6,0.0
ORD-104436,CUST-1394,2025-07-20,Alberta,Magasin,Sports,Raquette,1,331.19,0.0
ORD-104013,CUST-1226,2025-02-18,Ontario,Magasin,Sports,Ballon,4,507.39,0.05
ORD-105195,CUST-1017,2025-11-25,Alberta,Magasin,Électronique,Clavier,2,361.21,0.15
ORD-103245,CUST-0918,2024-08-15,Colombie-Britannique,En ligne,Beauté,Parfum,1,234.35,0.05
ORD-101808,CUST-1089,2024-04-26,Québec,En ligne,Sports,Raquette,5,281.3,0.05
ORD-106954,CUST-0935,2025-08-18,,Magasin,Sports,Ballon,4,167.62,0.0
ORD-107948,CUST-0823,2024-02-29,Alberta,Téléphone,Électronique,Clavier,1,312.22,0.05
ORD-104510,CUST-0677,2025-01-24,Alberta,Magasin,Beauté,Parfum,2,142.4,0.05
ORD-100677,CUST-1465,2025-10-13,Québec,En ligne,Maison,Aspirateur,1,177.63,0.05
ORD-105325,CUST-0575,2025-02-15,Ontario,Magasin,Sports,Vélo,2,153.23,0.0
ORD-106935,CUST-0162,2025-07-01,Ontario,En ligne,Électronique,Tablette,1,847.37,0.15
ORD-105871,CUST-0982,2025-10-02,Colombie-Britannique,Téléphone,Beauté,Soin visage,4,215.0,0.0
ORD-103065,CUST-0979,2024-04-06,Ontario,Magasin,Sports,Vélo,1,21.16,0.1
ORD-105404,CUST-1281,2025-09-30,Ontario,Magasin,Beauté,Parfum,3,175.93,0.1
ORD-107008,CUST-0697,2024-10-29,Alberta,En ligne,Électronique,Tablette,3,51.47,0.0
ORD-102432,CUST-0479,2024-11-11,Ontario,Magasin,Électronique,Tablette,3,177.1,0.15
ORD-104207,CUST-0557,2024-02-29,Ontario,Téléphone,Beauté,Crème,1,58.7,0.05
ORD-104035,CUST-0361,2025-03-21,Colombie-Britannique,Téléphone,Vêtements,Chaussures,1,75.54,0.1
ORD-103932,CUST-1052,2024-12-07,Ontario,Téléphone,Sports,Vélo,2,307.89,0.0
ORD-104149,CUST-1074,2024-09-05,Ontario,Téléphone,Vêtements,Chaussures,2,211.58,0.0
ORD-105386,CUST-0273,2025-11-23,Alberta,En ligne,Maison,Aspirateur,2,63.89,0.1
ORD-103656,CUST-1467,2024-09-26,Colombie-Britannique,En ligne,Sports,Sac sport,2,574.13,0.0
ORD-101611,CUST-1195,2025-05-27,Ontario,En ligne,Électronique,Écran,3,423.35,0.2
ORD-104304,CUST-0923,2025-10-14,Québec,Magasin,Vêtements,Manteau,2,131.14,0.05
ORD-104294,CUST-0508,2025-08-14,Québec,Téléphone,Maison,Aspirateur,2,187.29,0.1
ORD-105097,CUST-0798,2024-11-08,Québec,En ligne,Sports,Ballon,1,553.08,0.1
ORD-102609,CUST-0367,2025-04-06,Ontario,Magasin,Maison,Lampe,1,213.67,0.0
ORD-102692,CUST-0575,2025-08-27,Alberta,Magasin,Maison,Mixeur,1,447.96,0.05
ORD-103915,CUST-0946,2024-05-08,Colombie-Britannique,Magasin,Électronique,Tablette,2,786.45,0.0
ORD-100605,CUST-1379,2024-08-12,Alberta,En ligne,Beauté,Soin visage,1,35.12,0.0
ORD-105629,CUST-1094,2024-09-17,Colombie-Britannique,En ligne,Électronique,Tablette,2,627.2,0.0
ORD-104560,CUST-0754,2024-05-09,Alberta,Téléphone,Sports,Tapis yoga,1,592.89,0.05
ORD-101468,CUST-0535,2024-04-15,Québec,En ligne,Maison,Mixeur,2,218.94,0.0
ORD-105958,CUST-0725,2025-10-11,Manitoba,En ligne,Beauté,Crème,1,153.12,0.1
ORD-104270,CUST-0432,2024-03-01,Québec,Téléphone,Électronique,Casque audio,1,87.58,0.0
ORD-105372,CUST-0036,2024-10-03,Manitoba,En ligne,Maison,Lampe,1,335.07,0.0
ORD-103708,CUST-0948,2024-03-10,Colombie-Britannique,En ligne,Électronique,Écran,4,742.03,0.1
ORD-106934,CUST-0069,2024-10-13,Alberta,Téléphone,Maison,Chaise,1,441.22,0.0
ORD-103857,CUST-1045,2025-06-07,Colombie-Britannique,Téléphone,Maison,Chaise,2,203.57,0.15
ORD-102155,CUST-1172,2024-05-23,Colombie-Britannique,Magasin,Vêtements,Veste,5,155.72,0.05
ORD-104195,CUST-1324,2024-11-13,Alberta,Téléphone,Vêtements,Chaussures,1,102.63,0.15
ORD-107736,CUST-0342,2024-06-03,Québec,Téléphone,Vêtements,Veste,1,84.19,0.0
ORD-102077,CUST-0574,2024-09-23,Québec,En ligne,Maison,Lampe,3,387.61,0.05
ORD-106137,CUST-0667,2025-08-10,Manitoba,Magasin,Sports,Sac sport,1,365.91,0.1
ORD-106695,CUST-0626,2025-02-26,Alberta,En ligne,Maison,Aspirateur,1,225.42,0.1
ORD-106332,CUST-0143,2025-12-22,Ontario,Téléphone,Électronique,Casque audio,5,804.97,0.1
ORD-106945,CUST-0457,2024-10-30,Ontario,Téléphone,Beauté,Parfum,2,38.44,0.1
ORD-100584,CUST-1436,2024-08-11,Colombie-Britannique,Téléphone,Maison,Lampe,1,26.99,0.0
ORD-103459,CUST-1411,2025-07-04,Québec,Téléphone,Sports,Raquette,1,632.14,0.0
ORD-104198,CUST-0028,2025-06-11,Ontario,Téléphone,Maison,Cafetière,1,491.67,0.05
ORD-103817,CUST-0948,2025-07-28,Manitoba,En ligne,Vêtements,T-shirt,1,276.57,0.0
ORD-102855,CUST-0610,2024-06-10,Colombie-Britannique,Téléphone,Maison,Aspirateur,1,486.29,0.0
ORD-106259,CUST-0294,2024-05-28,Colombie-Britannique,En ligne,Électronique,Souris,2,144.27,0.1
ORD-105163,CUST-1011,2024-06-28,Alberta,En ligne,Maison,Mixeur,1,126.41,0.05
ORD-104601,CUST-0684,2025-09-24,Colombie-Britannique,Téléphone,Sports,Raquette,1,594.21,
ORD-104126,CUST-1486,2025-08-30,Colombie-Britannique,Magasin,Beauté,Crème,1,67.15,0.0
ORD-102534,CUST-1270,2024-12-10,Colombie-Britannique,En ligne,Électronique,Écran,3,821.1,0.15
ORD-102992,CUST-0021,2025-11-21,Ontario,En ligne,Beauté,Shampoing,2,26.46,0.05
ORD-107779,CUST-1083,2024-02-21,Alberta,En ligne,Vêtements,Veste,2,30.37,0.05
ORD-105697,CUST-1129,2025-01-16,Colombie-Britannique,Magasin,Électronique,Souris,3,76.96,0.1
ORD-100344,CUST-1012,2024-02-22,Colombie-Britannique,Magasin,Vêtements,Chaussures,2,164.99,0.05
ORD-103002,CUST-0680,2024-12-09,Québec,Magasin,Maison,Aspirateur,1,155.59,0.0
ORD-104686,CUST-0304,2025-06-15,Colombie-Britannique,Magasin,Sports,Sac sport,2,331.05,0.05
ORD-103014,CUST-0275,2024-05-20,Québec,En ligne,Maison,Cafetière,1,151.17,0.05
ORD-107583,CUST-1013,2024-05-17,Colombie-Britannique,En ligne,Beauté,Soin visage,3,151.03,0.1
ORD-107501,CUST-0632,2025-05-16,Québec,En ligne,Maison,Lampe,1,260.44,0.0
ORD-106258,CUST-0525,2024-01-26,Ontario,Magasin,Vêtements,Jean,4,282.44,0.1
ORD-103944,CUST-0534,2024-01-24,Alberta,En ligne,Sports,Raquette,1,340.67,0.05
ORD-102807,CUST-0357,2024-04-26,Manitoba,Magasin,Vêtements,Chaussures,1,69.6,0.05
ORD-100090,CUST-0194,2025-12-15,Ontario,Téléphone,Vêtements,T-shirt,2,221.03,0.15
ORD-104309,CUST-1114,2025-05-30,Colombie-Britannique,Magasin,Électronique,Écran,1,384.89,0.0
ORD-104908,CUST-0624,2024-10-31,Québec,Téléphone,Vêtements,Manteau,1,111.45,0.1
ORD-105012,CUST-1283,2024-12-02,Colombie-Britannique,Téléphone,Maison,Aspirateur,1,184.99,0.0
ORD-103412,CUST-0602,2025-01-05,Ontario,En ligne,Maison,Mixeur,1,329.12,0.15
ORD-102117,CUST-0301,2024-04-20,Colombie-Britannique,Magasin,Vêtements,Chaussures,3,267.48,0.0
ORD-104284,CUST-1012,2024-04-27,Québec,En ligne,Vêtements,Manteau,2,229.7,0.0
ORD-106139,CUST-0525,2025-12-14,Québec,En ligne,Électronique,Souris,1,757.0,0.0
ORD-104634,CUST-0063,2025-08-18,Ontario,Téléphone,Beauté,Shampoing,1,174.98,0.2
ORD-103297,CUST-0624,2024-05-21,Manitoba,Magasin,Électronique,Clavier,4,160.76,0.05
ORD-100947,CUST-0837,2025-01-23,Québec,Téléphone,Vêtements,T-shirt,3,53.62,0.05
ORD-103621,CUST-1274,2025-07-19,Ontario,En ligne,Sports,Raquette,2,350.99,0.1
ORD-107872,CUST-1398,2025-08-11,Ontario,En ligne,Beauté,Parfum,1,98.81,0.1
ORD-104288,CUST-1072,2024-04-16,Manitoba,Téléphone,Beauté,Shampoing,3,201.42,0.05
ORD-100883,CUST-0353,2024-03-06,Colombie-Britannique,En ligne,Vêtements,Manteau,1,177.14,0.15
ORD-104685,CUST-0090,2025-02-25,Alberta,Téléphone,Sports,Ballon,1,337.53,0.1
ORD-106337,CUST-0594,2025-04-24,Colombie-Britannique,Téléphone,Électronique,Écran,4,363.88,0.1
ORD-104691,CUST-0915,2025-11-11, alberta ,Téléphone,Électronique,Souris,1,685.48,0.15
ORD-103443,CUST-0876,2025-04-17,Colombie-Britannique,En ligne,Maison,Mixeur,1,74.13,0.1
ORD-104518,CUST-1001,2024-07-07,Ontario,En ligne,Beauté,Shampoing,2,185.93,0.0
ORD-107407,CUST-0910,2024-01-21,Québec,Téléphone,Beauté,Maquillage,1,175.79,0.2
ORD-105968,CUST-0283,2025-05-28,Manitoba,Magasin,Vêtements,Veste,2,19.75,0.0
ORD-105397,CUST-1253,2024-08-16,Ontario,Magasin,Maison,Mixeur,2,251.08,0.15
ORD-104827,CUST-0917,2025-12-17,Québec,En ligne,Beauté,Shampoing,1,13.02,0.05
ORD-105382,CUST-0033,2025-07-20,Alberta,En ligne,Sports,Sac sport,3,417.17,0.15
ORD-105789,CUST-1274,2025-06-22,Ontario,Magasin,Maison,Lampe,5,348.21,0.05
ORD-105670,CUST-0267,2024-05-29,Québec,Magasin,Maison,Mixeur,1,302.6,0.0
ORD-102415,CUST-0946,2024-02-09,Colombie-Britannique,Magasin,Beauté,Crème,1,68.76,0.0
ORD-106394,CUST-1285,2025-01-03,Québec,En ligne,Beauté,Shampoing,2,177.09,0.05
ORD-106128,CUST-1382,2024-05-28,Alberta,En ligne,Électronique,Clavier,3,526.5,0.05
ORD-107471,CUST-0738,2025-03-13,Alberta,Magasin,Maison,Lampe,1,279.17,0.05
ORD-105428,CUST-1114,2025-04-22,Colombie-Britannique,Téléphone,Maison,Cafetière,2,236.2,0.1
ORD-106849,CUST-1207,2025-09-24,Alberta,En ligne,Beauté,Parfum,3,141.45,0.15
ORD-102939,CUST-0955,2024-04-28,Manitoba,En ligne,Vêtements,Chaussures,2,55.6,0.0
ORD-102398,CUST-0974,2024-08-30,Québec,Magasin,Maison,Aspirateur,3,202.72,0.05
ORD-103816,CUST-1076,2024-04-03,Manitoba,En ligne,Vêtements,Chaussures,1,258.71,0.1
ORD-101710,CUST-0967,2024-11-30,Québec,Téléphone,Maison,Lampe,4,139.3,0.0
ORD-103961,CUST-0021,2025-04-21,Manitoba,Magasin,Sports,Ballon,1,385.11,0.05
ORD-104756,CUST-0539,2024-12-07,Ontario,En ligne,Maison,Aspirateur,1,303.84,0.1
ORD-101186,CUST-0007,2024-06-08,Alberta,Téléphone,Vêtements,T-shirt,1,39.64,0.1
ORD-103907,CUST-1420,2024-03-29,Alberta,Magasin,Beauté,Shampoing,1,233.71,0.0
ORD-107760,CUST-0988,2024-11-26,Colombie-Britannique,Magasin,Vêtements,Jean,1,286.15,0.1
ORD-105813,CUST-0316,2025-02-06,Alberta,Téléphone,Sports,Raquette,4,441.6,0.05
ORD-106149,CUST-0028,2024-04-09,Alberta,Téléphone,Maison,Lampe,1,61.31,0.05
ORD-107901,CUST-1361,2024-01-06,Manitoba,En ligne,Électronique,Casque audio,1,838.3,0.05
ORD-100151,CUST-1313,2024-09-18,Alberta,Magasin,Beauté,Parfum,3,93.47,0.1
ORD-100915,CUST-0890,2025-01-21,Québec,En ligne,Vêtements,T-shirt,2,30.59,0.05
ORD-101305,CUST-0417,2025-01-25,Manitoba,Téléphone,Sports,Sac sport,3,379.41,0.1
ORD-105995,CUST-0560,2025-09-17,Québec,Téléphone,Sports,Sac sport,2,54.61,0.1
ORD-107661,CUST-0631,2025-03-20,Alberta,Téléphone,Électronique,Clavier,1,502.07,0.1
ORD-105802,CUST-0158,2025-11-08,Manitoba,En ligne,Sports,Vélo,1,443.53,0.05
ORD-104763,CUST-0145,2025-02-23,Manitoba,Magasin,Sports,Tapis yoga,2,28.71,0.05
ORD-105332,CUST-0694,2024-04-28,Colombie-Britannique,Magasin,Sports,Ballon,1,609.17,0.0
ORD-101398,,2025-12-22,Colombie-Britannique,En ligne,Vêtements,T-shirt,1,70.76,0.2
ORD-102519,CUST-1092,2025-11-30,Manitoba,En ligne,Électronique,Casque audio,3,794.18,0.1
ORD-100183,CUST-0028,2024-03-06,Alberta,Magasin,Électronique,Souris,2,176.45,0.05
ORD-106885,CUST-1273,2025-11-12,Colombie-Britannique,Téléphone,Sports,Tapis yoga,3,449.82,0.15
ORD-103286,CUST-1400,2025-02-24,Colombie-Britannique,Téléphone,Vêtements,Jean,1,240.95,0.15
ORD-107416,CUST-0425,2025-08-07,Alberta,Magasin,Vêtements,Chaussures,1,67.89,0.15
ORD-102417,CUST-0450,2025-06-22,Manitoba,Magasin,Électronique,Clavier,1,264.48,0.15
ORD-100471,CUST-0825,2024-09-20,Manitoba,En ligne,Sports,Sac sport,1,488.48,0.1
ORD-100967,CUST-0677,2024-09-27,Ontario,Téléphone,Électronique,Tablette,3,801.92,0.0
ORD-105388,CUST-1403,2024-10-07,Manitoba,Téléphone,Sports,Tapis yoga,4,380.3,
ORD-107639,CUST-0802,2025-12-09,Québec,En ligne,Vêtements,Jean,4,74.03,0.05
ORD-100209,CUST-0673,2025-09-22,Manitoba,Magasin,Électronique,Écran,1,238.48,0.15
ORD-101961,CUST-0317,2025-02-20,Québec,Magasin,Beauté,Soin visage,2,173.04,0.0
ORD-100896,CUST-0706,2024-12-01,Québec,Magasin,Vêtements,Manteau,2,-164.1,0.15
ORD-106126,CUST-0700,2024-10-15,Ontario,En ligne,Maison,Chaise,1,395.18,0.0
ORD-102629,CUST-0738,2025-01-29,Alberta,En ligne,Sports,Ballon,4,294.55,0.1
ORD-104945,CUST-0210,2024-01-11,Colombie-Britannique,Magasin,Sports,Raquette,4,519.65,0.05
ORD-101773,CUST-1328,2024-09-24, ontario ,En ligne,Sports,Raquette,1,163.38,0.15
ORD-104253,CUST-1026,2024-01-20,Manitoba,En ligne,Sports,Raquette,2,629.2,0.0
ORD-102299,CUST-0770,2024-02-20,Ontario,En ligne,Maison,Cafetière,2,355.33,0.05
ORD-101209,CUST-1204,2024-02-27,Manitoba,En ligne,Vêtements,Chaussures,4,240.37,0.05
ORD-106987,CUST-0240,2025-01-10,Colombie-Britannique,Magasin,Beauté,Soin visage,1,74.91,0.15
ORD-105514,CUST-1005,2025-09-02,Colombie-Britannique,Magasin,Électronique,Écran,1,260.12,0.0
ORD-107731,CUST-1430,2024-11-10,Québec,Téléphone,Sports,Tapis yoga,1,55.97,0.0
ORD-101251,CUST-0513,2024-06-28,Manitoba,Téléphone,Électronique,Clavier,1,335.67,0.1
ORD-106880,CUST-1155,2024-10-30,Québec,Téléphone,Électronique,Clavier,1,532.8,0.05
ORD-102393,CUST-0042,2024-06-28,Ontario,Téléphone,Maison,Lampe,2,463.44,0.05
ORD-107778,CUST-1030,2025-04-25,Québec,Téléphone,Sports,Tapis yoga,1,129.41,0.15
ORD-104874,CUST-0380,2025-01-25,Alberta,En ligne,Maison,Aspirateur,2,38.38,0.0
ORD-106494,CUST-0900,2025-08-30,Colombie-Britannique,En ligne,Vêtements,Manteau,1,205.07,0.1
ORD-100292,CUST-0558,2025-07-03,Colombie-Britannique,Magasin,Électronique,Clavier,1,181.26,0.05
ORD-103045,CUST-0532,2024-06-15,Colombie-Britannique,Téléphone,Vêtements,Chaussures,4,291.03,0.15
ORD-101051,CUST-0225,2024-08-04,Manitoba,Téléphone,Sports,Tapis yoga,1,53.71,0.0
ORD-102812,CUST-1007,2025-11-10,Alberta,En ligne,Beauté,Shampoing,1,179.67,0.05
ORD-103352,CUST-0038,2025-02-19,Manitoba,En ligne,Sports,Ballon,1,210.67,0.0
ORD-100272,CUST-0177,2025-06-12,Ontario,En ligne,Beauté,Soin visage,3,183.48,0.0
ORD-102042,CUST-0685,2025-01-13,Québec,Téléphone,Maison,Chaise,2,230.56,0.0
ORD-104967,CUST-1474,2025-03-16,Manitoba,Magasin,Maison,Cafetière,3,367.43,0.15
ORD-104977,CUST-0220,2025-04-14,Québec,En ligne,Maison,Cafetière,1,209.13,0.15
ORD-104322,CUST-1431,2025-01-19,Manitoba,En ligne,Vêtements,Chaussures,1,256.18,0.05
ORD-104740,CUST-0402,2024-05-01,Colombie-Britannique,Magasin,Vêtements,T-shirt,5,40.97,0.05
ORD-101086,CUST-0049,2025-06-11,Québec,En ligne,Sports,Raquette,5,25.18,0.05
ORD-104216,CUST-0491,2024-02-29,Manitoba,En ligne,Maison,Mixeur,1,124.42,0.0
ORD-103688,CUST-0721,2025-05-10,Québec,Magasin,Beauté,Maquillage,1,118.16,0.1
ORD-104447,CUST-1202,2024-09-05,Colombie-Britannique,Magasin,Beauté,Shampoing,1,149.95,0.0
ORD-105907,CUST-0581,2025-12-14,Alberta,En ligne,Beauté,Shampoing,4,189.05,0.05
ORD-104010,CUST-1201,2024-10-13,Colombie-Britannique,Téléphone,Maison,Lampe,1,476.03,0.05
ORD-103617,CUST-0410,2025-06-12, alberta ,Magasin,Sports,Vélo,2,87.91,0.05
ORD-107354,CUST-1113,2025-06-17,Manitoba,Téléphone,Beauté,Shampoing,2,180.68,0.0
ORD-106650,CUST-1415,2025-01-03,Québec,Magasin,Électronique,Clavier,1,623.59,0.05
ORD-103411,CUST-0497,2024-10-23,Alberta,Magasin,Électronique,Souris,1,867.06,0.0
ORD-107904,CUST-0337,2024-02-24,Québec,Magasin,Sports,Sac sport,2,346.24,0.2
ORD-105598,CUST-0188,2025-11-21,Ontario,En ligne,Beauté,Parfum,1,231.13,0.0
ORD-105364,CUST-1352,2024-01-02,Alberta,En ligne,Vêtements,Jean,4,291.43,0.05
ORD-100613,CUST-1188,2025-01-10,Manitoba,Magasin,Électronique,Tablette,1,816.29,0.0
ORD-103615,CUST-0639,2024-12-12,Colombie-Britannique,Téléphone,Maison,Cafetière,4,463.51,0.1
ORD-105931,CUST-1425,2025-12-27,Québec,Magasin,Sports,Tapis yoga,1,214.35,0.0
ORD-106909,CUST-1244,2025-08-17,Colombie-Britannique,Téléphone,Vêtements,Chaussures,1,258.56,0.1
ORD-104519,CUST-0260,2025-05-11,Manitoba,Téléphone,Beauté,Shampoing,2,27.16,0.05
ORD-107084,CUST-1172,2025-06-10,Québec,Téléphone,Sports,Ballon,3,434.94,0.05
ORD-101748,CUST-0404,2024-07-10,Manitoba,En ligne,Électronique,Casque audio,3,865.58,0.0
ORD-107288,CUST-0542,2024-09-07,Manitoba,Magasin,Électronique,Casque audio,1,449.19,0.0
ORD-107925,CUST-0923,2025-12-20,Colombie-Britannique,Magasin,Beauté,Shampoing,2,166.82,0.0
ORD-104610,CUST-0460,2025-02-07,Ontario,Magasin,Beauté,Parfum,2,216.21,0.0
ORD-106129,CUST-0040,2024-01-29,Québec,Magasin,Beauté,Maquillage,3,139.95,0.1
ORD-105050,CUST-0408,2025-05-22,Québec,Téléphone,Vêtements,T-shirt,5,33.84,0.15
ORD-103214,CUST-0350,2024-05-11,Ontario,Téléphone,Beauté,Shampoing,1,180.18,0.05
ORD-106089,CUST-0256,2024-06-19,Colombie-Britannique,En ligne,Électronique,Écran,3,145.97,0.1
ORD-102154,CUST-0160,2025-07-07,Alberta,En ligne,Beauté,Soin visage,2,219.04,0.1
ORD-101344,CUST-0014,2025-04-29,Manitoba,Téléphone,Électronique,Écran,2,818.78,0.15
ORD-107810,CUST-1435,2024-06-29,Manitoba,En ligne,Maison,Aspirateur,4,469.37,0.2
ORD-106071,CUST-0247,2024-05-27,Manitoba,Magasin,Maison,Cafetière,3,309.28,0.0
ORD-102748,CUST-0367,2025-08-29,Colombie-Britannique,En ligne,Vêtements,Chaussures,1,296.78,0.1
ORD-100952,CUST-0011,2024-07-05, ontario ,Magasin,Beauté,Maquillage,1,17.91,0.05
ORD-104803,CUST-0390,2025-10-18,Ontario,Téléphone,Vêtements,Chaussures ,5,258.94,0.0
ORD-101504,CUST-0340,2025-02-15,Manitoba,Magasin,Vêtements,Manteau,1,154.1,0.15
ORD-103379,CUST-1112,2025-02-02,Manitoba,Magasin,Électronique,Souris,2,63.69,0.05
ORD-104993,CUST-0318,2025-02-13,Alberta,Téléphone,Électronique,Casque audio,3,824.8,0.1
ORD-103142,CUST-0750,2024-12-05,Manitoba,Magasin,Beauté,Maquillage,1,218.71,0.05
ORD-101121,CUST-1278,2025-08-03,Manitoba,Magasin,Beauté,Maquillage,2,226.87,0.0
ORD-107193,CUST-0146,2025-09-04,Alberta,Magasin,Électronique,Écran,2,134.78,0.1
ORD-104868,CUST-0099,2024-04-12,Alberta,Téléphone,Sports,Tapis yoga,3,494.87,0.05
ORD-103903,CUST-0257,2024-11-05,Colombie-Britannique,Téléphone,Électronique,Clavier,1,112.97,0.1
ORD-103590,CUST-1471,2025-02-17, alberta ,Magasin,Électronique,Clavier,1,174.97,0.05
ORD-105257,CUST-0100,2025-08-12,Alberta,Téléphone,Sports,Ballon,3,378.68,0.0
ORD-105743,CUST-1403,2025-09-25,Colombie-Britannique,Magasin,Maison,Lampe,2,430.23,0.1
ORD-100416,CUST-1151,2025-02-12,Colombie-Britannique,Téléphone,Maison,Cafetière,1,64.46,0.1
ORD-105833,CUST-0590,2025-04-19,Colombie-Britannique,Téléphone,Vêtements,T-shirt,1,231.68,0.0
ORD-102431,CUST-1423,2024-04-20,Alberta,Magasin,Électronique,Écran,4,86.42,0.05
ORD-103509,CUST-0178,2024-10-06,Colombie-Britannique,En ligne,Beauté,Maquillage,3,12.63,0.15
ORD-100564,CUST-1044,2025-03-15,Alberta,Téléphone,Maison,Cafetière,2,301.07,0.05
ORD-102526,CUST-0786,2025-08-05,Ontario,En ligne,Maison,Cafetière,1,216.09,0.1
ORD-101224,CUST-0615,2025-09-15,Québec,Téléphone,Beauté,Shampoing,2,236.39,0.05
ORD-100142,CUST-0949,2025-08-07,Québec,Magasin,Maison,Mixeur,2,302.77,0.0
ORD-103886,CUST-1136,2024-08-26,Ontario,Magasin,Sports,Tapis yoga,2,682.96,0.0
ORD-101490,CUST-0104,2024-08-28,Manitoba,Téléphone,Vêtements,Manteau,4,174.6,0.05
ORD-102966,CUST-1411,2025-10-09,Manitoba,Téléphone,Sports,Raquette,2,640.32,0.05
ORD-103328,CUST-0192,2025-05-01,Québec,Magasin,Beauté,Parfum,1,45.61,0.0
ORD-102653,CUST-1171,2024-01-08,Alberta,Téléphone,Sports,Ballon,2,563.74,0.15
ORD-102004,CUST-1022,2025-04-04,Ontario,Téléphone,Beauté,Soin visage,3,89.82,0.0
ORD-101194,CUST-0607,2025-10-14,Québec,Magasin,Sports,Tapis yoga,1,80.0,0.0
ORD-102927,CUST-0742,2024-09-24,Alberta,Téléphone,Beauté,Maquillage,4,111.95,0.2
ORD-106794,CUST-0422,2025-07-30,Ontario,En ligne,Beauté,Maquillage,4,190.27,0.0
ORD-101756,CUST-0147,2024-12-11,Colombie-Britannique,En ligne,Maison,Cafetière,3,473.35,0.0
ORD-100497,CUST-1242,2024-06-25,Alberta,En ligne,Vêtements,Jean,2,185.89,0.05
ORD-102751,CUST-0009,2025-09-21,Alberta,Téléphone,Électronique,,5,155.48,0.1
ORD-102926,CUST-0259,2025-05-23,Alberta,En ligne,Vêtements,Veste,2,212.54,0.05
ORD-107896,CUST-0565,2024-07-18,Manitoba,En ligne,Électronique,Écran,2,275.39,0.15
ORD-100912,CUST-0621,2025-09-10,Québec,Magasin,Beauté,Shampoing,2,72.35,0.0
ORD-100721,CUST-1303,2024-07-27,,Téléphone,Maison,Lampe,2,84.0,0.15
ORD-105885,CUST-1389,2025-01-07,Ontario,En ligne,Électronique,Clavier,3,858.48,0.0
ORD-106218,CUST-0169,2025-01-21,Québec,Magasin,Maison,Cafetière,1,154.27,0.15
ORD-101496,CUST-0006,2024-07-09,Colombie-Britannique,Magasin,Électronique,Écran,1,315.24,0.1
ORD-103984,CUST-0041,2025-08-07,Colombie-Britannique,Magasin,Beauté,Shampoing,2,211.85,0.1
ORD-101520,CUST-1077,2024-03-21,Ontario,Magasin,Sports,Ballon,3,427.44,0.05
ORD-105164,CUST-0411,2025-09-15,Québec,Téléphone,Électronique,Clavier,2,529.19,0.0
ORD-107335,CUST-0358,2025-11-08,Ontario,Téléphone,Vêtements,Veste,1,244.48,0.05
ORD-103964,CUST-1344,2025-07-07,Alberta,Magasin,Maison,Cafetière,2,108.89,0.15
ORD-103454,CUST-1387,2025-02-04,Ontario,En ligne,Maison,Mixeur,4,117.99,0.0
ORD-106509,CUST-1050,2025-06-13,Ontario,Téléphone,Électronique,Casque audio,1,370.08,0.0
ORD-100108,CUST-0937,2025-07-28,Colombie-Britannique,Magasin,Beauté,Shampoing,3,59.34,0.1
ORD-101754,CUST-0028,2024-05-15,Manitoba,Magasin,Maison,Chaise,2,312.79,0.05
ORD-105672,CUST-0445,2025-09-03,Ontario,Magasin,Maison,Mixeur,1,479.5,0.05
ORD-101351,CUST-0307,2024-01-04,Québec,Magasin,Maison,Cafetière,2,131.42,0.0
ORD-107618,CUST-1167,2024-08-10,Alberta,En ligne,Maison,Chaise,3,403.46,0.2
ORD-104487,CUST-0152,2025-04-23,Ontario,En ligne,Sports,Ballon,1,360.76,0.0
ORD-107533,CUST-1034,2025-10-10,Manitoba,Magasin,Maison,Chaise,1,375.4,0.05
ORD-101973,CUST-1296,2025-10-26,Manitoba,Magasin,Maison,Chaise,2,65.93,0.05
ORD-100336,CUST-1351,2025-06-25,Alberta,Magasin,Électronique,Clavier,5,620.45,0.15
ORD-105081,CUST-1374,2024-04-11,Alberta,Téléphone,Sports,Tapis yoga,4,545.91,0.0
ORD-105693,CUST-0623,2025-08-26,Colombie-Britannique,Magasin,Électronique,Écran,5,435.76,0.1
ORD-103467,CUST-0961,2024-05-10,Ontario,Magasin,Électronique,Clavier,1,440.77,0.0
ORD-103715,CUST-1026,2024-01-17,Colombie-Britannique,En ligne,Beauté,Shampoing,1,242.05,0.1
ORD-103080,CUST-1185,2025-10-28,Manitoba,En ligne,Sports,Raquette,1,213.34,0.05
ORD-102996,CUST-0796,2024-09-13,Québec,Téléphone,Sports,Raquette,1,467.6,0.0
ORD-105857,CUST-1075,2024-03-28,Colombie-Britannique,Téléphone,Maison,Aspirateur,4,369.9,0.05
ORD-100724,CUST-1106,2025-03-03,Ontario,Téléphone,Maison,Cafetière,2,334.09,0.15
ORD-100765,CUST-0705,2025-12-30,Alberta,Téléphone,Électronique,Clavier,1,170.6,0.1
ORD-104387,CUST-0908,2024-06-10,Manitoba,En ligne,Beauté,Soin visage,1,149.9,0.05
ORD-105956,CUST-0675,2025-08-25,Alberta,En ligne,Maison,Cafetière,2,100.64,0.0
ORD-104606,CUST-0658,2024-01-31,Colombie-Britannique,Téléphone,Électronique,Tablette,2,897.58,0.0
ORD-100307,CUST-0183,2024-02-10,Manitoba,Téléphone,Électronique,Casque audio,3,494.83,0.15
ORD-101278,CUST-0082,2025-12-21,Québec,Magasin,Sports,Raquette,1,671.6,0.0
ORD-105746,CUST-1407,2025-08-01,Québec,Magasin,Électronique,Clavier,1,285.35,0.2
ORD-103821,CUST-0524,2025-03-18,Ontario,Téléphone,Vêtements,Chaussures,1,128.77,0.0
ORD-106292,CUST-1160,2025-08-22,Manitoba,Téléphone,Beauté,Parfum,1,101.5,0.05
ORD-104523,CUST-0607,2025-10-03,Québec,En ligne,Électronique,Tablette,2,594.77,0.1
ORD-107326,CUST-0338,2025-05-21,Manitoba,En ligne,Sports,Ballon,2,126.1,0.05
ORD-101791,CUST-1384,2024-07-13, manitoba ,Téléphone,Sports,Ballon,1,226.27,0.1
ORD-106043,CUST-0523,2024-12-19,Québec,Téléphone,Vêtements,Chaussures,1,133.86,0.15
ORD-106460,CUST-1129,2025-08-03,Alberta,Téléphone,Sports,Raquette,1,147.5,0.1
ORD-105696,CUST-0289,2025-02-20,Ontario,En ligne,Maison,Lampe,2,361.93,0.15
ORD-102053,CUST-1099,2025-02-15,Québec,En ligne,Électronique,Souris,3,53.72,0.0
ORD-104173,CUST-1324,2025-05-03,Québec,En ligne,Vêtements,T-shirt,1,124.7,0.05
ORD-105117,CUST-0051,2024-04-09,Colombie-Britannique,Téléphone,Maison,Lampe,1,192.78,0.0
ORD-100071,CUST-1047,2025-07-18,Manitoba,En ligne,Vêtements,T-shirt,2,228.72,0.15
ORD-103295,CUST-0357,2025-11-15,Alberta,Magasin,Sports,Tapis yoga,2,622.52,0.2
ORD-104122,CUST-0931,2024-03-25,Colombie-Britannique,En ligne,Sports,Sac sport,1,509.34,0.0
ORD-105438,CUST-0556,2025-03-03,Colombie-Britannique,Téléphone,Maison,Cafetière,2,162.24,0.05
ORD-102945,CUST-0720,2025-11-12,Québec,Téléphone,Beauté,Maquillage,1,99.87,0.05
ORD-107201,CUST-1485,2025-05-25,Ontario,Magasin,Vêtements,Chaussures,1,115.95,0.05
ORD-101260,CUST-0986,2024-03-11,Colombie-Britannique,Téléphone,Beauté,Maquillage,1,52.78,0.2
ORD-101666,CUST-0267,2024-03-28,Ontario,Magasin,Électronique,Écran,2,548.47,0.0
ORD-103034,CUST-0998,2024-11-18,Manitoba,Téléphone,Maison,Chaise,3,123.55,0.1
ORD-106264,CUST-0473,2024-05-20,Québec,Magasin,Électronique,Casque audio,1,820.62,0.1
ORD-104299,CUST-0822,2024-08-14,Québec,En ligne,Beauté,Parfum,2,165.96,0.05
ORD-103668,CUST-0232,2024-05-25,Québec,Téléphone,Sports,Sac sport,3,589.31,0.05
ORD-102167,CUST-1076,2025-07-02,Manitoba,Téléphone,Sports,Sac sport,1,557.33,0.15
ORD-107693,CUST-0164,2025-01-20,Colombie-Britannique,Téléphone,Maison,Cafetière,5,174.55,0.1
ORD-102533,CUST-0528,2024-10-26,Ontario,Téléphone,Sports,Ballon,2,17.93,0.05
ORD-101695,CUST-1255,2025-02-08,Québec,Magasin,Vêtements,Manteau,1,220.74,0.1
ORD-101095,CUST-0265,2024-04-02,Alberta,En ligne,Beauté,Maquillage,2,25.25,0.05
ORD-106084,CUST-0795,2025-05-15,Alberta,En ligne,Électronique,Casque audio,2,54.15,0.0
ORD-107544,CUST-0818,2025-06-24,Ontario,En ligne,Électronique,Clavier,1,490.35,0.0
ORD-103827,CUST-1183,2024-02-06,Alberta,En ligne,Sports,Raquette,3,408.77,0.05
ORD-101630,CUST-1394,2024-05-10,Colombie-Britannique,En ligne,Vêtements,Jean,1,126.63,0.0
ORD-104955,CUST-0698,2025-12-21,Manitoba,En ligne,Maison,Cafetière,3,26.8,0.15
ORD-101881,CUST-0765,2025-11-08,Québec,En ligne,Vêtements,Veste,5,280.51,0.1
ORD-104352,CUST-0981,2025-05-04,Québec,Magasin,Beauté,Crème,2,106.79,0.15
ORD-105844,CUST-0770,2024-05-19,Manitoba,En ligne,Beauté,Soin visage,4,206.7,0.05
ORD-101612,CUST-0506,2024-05-09,Ontario,Téléphone,Électronique,Casque audio,2,97.87,0.15
ORD-100978,CUST-0025,2025-02-13,Manitoba,Téléphone,Beauté,Maquillage,3,248.22,0.1
ORD-104076,CUST-0006,2024-11-13,Colombie-Britannique,Magasin,Vêtements,Jean,3,140.42,0.05
ORD-106920,CUST-0176,2025-07-31,Québec,En ligne,Sports,Ballon,2,364.2,0.05
ORD-107598,CUST-0306,2025-05-02,Manitoba,En ligne,Sports,Sac sport,2,388.23,0.05
ORD-100848,CUST-0115,2024-04-30,Manitoba,Magasin,Beauté,Soin visage,2,165.45,0.0
ORD-105312,CUST-1430,2024-08-21,Colombie-Britannique,En ligne,Électronique,Souris,3,35.56,0.1
ORD-106095,CUST-1166,2025-08-30,Québec,Magasin,Vêtements,Manteau,2,135.93,0.0
ORD-102271,CUST-1112,2025-07-24,Colombie-Britannique,Téléphone,Sports,Vélo,1,564.33,0.1
ORD-102392,CUST-1289,2024-08-07,Alberta,Téléphone,Maison,Mixeur,1,272.68,0.1
ORD-104047,CUST-1395,2025-04-30,Alberta,En ligne,Maison,Aspirateur,1,337.84,0.0
ORD-101830,CUST-1220,2025-12-24,Manitoba,Téléphone,Électronique,Clavier,0,844.7,0.15
ORD-102815,CUST-1332,2025-07-13,Manitoba,Magasin,Beauté,Soin visage,2,12.9,0.1
ORD-100047,CUST-0957,2025-11-21,Alberta,Magasin,Vêtements,Veste,3,207.99,0.05
ORD-104250,CUST-0997,2024-03-08,Manitoba,En ligne,Électronique,Clavier,4,578.41,0.0
ORD-101350,CUST-0081,2024-04-17,Québec,Téléphone,Beauté,Shampoing,3,218.02,0.05
ORD-107523,CUST-0803,2024-09-05,Québec,Téléphone,Maison,Mixeur ,4,219.47,0.2
ORD-107365,CUST-0498,2025-10-28,Colombie-Britannique,Téléphone,Vêtements,Manteau,4,190.84,0.15
ORD-100446,CUST-0719,2024-02-17,Québec,Magasin,Électronique,Casque audio,1,730.89,0.1
ORD-102248,CUST-0937,2024-04-27,Ontario,Magasin,Maison,Chaise,1,157.89,0.0
ORD-101743,CUST-1044,2024-08-02,Alberta,En ligne,Électronique,Souris,1,664.6,0.0
ORD-100844,CUST-0376,2024-03-27,Alberta,En ligne,Beauté,Shampoing,1,241.98,0.05
ORD-104233,CUST-0083,2024-01-06,Manitoba,Téléphone,Beauté,Crème,5,68.38,0.2
ORD-102918,CUST-1090,2024-03-20,Colombie-Britannique,En ligne,Sports,Tapis yoga,1,431.41,0.05
ORD-103176,CUST-0127,2025-12-27,Colombie-Britannique,En ligne,Vêtements,Manteau,1,36.1,0.05
ORD-102440,CUST-0204,2025-11-29,Alberta,Magasin,Maison,Lampe,3,377.7,0.0
ORD-100678,CUST-1136,2024-01-08,Colombie-Britannique,Magasin,Maison,Cafetière,1,369.45,0.1
ORD-104952,CUST-1210,2024-07-13,Ontario,Magasin,Maison,,3,286.98,0.0
ORD-104554,CUST-1282,2025-07-10,Alberta,Magasin,Maison,Cafetière,5,429.83,0.2
ORD-101294,CUST-0910,2025-11-18,Québec,Téléphone,Sports,Ballon,3,279.71,0.0
ORD-103815,CUST-0104,2024-08-09,Ontario,Magasin,Vêtements,Veste,1,243.47,0.05
ORD-106424,CUST-0738,2024-08-04,Colombie-Britannique,En ligne,Maison,Lampe,1,147.23,0.1
ORD-104584,CUST-1168,2024-08-30,Alberta,En ligne,Électronique,Casque audio,1,276.74,0.05
ORD-107551,CUST-0278,2024-05-26,Manitoba,En ligne,Électronique,Casque audio,2,66.63,0.0
ORD-105785,CUST-1362,2024-04-30,Manitoba,En ligne,Beauté,Parfum,1,194.17,0.05
ORD-105436,CUST-1168,2024-07-29,Ontario,Téléphone,Beauté,Soin visage,5,14.48,0.1
ORD-101112,CUST-0586,2024-06-15,Colombie-Britannique,Magasin,Sports,Tapis yoga,4,38.8,0.0
ORD-100776,CUST-0632,2025-11-12,Manitoba,Téléphone,Électronique,Tablette,2,658.71,0.0
ORD-107640,CUST-0570,2024-08-26,Ontario,Magasin,Maison,Aspirateur,3,327.34,0.0
ORD-102231,CUST-1408,2024-01-17,Ontario,En ligne,Sports,Tapis yoga,4,507.08,0.0
ORD-102228,CUST-1462,2025-07-09,Colombie-Britannique,Magasin,Vêtements,Manteau,2,191.73,0.05
ORD-102153,CUST-1211,2025-10-06,Québec,Magasin,Sports,Ballon,3,62.82,0.05
ORD-106418,CUST-0624,2024-04-29,Alberta,Téléphone,Électronique,Clavier,4,153.64,0.2
ORD-104314,CUST-1025,2025-02-19,Manitoba,Magasin,Électronique,Tablette,2,449.63,0.05
ORD-103135,CUST-1263,2024-05-08,Colombie-Britannique,Téléphone,Vêtements,Manteau,2,298.2,0.05
ORD-107315,CUST-0021,2024-03-23,Québec,Téléphone,Vêtements,T-shirt,1,104.95,0.0
ORD-101366,CUST-0560,2025-01-13,Québec,Téléphone,Électronique,Clavier,2,567.94,0.05
ORD-101469,CUST-0424,2024-11-10,Manitoba,Téléphone,Sports,Vélo ,1,36.93,0.0
ORD-101851,CUST-0468,2025-07-22,Ontario,Téléphone,Électronique,Tablette,2,251.95,0.0
ORD-101963,CUST-0142,2024-05-24,Manitoba,En ligne,Vêtements,Manteau,1,131.56,0.1
ORD-102987,CUST-0831,2024-08-12,Colombie-Britannique,Téléphone,Beauté,Soin visage,3,83.23,0.0
ORD-107647,CUST-1088,2024-03-20,Ontario,Téléphone,Beauté,Soin visage,1,51.14,0.0
ORD-104983,CUST-0471,2025-02-15,Québec,En ligne,Vêtements,Manteau,3,169.0,0.15
ORD-104319,CUST-1277,2024-01-25,Alberta,Téléphone,Électronique,Écran,1,306.65,0.1
ORD-100485,CUST-0349,2024-09-11,Manitoba,En ligne,Sports,Tapis yoga,1,74.61,0.05
ORD-102239,CUST-1309,2025-11-14,Manitoba,Magasin,Électronique,Souris,3,496.11,0.05
ORD-104383,CUST-1141,2024-05-01,Ontario,En ligne,Vêtements,Jean,2,126.41,0.1
ORD-105983,CUST-0304,2025-06-02,Manitoba,En ligne,Beauté,Soin visage,1,18.39,0.0
ORD-104513,CUST-1383,2025-04-22,Québec,Téléphone,Vêtements,Jean,1,207.27,0.15
ORD-106200,CUST-0206,2024-03-29,Alberta,Magasin,Maison,Cafetière,1,134.78,0.1
ORD-100030,CUST-0960,2025-04-25,Manitoba,Magasin,Sports,Vélo,3,359.31,0.05
ORD-101879,CUST-1369,2024-01-10,Colombie-Britannique,En ligne,Sports,Sac sport,1,257.98,0.0
ORD-105897,CUST-0124,2024-07-18,Alberta,Magasin,Maison,Cafetière,1,452.11,0.0
ORD-105023,CUST-0764,2025-08-23,Manitoba,Téléphone,Vêtements,T-shirt,2,65.87,0.0
ORD-106445,CUST-0027,2025-11-17,Québec,Téléphone,Électronique,Souris,3,578.91,0.1
ORD-103469,CUST-1293,2024-05-25,Alberta,Téléphone,Vêtements,Manteau,5,87.93,0.15
ORD-105220,CUST-0069,2024-06-25,Manitoba,Magasin,Maison,Lampe,2,167.84,0.15
ORD-107830,CUST-0322,2025-05-13,Alberta,Magasin,Sports,Tapis yoga,4,34.48,0.0
ORD-101036,CUST-0782,2024-04-13,Colombie-Britannique,Téléphone,Vêtements,T-shirt,1,299.05,0.1
ORD-100636,CUST-1129,2025-03-14,Colombie-Britannique,En ligne,Maison,Cafetière,1,318.24,0.1
ORD-106175,CUST-0434,2025-04-14,Ontario,Téléphone,Maison,Cafetière,1,123.37,0.1
ORD-104618,CUST-0504,2025-09-07,Colombie-Britannique,Téléphone,Vêtements,Chaussures,2,213.09,0.0
ORD-101083,CUST-0508,2025-06-28,Manitoba,Téléphone,Vêtements,T-shirt,2,283.52,0.15
ORD-102615,CUST-0595,2025-01-13,Alberta,En ligne,Sports,Raquette,1,649.4,0.05
ORD-100861,CUST-0975,2024-08-11,Ontario,Téléphone,Électronique,Écran,4,705.31,0.1
ORD-104110,CUST-0285,2025-05-24,Québec,Téléphone,Vêtements,T-shirt,1,255.49,0.0
ORD-100903,CUST-1106,2024-12-28,Québec,En ligne,Beauté,Soin visage,5,203.74,0.05
ORD-103753,CUST-0825,2024-08-10,Ontario,Magasin,Beauté,Soin visage,4,98.14,0.0
ORD-100109,CUST-0347,2025-06-12,Alberta,Téléphone,Maison,Cafetière,4,243.54,0.05
ORD-107769,CUST-0083,2024-12-20,,Téléphone,Beauté,Crème,2,52.24,0.1
ORD-104529,CUST-1232,2025-12-22,Colombie-Britannique,Téléphone,Beauté,Shampoing,2,15.56,0.1
ORD-103948,CUST-0819,2025-01-03,Manitoba,Magasin,Beauté,Shampoing,2,123.06,0.0
ORD-107240,CUST-0089,2025-06-01,Alberta,Téléphone,Électronique,Souris,1,526.14,0.1
ORD-106783,CUST-0336,2025-10-11,Manitoba,Magasin,Électronique,Clavier,1,879.68,0.05
ORD-107200,CUST-1098,2025-03-09,Manitoba,Magasin,Électronique,Clavier,4,281.68,0.0
ORD-105937,CUST-1071,2024-12-09,Alberta,Téléphone,Maison,Chaise,2,343.15,0.1
ORD-101831,CUST-0847,2024-03-10,,En ligne,Maison,Cafetière,2,350.38,0.05
ORD-103773,CUST-0422,2025-07-24,Colombie-Britannique,Magasin,Maison,Chaise,5,346.74,0.15
ORD-105715,CUST-1330,2025-05-24,Manitoba,En ligne,Sports,Sac sport,1,48.52,0.15
ORD-100782,CUST-1469,2024-06-20,Colombie-Britannique,Téléphone,Sports,Raquette,4,109.35,0.0
ORD-107882,CUST-0698,2025-12-21,Manitoba,En ligne,Maison,Mixeur,2,359.24,0.1
ORD-104953,CUST-1001,2024-12-25,Québec,En ligne,Maison,Cafetière,2,370.32,0.0
ORD-105474,CUST-0080,2024-07-28,Québec,Magasin,Vêtements,Jean,1,265.44,0.05
ORD-103662,CUST-1283,2024-07-09,Québec,En ligne,Vêtements,Veste,4,224.85,0.0
ORD-103909,CUST-0700,2024-05-01,Colombie-Britannique,Magasin,Beauté,Shampoing,4,223.8,0.2
ORD-107685,CUST-0614,2025-04-13,Québec,En ligne,Sports,Ballon,1,544.75,0.05
ORD-101825,CUST-1117,2025-06-05,Alberta,Magasin,Électronique,Casque audio,1,626.15,0.1
ORD-102617,CUST-0547,2025-04-30,Alberta,Téléphone,Beauté,Maquillage,1,233.58,0.05
ORD-105573,CUST-0877,2025-09-05,Colombie-Britannique,Magasin,Sports,Raquette,1,372.53,0.0
ORD-101094,CUST-0258,2025-04-30,Manitoba,En ligne,Maison,Lampe,3,132.13,0.1
ORD-105676,CUST-1189,2025-09-04,Alberta,En ligne,Sports,Raquette,2,687.13,0.05
ORD-104101,CUST-1415,2024-11-14,Manitoba,Magasin,Vêtements,Jean,2,294.31,0.1
ORD-106482,CUST-1159,2025-07-31,Québec,Téléphone,Maison,Cafetière,1,236.71,0.05
ORD-104923,CUST-0920,2024-09-22,Colombie-Britannique,Magasin,Sports,Vélo,4,466.49,0.0
ORD-103396,CUST-0704,2024-09-01,Manitoba,Téléphone,Vêtements,Jean,2,231.03,0.05
ORD-105912,CUST-0221,2024-09-17,Ontario,Téléphone,Vêtements,Manteau,4,234.17,0.1
ORD-107245,CUST-1171,2025-04-01,Colombie-Britannique,En ligne,Vêtements,Chaussures,1,31.57,0.0
ORD-101654,CUST-1235,2024-06-09,Alberta,En ligne,Maison,Cafetière,1,336.67,0.0
ORD-107549,CUST-1004,2024-11-16,Manitoba,En ligne,Beauté,Maquillage,1,69.91,0.05
ORD-107402,CUST-0481,2025-06-07,Manitoba,Téléphone,Électronique,Écran,1,693.57,0.1
ORD-102323,CUST-0956,2025-04-18,Québec,Téléphone,Maison,Chaise,5,332.5,0.0
ORD-102413,CUST-0875,2025-03-27,Colombie-Britannique,En ligne,Maison,Mixeur,4,496.98,0.15
ORD-106193,CUST-1390,2024-11-19,Alberta,En ligne,Beauté,Parfum,2,163.13,0.0
ORD-102654,CUST-0530,2024-10-27,Québec,Magasin,Sports,Vélo,1,623.66,0.2
ORD-105190,CUST-1354,2025-01-29,Colombie-Britannique,En ligne,Électronique,Casque audio,4,785.42,0.0
ORD-103684,CUST-0865,2025-01-05,Manitoba,En ligne,Sports,Ballon,2,373.36,0.0
ORD-102678,CUST-0440,2024-03-03,Québec,TÉLÉPHONE,Maison,Aspirateur,1,85.24,0.0
ORD-104586,CUST-1369,2024-08-06,Alberta,En ligne,Électronique,Tablette,3,654.57,0.1
ORD-105263,CUST-0977,2025-11-25,Ontario,Téléphone,Beauté,Maquillage,2,206.08,0.15
ORD-103298,CUST-0977,2025-03-20,Manitoba,En ligne,Sports,Vélo,5,569.43,0.0
ORD-105059,CUST-1171,2025-02-18,Colombie-Britannique,Magasin,Vêtements,Manteau,2,248.46,0.0
ORD-106615,CUST-0427,2024-11-08,Alberta,En ligne,Beauté,Maquillage,1,40.13,0.0
ORD-100178,CUST-0404,2025-05-30,Colombie-Britannique,En ligne,Vêtements,T-shirt,3,222.24,0.1
ORD-107683,CUST-0378,2024-04-27,Ontario,En ligne,Sports,Tapis yoga,4,181.93,0.1
ORD-103855,CUST-0451,2024-05-24,Ontario,En ligne,Beauté,Shampoing,3,227.25,0.05
ORD-103410,CUST-0635,2025-03-11,Alberta,En ligne,Vêtements,Manteau,1,49.89,0.05
ORD-101204,CUST-0690,2025-05-16,Colombie-Britannique,Téléphone,Beauté,Soin visage,1,164.78,0.15
ORD-102202,CUST-0188,2024-02-21,Colombie-Britannique,Téléphone,Maison,Aspirateur,2,-64.73,0.15
ORD-105659,CUST-0137,2025-11-21,Alberta,En ligne,Beauté,Maquillage,3,146.53,0.2
ORD-106556,CUST-0590,2025-05-21,Alberta,Magasin,Vêtements,Jean,2,256.93,0.0
ORD-106234,CUST-0013,2025-02-10,Alberta,Téléphone,Électronique,Casque audio,1,116.64,0.15
ORD-105908,CUST-0828,2025-06-24,Colombie-Britannique,Magasin,Vêtements,Chaussures,2,263.36,1.25
ORD-106470,CUST-1320,2024-06-20,Colombie-Britannique,Téléphone,Maison,Cafetière,1,107.18,0.05
ORD-101985,CUST-1419,2024-06-10,Colombie-Britannique,Magasin,Beauté,Soin visage,1,172.19,0.0
ORD-101770,CUST-0747,2024-07-21,Québec,En ligne,Beauté,Shampoing,4,239.18,0.2
ORD-100829,CUST-0555,2024-04-04, ontario ,En ligne,Maison,Aspirateur,1,320.4,0.0
ORD-100941,CUST-0111,2024-03-16,Colombie-Britannique,Magasin,Électronique,Tablette,3,338.31,0.05
ORD-107127,CUST-0213,2024-10-23,Colombie-Britannique,Téléphone,Beauté,Maquillage,2,134.33,0.0
ORD-102486,CUST-0488,2025-06-14,Colombie-Britannique,Téléphone,Vêtements,Manteau,1,151.85,0.0
ORD-100627,CUST-0718,2025-05-12,Alberta,Téléphone,Électronique,Souris,2,132.39,0.05
ORD-103405,CUST-1269,2024-06-01,Québec,En ligne,Sports,Raquette,4,351.92,0.05
ORD-104765,CUST-0898,2025-03-18,Ontario,En ligne,Beauté,Soin visage,4,33.63,0.0
ORD-100925,CUST-0396,2025-07-10,Québec,Téléphone,Maison,Mixeur,2,472.73,0.15
ORD-100295,CUST-0934,2025-03-12,Manitoba,Magasin,Vêtements,T-shirt,1,263.73,0.0
ORD-101052,CUST-0530,2025-11-09,Ontario,En ligne,Vêtements,Jean,4,273.19,0.05
ORD-102707,CUST-0204,2024-12-10,Ontario,En ligne,Maison,Cafetière,3,319.53,0.15
ORD-106444,CUST-0174,2024-10-27,Manitoba,Téléphone,Maison,Chaise,1,43.48,0.1
ORD-104411,CUST-1089,2025-12-15,Québec,En ligne,Électronique,Écran,1,488.42,0.1
ORD-102925,CUST-0101,2025-11-22,Manitoba,Magasin,Électronique,Tablette,1,829.08,0.0
ORD-102789,CUST-0137,2025-06-22,Québec,Téléphone,Vêtements,Manteau,2,267.73,0.0
ORD-100944,CUST-0664,2025-02-23,Alberta,Magasin,Beauté,Soin visage,1,185.85,0.1
ORD-107637,CUST-1228,2025-04-20,Alberta,Téléphone,Beauté,Parfum,3,146.0,0.1
ORD-106701,CUST-0700,2024-02-12,Ontario,En ligne,Beauté,Soin visage,2,184.83,0.1
ORD-100012,CUST-1265,2025-07-17,Manitoba,En ligne,Maison,Aspirateur,1,116.83,0.15
ORD-101117,CUST-1029,2024-09-13,Colombie-Britannique,En ligne,Électronique,Tablette,3,259.07,0.1
ORD-105891,CUST-0352,2024-07-07,Ontario,Téléphone,Sports,Tapis yoga,5,580.33,0.05
ORD-107903,CUST-0011,2025-05-30,Manitoba,Téléphone,Vêtements,Jean,5,192.25,0.1
ORD-105349,CUST-1445,2024-07-01,Alberta,Magasin,Vêtements,Chaussures,1,101.08,0.1
ORD-103187,CUST-0272,2024-12-08,Colombie-Britannique,Téléphone,Électronique,Tablette,1,303.38,0.0
ORD-104527,CUST-0559,2025-11-13,Colombie-Britannique,Téléphone,Maison,Aspirateur,5,345.52,0.2
ORD-101319,CUST-0995,2025-10-08,Ontario,Magasin,Électronique,Souris,2,299.13,0.05
ORD-100779,CUST-0520,2024-04-07,Colombie-Britannique,Magasin,Électronique,Tablette,1,608.37,0.2
ORD-107893,CUST-0214,2025-07-07,Manitoba,En ligne,Vêtements,Jean,1,226.23,0.1
ORD-107391,CUST-0738,2024-08-18,Ontario,Magasin,Électronique,Écran,4,365.8,0.1
ORD-103692,CUST-0121,2025-08-24,Alberta,En ligne,Vêtements,Veste,1,20.5,0.0
ORD-103842,CUST-0007,2024-02-12,Colombie-Britannique,Magasin,Électronique,Souris,2,189.3,0.15
ORD-100433,CUST-0115,2025-11-04,Québec,En ligne,Sports,Tapis yoga,4,98.22,0.1
ORD-100653,CUST-1034,2025-08-05,Ontario,En ligne,Électronique,Casque audio,2,615.77,0.15
ORD-102477,CUST-1249,2024-04-27,Colombie-Britannique,Téléphone,Maison,Chaise,1,131.64,0.0
ORD-103268,CUST-1280,2024-08-21,Québec,En ligne,Électronique,Casque audio,2,850.79,0.0
ORD-103836,CUST-0655,2025-09-06,Québec,Magasin,Beauté,Soin visage,3,39.3,0.1
ORD-105157,CUST-0399,2024-05-08,Manitoba,Téléphone,Vêtements,Manteau,2,91.71,0.1
ORD-106741,CUST-0572,2025-11-30,Québec,Magasin,Vêtements,Manteau,1,56.67,0.0
ORD-103121,CUST-0164,2024-04-22,Ontario,Magasin,Sports,Ballon,2,395.51,0.0
ORD-107873,CUST-1396,2025-03-25,Manitoba,En ligne,Sports,Ballon,5,661.75,0.1
ORD-103721,CUST-1057,2025-06-19,Manitoba,Magasin,Sports,Vélo,1,230.48,0.0
ORD-102886,CUST-0926,2024-04-07,Ontario,Téléphone,Beauté,Maquillage,3,249.49,0.0
ORD-106517,CUST-0004,2024-12-26,Ontario,En ligne,Beauté,Parfum,1,131.36,0.1
ORD-103181,CUST-0883,2025-05-21,Ontario,En ligne,Maison,Aspirateur,1,62.99,0.0
ORD-105894,CUST-0340,2024-01-07,Québec,Magasin,Sports,Vélo,3,554.58,0.05
ORD-103409,CUST-1305,2025-12-16,Alberta,En ligne,Électronique,Souris,3,141.7,0.05
ORD-103047,CUST-0175,2025-09-26,Manitoba,En ligne,Électronique,Casque audio,4,499.83,0.0
ORD-106872,CUST-1297,2025-06-16,Manitoba,En ligne,Maison,Chaise,1,209.57,0.1
ORD-106282,CUST-0784,2024-10-05,Colombie-Britannique,Magasin,Sports,Tapis yoga,1,213.45,0.1
ORD-100570,CUST-0538,2024-02-23,Manitoba,Téléphone,Électronique,Tablette ,1,540.63,0.2
ORD-101448,CUST-1033,2025-04-03,Alberta,Magasin,Vêtements,Jean,2,103.95,0.05
ORD-104230,CUST-1292,2025-11-25,Manitoba,Magasin,Maison,Aspirateur,2,22.2,0.15
ORD-106497,CUST-0113,2025-08-07,Manitoba,En ligne,Vêtements,Chaussures,1,143.59,0.15
ORD-104486,CUST-0561,2025-11-27,Ontario,En ligne,Beauté,Parfum,3,164.45,0.05
ORD-103340,CUST-0759,2024-06-22,Colombie-Britannique,Téléphone,Maison,Chaise,1,421.64,0.0
ORD-106649,CUST-0063,2025-06-16,Québec,Téléphone,Vêtements,Veste,2,221.43,0.05
ORD-101745,CUST-1284,2025-11-06,Manitoba,En ligne,Sports,Ballon,1,659.06,0.1
ORD-102741,CUST-0304,2024-09-28,Ontario,En ligne,Électronique,Souris,1,70.13,0.2
ORD-101590,CUST-1312,2025-01-12,Colombie-Britannique,Téléphone,Sports,Ballon,5,212.24,0.15
ORD-107682,CUST-0187,2024-11-12,Manitoba,Téléphone,Vêtements,Manteau,1,249.18,0.1
ORD-103898,CUST-0446,2024-04-08,Alberta,En ligne,Beauté,Soin visage,2,146.28,0.0
ORD-100287,CUST-0041,2024-11-02,Ontario,En ligne,Vêtements,Jean,1,83.36,0.0
ORD-101738,CUST-0051,2024-11-04,Ontario,Magasin,Vêtements,T-shirt,2,73.88,0.0
ORD-107349,CUST-0156,2024-02-04,Québec,En ligne,Vêtements,Jean ,2,218.5,0.05
ORD-107546,CUST-0922,2025-09-12,Colombie-Britannique,Magasin,Sports,Tapis yoga,2,574.26,0.0
ORD-105488,CUST-0065,2025-09-18,Ontario,En ligne,Beauté,Soin visage,4,198.62,0.2
ORD-105184,CUST-1086,2025-04-04,Ontario,En ligne,Électronique,Casque audio,1,729.82,0.15
ORD-104834,CUST-0376,2024-09-01,Ontario,Téléphone,Maison,Aspirateur,1,228.22,0.1
ORD-106958,CUST-1343,2025-09-30,Ontario,Magasin,Électronique,Clavier,1,822.51,0.05
ORD-104692,CUST-0166,2024-07-21,Colombie-Britannique,Magasin,Maison,Cafetière,5,82.87,0.2
ORD-102827,CUST-0209,2024-08-03,Québec,En ligne,Vêtements,T-shirt,3,206.26,0.0
ORD-101684,CUST-0862,2024-03-23,Ontario,En ligne,Maison,Aspirateur,2,325.95,0.15
ORD-105271,CUST-0393,2025-04-12,Alberta,Magasin,Maison,Cafetière,1,90.36,0.05
ORD-101338,CUST-1135,2024-04-03,Ontario,Téléphone,Beauté,Maquillage,1,132.74,0.05
ORD-106758,CUST-0992,2024-12-20,Manitoba,Téléphone,Maison,Cafetière,3,392.47,0.05
ORD-102742,CUST-1037,2025-05-10,Colombie-Britannique,En ligne,Maison,Chaise,1,140.48,0.0
ORD-105678,CUST-0656,2024-11-08,Ontario,Téléphone,Beauté,Maquillage,1,234.51,0.0
ORD-107877,CUST-1273,2024-11-22,Alberta,Magasin,Électronique,Clavier,3,331.99,0.0
ORD-107585,CUST-0933,2025-10-07,Alberta,Magasin,Électronique,Écran,1,814.63,0.2
ORD-106549,CUST-1354,2025-03-01,Alberta,Téléphone,Électronique,Casque audio,1,546.75,0.05
ORD-102902,CUST-1419,2025-07-07,Manitoba,MAGASIN,Maison,Lampe,1,85.1,0.05
ORD-102258,CUST-0697,2025-07-23,Québec,Téléphone,Vêtements,Veste,2,281.81,0.1
ORD-104913,CUST-0214,2024-05-08,Colombie-Britannique,Magasin,Électronique,Casque audio,4,549.44,0.0
ORD-102986,CUST-0103,2024-04-16,Colombie-Britannique,En ligne,Beauté,Shampoing,2,39.46,0.05
ORD-107666,CUST-1134,2025-07-29,Colombie-Britannique,En ligne,Sports,Ballon,2,33.68,0.0
ORD-105395,CUST-0988,2024-07-08,Ontario,Téléphone,Électronique,Casque audio,1,303.74,0.1
ORD-106653,CUST-0615,2024-01-16,Québec,Magasin,Beauté,Shampoing,2,47.27,0.0
ORD-106907,CUST-1094,2025-11-27,Ontario,Magasin,Sports,Ballon,1,441.61,0.0
ORD-107968,CUST-0839,2025-03-16,Colombie-Britannique,Magasin,Maison,Mixeur,1,252.63,0.0
ORD-101564,CUST-0330,2024-12-04, manitoba ,Téléphone,Maison,Aspirateur,1,27.94,0.1
ORD-107265,CUST-0238,2024-12-29,Québec,Téléphone,Maison,Mixeur,2,424.79,0.0
ORD-105803,CUST-0768,2025-09-29,Alberta,Magasin,Beauté,Maquillage,3,17.11,0.15
ORD-107982,CUST-1282,2025-09-17,Ontario,En ligne,Beauté,Soin visage,3,101.64,0.05
ORD-104516,CUST-0039,2024-12-18,Ontario,Magasin,Électronique,Casque audio,2,285.84,0.1
ORD-102185,CUST-0764,2024-02-05,Ontario,Magasin,Beauté,Soin visage,1,128.96,0.0
ORD-103949,CUST-0821,2025-12-15,Québec,Magasin,Sports,Ballon,2,657.7,0.1
ORD-101231,CUST-0206,2024-02-09,Québec,Téléphone,Vêtements,Manteau,2,45.84,0.15
ORD-105093,CUST-0954,2024-12-26,Ontario,Téléphone,Sports,Vélo,2,142.34,0.0
ORD-101258,CUST-0565,2024-04-15,Colombie-Britannique,Téléphone,Beauté,Maquillage,1,202.64,0.1
ORD-102254,CUST-1093,2025-04-02,Colombie-Britannique,Téléphone,Vêtements,T-shirt,3,273.29,0.15
ORD-101951,CUST-0896,2025-07-02,Québec,Magasin,Électronique,Casque audio,2,543.67,0.0
ORD-107511,CUST-0648,2024-10-02,Alberta,Téléphone,Électronique,Casque audio,3,99.4,0.0
ORD-100113,CUST-1043,2024-01-18,Québec,En ligne,Sports,Raquette,2,273.74,0.15
ORD-106856,CUST-0294,2024-02-02,Ontario,Magasin,Vêtements,Chaussures,2,213.38,0.0
ORD-102509,CUST-0029,2024-06-27,Québec,En ligne,Maison,Cafetière,2,69.83,0.15
ORD-105923,CUST-0820,2025-04-22,Colombie-Britannique,Magasin,Électronique,Souris,1,591.53,0.1
ORD-107557,CUST-0268,2025-09-24,Alberta,EN LIGNE,Maison,Cafetière,1,455.7,0.0
ORD-103026,CUST-0025,2025-06-29,Colombie-Britannique,Téléphone,Vêtements,Manteau,3,299.58,0.05
ORD-102548,CUST-1430,2024-01-30,Manitoba,Téléphone,Beauté,Shampoing,1,107.96,0.05
ORD-106403,CUST-0658,2024-06-29,Ontario,En ligne,Maison,Chaise,3,354.54,0.15
ORD-100507,CUST-1266,2024-05-17,Québec,Magasin,Maison,Chaise,3,291.97,0.1
ORD-106058,CUST-0184,2025-03-16,Manitoba,En ligne,Vêtements,Chaussures,1,255.48,0.1
ORD-106317,CUST-0555,2024-05-18,Manitoba,Magasin,Beauté,Maquillage,2,89.49,0.0
ORD-103592,CUST-0812,2025-02-18,Ontario,Téléphone,Maison,Lampe,2,190.25,0.1
ORD-103532,CUST-0231,2025-10-30,Québec,Téléphone,Sports,Ballon,1,432.84,0.0
ORD-106268,CUST-0360,2024-06-16,Ontario,En ligne,Électronique,Écran,2,256.02,0.1
ORD-106018,CUST-0714,2025-07-05,Québec,Téléphone,Beauté,Crème,1,144.36,0.0
ORD-107016,CUST-0584,2025-03-27,Québec,En ligne,Sports,Vélo,1,344.35,0.15
ORD-102850,CUST-0640,2024-07-30,Manitoba,Téléphone,Électronique,Souris,1,874.47,0.05
ORD-107658,CUST-1379,2025-11-12,Alberta,Téléphone,Sports,Sac sport,4,281.83,0.05
ORD-106106,CUST-0425,2024-08-16,Manitoba,En ligne,Électronique,Souris,1,647.01,0.0
ORD-107604,CUST-0660,2025-10-31,Manitoba,Téléphone,Électronique,Souris,2,173.79,0.0
ORD-100350,CUST-0523,2025-03-27,Québec,En ligne,Beauté,Soin visage,3,53.87,0.0
ORD-104791,CUST-0537,2025-08-23,Alberta,Téléphone,Sports,Raquette,1,652.09,0.0
ORD-102906,CUST-1102,2025-06-14,Manitoba,Téléphone,Électronique,Tablette,3,237.96,0.05
ORD-104398,CUST-0350,2025-08-01,Ontario,Magasin,Électronique,Casque audio,1,777.47,0.05
ORD-104534,CUST-0304,2024-02-04,Alberta,En ligne,Sports,Sac sport,2,223.64,0.1
ORD-102505,CUST-1342,2025-10-31,Québec,TÉLÉPHONE,Maison,Lampe,1,97.67,0.1
ORD-102620,CUST-1184,2024-01-10,Ontario,Magasin,Maison,Mixeur,2,339.59,0.0
ORD-107824,CUST-0841,2025-08-25,Alberta,Téléphone,Électronique,Souris,1,817.83,0.15
ORD-101114,CUST-1289,2025-10-08,Alberta,Téléphone,Sports,Ballon,1,33.12,0.0
ORD-102846,CUST-0720,2025-09-18,Alberta,Magasin,Électronique,Clavier,1,320.36,0.0
ORD-105712,CUST-0408,2024-07-03,Québec,En ligne,Vêtements,Chaussures,1,100.69,0.0
ORD-100298,CUST-0661,2024-11-20,Colombie-Britannique,Magasin,Électronique,Souris,2,896.05,0.15
ORD-101675,CUST-0802,2025-07-21,Colombie-Britannique,En ligne,Électronique,Tablette,3,730.8,0.0
ORD-106764,CUST-1362,2025-01-22,Manitoba,Magasin,Maison,Cafetière,2,359.23,0.1
ORD-107656,CUST-1356,2024-06-23,Colombie-Britannique,En ligne,Vêtements,Veste,2,47.59,0.15
ORD-105133,CUST-0279,2024-11-28,Alberta,Magasin,Sports,Sac sport,3,523.27,0.2
ORD-106162,CUST-0918,2025-04-22,Colombie-Britannique,Magasin,Maison,Mixeur,1,290.53,0.0
ORD-106592,CUST-1391,2025-06-16,Ontario,Téléphone,Vêtements,Chaussures,2,203.4,0.1
ORD-105330,CUST-0941,2024-06-28,Ontario,En ligne,Vêtements,Veste,5,247.71,0.05
ORD-104590,CUST-1205,2025-08-04,Québec,En ligne,Beauté,Crème,1,54.51,0.1
ORD-100229,CUST-0883,2024-09-19,Colombie-Britannique,Magasin,Électronique,Clavier,1,99.55,0.1
ORD-100076,CUST-0984,2024-11-30,Colombie-Britannique,En ligne,Sports,Vélo,4,253.55,0.05
ORD-103787,CUST-1060,2024-09-14,Québec,En ligne,Beauté,Crème,1,210.47,0.05
ORD-107260,CUST-1232,2025-09-20,Québec,Magasin,Maison,Lampe,1,34.72,0.1
ORD-107867,CUST-1448,2024-07-31,Ontario,En ligne,Vêtements,Veste,2,252.96,0.0
ORD-105204,CUST-1266,2025-11-16,Alberta,Téléphone,Maison,Cafetière,1,495.43,0.0
ORD-102103,CUST-1467,2025-02-21,Québec,En ligne,Sports,Tapis yoga,2,440.99,0.05
ORD-106355,CUST-0509,2024-08-05,Ontario,Magasin,Beauté,Soin visage,2,77.02,0.0
ORD-107665,CUST-1145,2024-02-16,Alberta,En ligne,Beauté,Crème,2,184.07,0.1
ORD-103520,CUST-0043,2024-11-02,Manitoba,Téléphone,Vêtements,Chaussures,1,143.97,0.0
ORD-106637,CUST-1270,2024-11-08,Colombie-Britannique,Magasin,Vêtements,Chaussures,1,31.6,0.15
ORD-105605,CUST-1310,2024-12-25,Ontario,Magasin,Maison,Chaise,1,37.08,0.15
ORD-105403,CUST-1220,2025-07-20,Ontario,Téléphone,Vêtements,Veste,1,173.85,0.0
ORD-101614,CUST-0155,2025-04-30,Alberta,Téléphone,Sports,Tapis yoga,2,247.0,0.1
ORD-100607,CUST-0723,2024-01-25,Alberta,Magasin,Sports,Tapis yoga,4,423.91,0.1
ORD-106111,CUST-0133,2025-05-11,Colombie-Britannique,En ligne,Maison,Lampe,1,259.62,0.05
ORD-106984,CUST-0058,2024-10-30,Alberta,Téléphone,Sports,Ballon,3,433.14,0.2
ORD-101093,CUST-0324,2025-02-17,Manitoba,Téléphone,Électronique,Écran,5,622.47,0.2
ORD-103204,CUST-1197,2025-10-23,Colombie-Britannique,Magasin,Maison,Chaise,2,251.08,0.0
ORD-102622,CUST-1400,2025-12-31,Québec,Magasin,Vêtements,Manteau,3,59.39,0.0
ORD-107062,CUST-0316,2024-04-17,Manitoba,Téléphone,Maison,Cafetière,4,263.85,0.1
ORD-107934,CUST-0036,2025-02-13, ontario ,Téléphone,Vêtements,Jean,1,216.71,0.1
ORD-107671,CUST-0090,2025-07-03,Québec,Téléphone,Maison,Chaise,3,298.47,0.0
ORD-100203,CUST-0106,2025-02-23,Ontario,En ligne,Vêtements,Veste,4,166.69,0.05
ORD-102387,CUST-0756,2025-05-20,Ontario,Magasin,Vêtements,Chaussures,2,265.28,0.1
ORD-103765,CUST-0702,2024-06-17,Manitoba,Téléphone,Électronique,Écran,1,181.43,0.0
ORD-104657,CUST-1134,2024-06-27,Ontario,Magasin,Sports,Vélo,2,181.83,0.0
ORD-100837,CUST-0835,2025-04-15,Manitoba,Téléphone,Maison,Aspirateur,3,329.22,0.1
ORD-102934,CUST-1195,2024-05-22,Manitoba,Magasin,Sports,Ballon,1,130.8,0.05
ORD-104864,CUST-0531,2024-05-17,Colombie-Britannique,En ligne,Beauté,Maquillage,1,225.2,0.05
ORD-107661,CUST-0631,2025-03-20,Alberta,Téléphone,Électronique,Clavier,1,502.07,0.1
ORD-101230,CUST-0559,2024-09-17,Québec,Magasin,Vêtements,T-shirt,2,103.46,0.1
ORD-106138,CUST-0988,2024-05-22,Québec,En ligne,Beauté,Crème,1,30.92,0.0
ORD-105555,CUST-1321,2024-02-13,Manitoba,En ligne,Maison,Cafetière,2,217.16,0.1
ORD-101609,CUST-1264,2024-12-25,Ontario,En ligne,Beauté,Parfum,1,240.4,0.0
ORD-107575,CUST-1421,2024-12-14,Colombie-Britannique,En ligne,Beauté,Maquillage,2,160.49,0.05
ORD-103550,CUST-1244,2024-04-05,Québec,Magasin,Maison,Aspirateur,2,261.21,0.15
ORD-106049,CUST-1401,2024-11-30,Alberta,En ligne,Vêtements,Manteau,1,85.16,0.1
ORD-104772,CUST-1098,2024-08-21,Québec,En ligne,Électronique,Écran,3,507.22,0.0
ORD-104333,CUST-0211,2025-02-02,Manitoba,Magasin,Sports,Ballon,3,241.27,0.0
ORD-102732,CUST-0890,2025-03-31,Alberta,Magasin,Beauté,Crème,1,229.18,0.05
ORD-107065,CUST-0653,2025-03-12,Québec,Téléphone,Vêtements,Chaussures,2,286.64,0.0
ORD-103381,CUST-0966,2025-06-08,Québec,En ligne,Sports,Raquette,2,393.51,0.0
ORD-106208,CUST-0817,2025-06-06,Manitoba,En ligne,Sports,Sac sport,2,439.14,0.15
ORD-105361,CUST-1091,2024-11-03,Manitoba,Téléphone,Beauté,Maquillage,2,62.3,0.05
ORD-104166,CUST-0041,2024-09-01,Manitoba,En ligne,Sports,Sac sport,2,84.57,0.0
ORD-104520,CUST-0385,2025-09-04,Ontario,Magasin,Vêtements,Chaussures,1,117.96,0.0
ORD-107229,CUST-1488,2025-02-11,Alberta,Magasin,Sports,Ballon,1,587.35,0.05
ORD-106167,CUST-0064,2024-02-07,Québec,En ligne,Électronique,Souris,3,884.87,0.1
ORD-103207,CUST-1500,2024-08-16,Alberta,Téléphone,Maison,Chaise,2,239.17,0.1
ORD-107464,CUST-0890,2024-05-27,Alberta,Magasin,Vêtements,Veste,1,-194.9,0.2
ORD-104119,CUST-0103,2025-03-14,Québec,Téléphone,Beauté,Soin visage,4,45.16,0.0
ORD-100657,CUST-0366,2024-04-29,Québec,Magasin,Beauté,Parfum,1,58.52,0.05
ORD-100790,CUST-0269,2025-02-15,Québec,Téléphone,Vêtements,Manteau,3,133.45,0.0
ORD-103132,CUST-0962,2024-05-21,Québec,En ligne,Vêtements,T-shirt,2,228.09,0.15
ORD-104922,CUST-0606,2025-11-24,Ontario,En ligne,Vêtements,Jean,4,136.44,0.05
ORD-106661,CUST-1001,2024-06-04,Alberta,En ligne,Sports,Raquette,2,219.94,0.05
ORD-102561,CUST-0786,2024-07-01,Québec,En ligne,Maison,Lampe,2,347.71,0.05
ORD-104048,CUST-1167,2025-06-03,Colombie-Britannique,Téléphone,Beauté,Parfum,1,153.48,0.0
ORD-101359,CUST-1172,2024-12-07,Colombie-Britannique,Téléphone,Vêtements,Jean,2,131.28,0.0
ORD-105936,CUST-0846,2024-08-25,Ontario,En ligne,Vêtements,Chaussures,1,86.81,0.05
ORD-102347,CUST-0433,2025-08-31,Alberta,Magasin,Sports,Raquette,2,439.98,0.0
ORD-105483,CUST-0069,2025-08-24,Québec,Magasin,Sports,Sac sport,1,615.63,0.2
ORD-107941,CUST-1185,2024-04-17,Colombie-Britannique,Magasin,Électronique,Écran,1,336.52,0.05
ORD-102781,CUST-0977,2025-08-02,Colombie-Britannique,En ligne,Vêtements,T-shirt,1,239.96,0.0
ORD-103317,CUST-0984,2025-05-23,Alberta,Téléphone,Sports,Raquette,3,325.29,0.05
ORD-105939,CUST-0919,2025-10-30,Manitoba,Téléphone,Beauté,Shampoing,2,128.31,0.0
ORD-106140,CUST-0310,2024-04-03,Ontario,Téléphone,Sports,Vélo,1,343.59,0.0
ORD-106113,CUST-0200,2024-12-18,Alberta,Téléphone,Beauté,Soin visage,2,125.04,0.0
ORD-107063,CUST-0336,2024-11-17,Québec,Magasin,Beauté,Soin visage,1,15.12,0.05
ORD-103570,CUST-1297,2024-03-15,Alberta,Téléphone,Vêtements,Jean,1,297.97,0.0
ORD-100615,CUST-1458,2024-07-01,Québec,Magasin,Beauté,Crème,3,193.81,0.1
ORD-102575,CUST-1012,2024-08-23,Colombie-Britannique,Magasin,Électronique,Écran,1,768.72,0.2
ORD-106180,CUST-0176,2024-03-27,Québec,En ligne,Électronique,Écran,5,125.93,0.05
ORD-102314,CUST-0352,2024-07-27,Manitoba,Magasin,Maison,Mixeur,2,312.4,0.15
ORD-101705,CUST-0903,2024-07-20,Manitoba,En ligne,Sports,Vélo,2,293.61,0.0
ORD-105733,CUST-0180,2025-08-20,Manitoba,En ligne,Vêtements,T-shirt,1,63.2,0.1
ORD-103309,CUST-0132,2025-12-21,Manitoba,En ligne,Maison,Lampe,5,37.78,0.05
ORD-106897,CUST-1339,2025-10-01,Alberta,Magasin,Vêtements,Veste,2,202.01,0.1
ORD-101780,CUST-0226,2024-07-03,Colombie-Britannique,Téléphone,Maison,Mixeur,1,218.9,0.0
ORD-104965,CUST-1069,2025-09-16,Québec,Téléphone,Beauté,Maquillage,1,72.55,0.2
ORD-100803,CUST-0962,2025-12-28,Québec,Téléphone,Beauté,Shampoing,4,53.89,0.05
ORD-100857,CUST-0062,2024-04-18,Manitoba,Téléphone,Électronique,Clavier,1,432.57,0.1
ORD-104622,CUST-0245,2025-09-23,Ontario,En ligne,Vêtements,T-shirt,2,279.38,0.0
ORD-104726,CUST-1218,2025-05-30,Colombie-Britannique,Magasin,Beauté,Shampoing,4,61.66,0.15
ORD-100990,CUST-0379,2024-01-02,Ontario,Téléphone,Beauté,Soin visage,3,133.52,0.0
ORD-105435,CUST-0218,2025-04-26,Manitoba,Magasin,Électronique,Écran,1,131.22,0.0
ORD-104273,CUST-0584,2025-08-29,Colombie-Britannique,Magasin,Électronique,Souris,1,232.53,0.15
ORD-107536,CUST-0129,2025-09-24,Colombie-Britannique,Magasin,Sports,Sac sport,4,598.49,0.15
ORD-105715,CUST-1330,2025-05-24,Manitoba,En ligne,Sports,Sac sport,1,48.52,0.15
ORD-100219,CUST-1185,2025-04-04,Colombie-Britannique,En ligne,Beauté,Maquillage,2,31.39,0.1
ORD-103337,CUST-1142,2025-10-05,Alberta,Téléphone,Beauté,Maquillage,1,82.65,0.05
ORD-101288,CUST-0835,2024-06-19,Manitoba,Magasin,Électronique,Écran,1,859.27,0.05
ORD-100582,CUST-1210,2024-12-29,Alberta,Téléphone,Maison,Cafetière,1,240.48,0.1
ORD-102618,CUST-0944,2025-04-17,Alberta,En ligne,Vêtements,Jean,1,48.82,0.0
ORD-100043,CUST-0997,2024-03-26,Québec,Magasin,Beauté,Soin visage,1,69.46,0.05
ORD-101234,CUST-1058,2025-10-10,Alberta,Magasin,Électronique,Casque audio,1,133.56,0.1
ORD-105701,CUST-0474,2024-11-29,Manitoba,Magasin,Sports,Tapis yoga,3,512.47,0.2
ORD-107753,CUST-0167,2025-07-08,Québec,Téléphone,Sports,Vélo,1,273.75,0.0
ORD-106957,CUST-0437,2024-11-06,Québec,Magasin,Sports,Tapis yoga,3,249.08,0.05
ORD-107814,CUST-1235,2025-05-07,Québec,En ligne,Maison,Lampe,4,296.67,0.05
ORD-101892,CUST-0103,2025-01-02,Colombie-Britannique,En ligne,Électronique,Casque audio,1,734.99,0.05
ORD-104928,CUST-1234,2024-09-15,Colombie-Britannique,Magasin,Électronique,Tablette,5,558.32,0.15
ORD-107076,CUST-1451,2025-04-28,Colombie-Britannique,Magasin,Vêtements,Veste,1,208.74,0.05
ORD-107898,CUST-0529,2024-09-11,Manitoba,Téléphone,Maison,Mixeur,1,463.46,0.1
ORD-106678,CUST-0941,2025-03-15,Alberta,En ligne,Maison,Chaise,1,90.65,0.15
ORD-101071,CUST-0550,2025-10-04,Ontario,Téléphone,Maison,Mixeur,1,57.91,0.1
ORD-100718,CUST-0574,2025-09-03,Alberta,Magasin,Sports,Sac sport,3,31.47,0.05
ORD-102364,CUST-1453,2024-10-13,Manitoba,Magasin,Électronique,Clavier,2,527.61,1.1
ORD-101505,CUST-0985,2024-12-14,Colombie-Britannique,En ligne,Électronique,Écran,4,826.88,0.1
ORD-100670,CUST-1363,2025-11-04,Colombie-Britannique,Magasin,Sports,Sac sport,2,601.05,0.05
ORD-106620,CUST-0412,2024-03-11,Manitoba,Téléphone,Électronique,Tablette,1,289.85,0.05
ORD-102952,CUST-0445,2024-02-21,Alberta,En ligne,Vêtements,Manteau,2,93.34,0.1
ORD-104885,CUST-1032,2024-11-13,Colombie-Britannique,En ligne,Électronique,Souris,1,59.51,0.1
ORD-106463,CUST-0930,2025-12-26,Colombie-Britannique,En ligne,Beauté,Shampoing,1,103.36,0.0
ORD-104698,CUST-1113,2025-06-17,Colombie-Britannique,Magasin,Maison,Chaise,1,82.48,0.1
ORD-100897,CUST-1319,2024-02-11,Colombie-Britannique,Magasin,Sports,Vélo,1,369.15,0.05
ORD-106503,CUST-1259,2025-04-18,Alberta,En ligne,Électronique,Clavier,1,80.97,0.0
ORD-102666,CUST-1143,2025-05-19,Manitoba,En ligne,Électronique,Écran,1,830.97,0.05
ORD-102890,CUST-0277,2025-09-06,Québec,En ligne,Vêtements,Jean,3,104.18,0.05
ORD-104667,CUST-1430,2025-04-13,Alberta,Téléphone,Vêtements,Manteau,5,150.55,0.05
ORD-101530,CUST-0765,2024-05-29,Colombie-Britannique,Téléphone,Vêtements,Jean,1,63.39,0.1
ORD-104552,CUST-1457,2025-04-01,Alberta,En ligne,Sports,Raquette,1,528.75,0.1
ORD-106757,CUST-1122,2024-10-30,Manitoba,TÉLÉPHONE,Maison,Lampe,4,440.26,0.15
ORD-105228,CUST-0407,2025-02-05,Manitoba,Magasin,Beauté,Maquillage,1,176.65,0.05
ORD-106450,CUST-0505,2025-09-20,Ontario,En ligne,Sports,Vélo,3,74.5,0.05
ORD-106983,CUST-0377,2025-01-14,Colombie-Britannique,Magasin,Sports,Vélo,3,155.53,0.1
ORD-106458,CUST-1202,2024-12-03,Ontario,En ligne,Électronique,Écran,2,888.64,0.0
ORD-107902,CUST-1005,2024-03-31,Colombie-Britannique,Magasin,Vêtements,Manteau,2,254.57,0.1
ORD-103442,CUST-1496,2024-11-16,Alberta,En ligne,Maison,Cafetière,2,429.07,0.0
ORD-106666,CUST-0391,2024-11-07,Ontario,Magasin,Vêtements,Jean,1,69.23,1.25
ORD-101874,CUST-0033,2024-10-02,Québec,En ligne,Beauté,Shampoing,2,94.17,0.0
ORD-102370,CUST-1035,2025-12-30,Ontario,Magasin,Maison,Mixeur,1,184.59,0.0
ORD-101769,CUST-1178,2024-08-24,Manitoba,Magasin,Beauté,Soin visage,2,32.37,0.0
ORD-105880,CUST-0908,2025-05-13,Québec,Magasin,Électronique,Souris,2,840.35,0.05
ORD-104989,CUST-0822,2025-03-06,Ontario,Magasin,Beauté,Soin visage,2,166.35,0.0
ORD-101983,CUST-0299,2024-07-19,Ontario,Téléphone,Vêtements,Chaussures,2,75.05,0.15
ORD-100531,CUST-0258,2024-04-30,Ontario,En ligne,Beauté,Soin visage,1,73.48,0.0
ORD-105798,CUST-1354,2025-07-11,Manitoba,En ligne,Sports,Tapis yoga,2,65.6,0.1
ORD-106100,CUST-0686,2025-02-01,Colombie-Britannique,En ligne,Vêtements,T-shirt,2,161.61,0.1
ORD-104102,CUST-0201,2024-08-18,Colombie-Britannique,En ligne,Sports,Tapis yoga,5,656.08,0.1
ORD-102881,CUST-1412,2025-11-26,Manitoba,Magasin,Vêtements,Jean,2,260.11,0.0
ORD-100081,CUST-1097,2024-09-05,Québec,En ligne,Électronique,Souris,1,350.09,0.05
ORD-103982,CUST-0644,2024-01-21,Québec,En ligne,Beauté,Crème,2,54.47,0.1
ORD-106575,CUST-0172,2024-11-13,Manitoba,Magasin,Beauté,Maquillage,2,178.61,0.0
ORD-105599,CUST-0174,2024-11-02,Alberta,En ligne,Beauté,Shampoing,3,242.64,0.2
ORD-102163,CUST-1158,2025-08-21,Ontario,Magasin,Maison,Mixeur,2,231.03,0.0
ORD-100731,CUST-0509,2024-11-27,Manitoba,Magasin,Maison,Cafetière,4,345.03,0.0
ORD-102339,CUST-0694,2025-06-28,Québec,Magasin,Vêtements,Jean,1,298.94,0.05
ORD-105882,CUST-0800,2025-09-08,Manitoba,Magasin,Vêtements,Chaussures,3,213.57,0.05
ORD-102232,CUST-0144,2024-04-13,Québec,Téléphone,Électronique,Souris,2,401.12,0.1
ORD-106298,CUST-1417,2025-06-07,Colombie-Britannique,En ligne,Électronique,Souris,1,345.8,0.05
ORD-103710,CUST-0323,2025-11-05,Ontario,Magasin,Maison,Lampe,2,393.5,0.0
ORD-107619,CUST-0657,2025-04-27,Québec,En ligne,Vêtements,Jean,2,91.44,0.2
ORD-106932,CUST-0907,2025-11-24,Colombie-Britannique,Magasin,Électronique,Écran,4,485.09,0.05
ORD-105332,CUST-0694,2024-04-28,Colombie-Britannique,Magasin,Sports,Ballon,1,609.17,0.0
ORD-105934,CUST-0244,2025-03-13,Alberta,Magasin,Sports,Tapis yoga,1,461.8,0.0
ORD-103862,CUST-0457,2024-06-26,Québec,En ligne,Vêtements,T-shirt,2,268.95,0.0
ORD-106557,CUST-0997,2025-02-22,Colombie-Britannique,Magasin,Beauté,Maquillage,1,72.9,0.1
ORD-102705,CUST-0548,2024-04-17,Colombie-Britannique,Magasin,Vêtements,Manteau,4,37.7,0.15
ORD-101255,CUST-0131,2024-08-05,Alberta,Téléphone,Sports,Sac sport,2,620.68,0.05
ORD-102104,CUST-0891,2024-07-15,Colombie-Britannique,Magasin,Maison,Cafetière,1,475.95,0.0
ORD-105347,CUST-0775,2024-08-04,Ontario,En ligne,Sports,Tapis yoga,2,379.05,0.0
ORD-104617,CUST-1155,2024-12-08,Ontario,En ligne,Électronique,Écran,2,513.22,0.05
ORD-104454,CUST-1223,2025-02-09,Ontario,Téléphone,Vêtements,Jean,4,134.03,0.05
ORD-100898,CUST-0431,2025-07-07,Ontario,En ligne,Sports,Vélo,1,556.24,0.0
ORD-100428,CUST-0153,2024-11-06,Manitoba,En ligne,Maison,Lampe,1,189.82,0.15
ORD-107571,CUST-1393,2024-09-03,Ontario,Téléphone,Beauté,Crème,2,225.71,0.1
ORD-104819,CUST-1130,2025-09-11,Ontario,Téléphone,Sports,Ballon,1,388.94,0.2
ORD-106326,CUST-1418,2025-03-15,Ontario,En ligne,Électronique,Casque audio,1,787.47,0.15
ORD-107316,CUST-0039,2024-02-16,Ontario,Magasin,Maison,Chaise,4,118.45,0.1
ORD-101222,CUST-0919,2024-05-29,Colombie-Britannique,En ligne,Maison,Chaise,3,158.69,0.0
ORD-106925,CUST-0743,2024-04-20,Ontario,Magasin,Beauté,Crème,3,145.33,0.05
ORD-105485,CUST-0781,2024-11-15,Manitoba,En ligne,Vêtements,Jean,1,207.4,0.05
ORD-105807,CUST-0888,2024-10-15,Alberta,En ligne,Beauté,Soin visage,1,155.78,0.1
ORD-105200,CUST-0285,2024-05-13,Québec,Téléphone,Électronique,Casque audio,3,815.32,0.05
ORD-103346,CUST-1084,2025-04-29,Alberta,Magasin,Beauté,Parfum,3,204.64,0.0
ORD-106105,CUST-1175,2025-08-27,Manitoba,En ligne,Vêtements,Chaussures,1,157.2,0.0
ORD-101621,CUST-1399,2025-06-30,Ontario,Magasin,Beauté,Soin visage,1,68.68,0.0
ORD-107218,CUST-1446,2025-12-27,Colombie-Britannique,En ligne,Maison,Cafetière,1,87.68,0.15
ORD-103164,CUST-0141,2025-07-18,Alberta,Magasin,Vêtements,Manteau,1,69.62,0.0
ORD-106724,CUST-0654,2025-08-06,Manitoba,Magasin,Vêtements,Jean,1,32.35,0.0
ORD-106451,CUST-0460,2024-04-16,Manitoba,En ligne,Électronique,Clavier,3,412.02,0.1
ORD-101096,CUST-1137,2025-01-12,Alberta,Téléphone,Maison,Chaise,2,329.53,0.05
ORD-102715,CUST-0350,2024-11-23,Colombie-Britannique,En ligne,Sports,Sac sport,1,31.24,0.05
ORD-102072,CUST-0465,2025-01-09,Manitoba,Magasin,Électronique,Tablette,2,811.99,0.1
ORD-107300,CUST-0955,2025-04-29,Ontario,En ligne,Vêtements,Manteau,1,34.47,0.05
ORD-107275,CUST-0637,2025-12-19,Manitoba,Magasin,Maison,Chaise,1,182.19,0.1
ORD-104128,CUST-0936,2025-11-02,Québec,Téléphone,Beauté,Crème,1,132.07,0.0
ORD-103333,CUST-0719,2024-03-17,Alberta,Magasin,Beauté,Maquillage,1,77.54,0.15
ORD-106814,CUST-0366,2024-03-21,Manitoba,Magasin,Électronique,Tablette,3,429.56,0.1
ORD-102588,CUST-0799,2025-11-05,Manitoba,En ligne,Beauté,Shampoing,2,148.31,0.05
ORD-101788,CUST-1315,2025-02-25,Alberta,Téléphone,Électronique,Clavier,2,421.98,0.1
ORD-105865,CUST-0283,2024-08-01,Colombie-Britannique,Téléphone,Beauté,Soin visage,4,42.89,0.0
ORD-104030,CUST-0866,2025-01-25,Ontario,Magasin,Beauté,Shampoing,1,108.82,0.0
ORD-100528,CUST-1107,2024-05-04,Manitoba,Téléphone,Électronique,Écran,1,846.83,0.0
ORD-104127,CUST-0959,2025-04-21,Manitoba,Téléphone,Sports,Vélo,1,249.77,0.0
ORD-100192,CUST-1217,2024-11-06,Ontario,Téléphone,Électronique,Tablette,1,785.94,0.0
ORD-103661,CUST-0908,2024-11-11,Colombie-Britannique,En ligne,Maison,Chaise,4,317.17,0.1
ORD-101126,CUST-0849,2025-02-01,Alberta,Magasin,Beauté,Soin visage,2,166.19,0.2
ORD-103539,CUST-1208,2025-12-25,Ontario,Magasin,Électronique,Tablette,1,557.89,0.05
ORD-103478,CUST-0826,2024-06-16,Alberta,En ligne,Sports,Tapis yoga,2,267.18,0.05
ORD-103540,CUST-0835,2025-11-16,Manitoba,En ligne,Vêtements,T-shirt,1,60.26,0.2
ORD-100304,CUST-0867,2025-02-27,Alberta,Magasin,Sports,Sac sport,2,323.57,0.05
ORD-103707,CUST-0707,2024-08-10,Ontario,En ligne,Maison,Chaise,1,417.83,0.15
ORD-101292,CUST-1393,2024-02-14,Manitoba,Téléphone,Maison,Mixeur,2,118.58,0.1
ORD-100070,CUST-0511,2025-01-19,Manitoba,Téléphone,Sports,Vélo,2,58.51,0.0
ORD-107105,CUST-0453,2024-02-17,Alberta,Magasin,Maison,Aspirateur,2,72.16,0.15
ORD-104623,CUST-0486,2025-05-07,Alberta,Téléphone,Vêtements,Chaussures,1,97.93,0.0
ORD-102687,CUST-0869,2024-04-26,Ontario,En ligne,Vêtements,Manteau,2,96.5,0.05
ORD-107652,CUST-0796,2024-04-15,Colombie-Britannique,Magasin,Beauté,Soin visage,1,70.61,0.1
ORD-105095,CUST-0275,2025-09-21,Colombie-Britannique,Magasin,Maison,Mixeur,2,37.84,0.1
ORD-100831,CUST-1307,2024-08-16,Ontario,Téléphone,Vêtements,T-shirt,1,117.63,0.0
ORD-105687,CUST-0442,2024-09-12,Ontario,Magasin,Sports,Raquette,2,636.51,0.2
ORD-101456,CUST-1265,2025-09-18,Manitoba,En ligne,Beauté,Maquillage,1,106.41,0.1
ORD-106539,CUST-0226,2027-01-15,Alberta,Téléphone,Vêtements,T-shirt,4,275.11,0.05
ORD-107120,CUST-0505,2025-09-21,Alberta,Magasin,Beauté,Shampoing,1,55.99,0.1
ORD-100238,CUST-1440,2025-03-24,Manitoba,Magasin,Électronique,Casque audio,1,483.42,0.0
ORD-100092,,2025-05-25,Colombie-Britannique,Magasin,Vêtements,T-shirt ,2,97.26,0.05
ORD-102977,CUST-0814,2024-09-25,Québec,Téléphone,Maison,Lampe,3,60.82,0.05
ORD-103535,CUST-0923,2024-01-22,Manitoba,Téléphone,Beauté,Shampoing,3,117.59,0.2
ORD-104112,CUST-0381,2024-01-02,Alberta,Magasin,Maison,Cafetière,4,21.97,0.1
ORD-105558,CUST-0745,2025-07-19,Colombie-Britannique,En ligne,Maison,Cafetière,2,163.27,0.05
ORD-104003,CUST-1366,2025-12-27,Alberta,Magasin,Maison,Chaise,1,265.98,0.1
ORD-104462,CUST-1339,2025-07-10,Ontario,Téléphone,Électronique,Écran,2,45.78,0.0
ORD-103480,CUST-0650,2025-04-26,Québec,Magasin,Beauté,Soin visage,4,131.76,0.1
ORD-104271,CUST-1332,2025-09-04,Colombie-Britannique,Téléphone,Sports,Vélo,1,577.03,0.0
ORD-107458,CUST-0655,2025-06-12,Colombie-Britannique,En ligne,Électronique,Souris,4,505.69,0.0
ORD-101001,CUST-1257,2025-10-24,Colombie-Britannique,Magasin,Maison,Cafetière,4,390.6,0.15
ORD-105329,CUST-0126,2025-04-11,Colombie-Britannique,Magasin,Électronique,Écran,3,431.38,0.15
ORD-107886,CUST-0834,2025-04-03,Alberta,En ligne,Vêtements,Chaussures,2,251.62,0.05
ORD-102377,CUST-0303,2025-02-04,Québec,Téléphone,Sports,Raquette,2,582.69,0.0
ORD-107074,CUST-0167,2025-01-03,Manitoba,Téléphone,Sports,Sac sport,1,296.75,0.1
ORD-103660,CUST-1134,2025-02-27,Québec,Téléphone,Électronique,Casque audio,3,574.92,0.15
ORD-106658,CUST-0722,2025-12-12,Ontario,En ligne,Sports,Ballon,3,218.36,0.05
ORD-103246,CUST-0106,2024-08-27,Colombie-Britannique,En ligne,Maison,Lampe,2,297.48,0.2
ORD-103353,CUST-0080,2024-08-15,Alberta,TÉLÉPHONE,Beauté,Parfum,1,246.56,0.05
ORD-101532,CUST-0329,2024-10-23,Colombie-Britannique,En ligne,Sports,Sac sport,3,446.21,0.05
ORD-102410,CUST-1210,2025-10-12,Alberta,Téléphone,Sports,Sac sport,1,80.84,0.0
ORD-104912,CUST-1124,2024-03-21,Manitoba,En ligne,Électronique,Clavier,1,634.84,0.0
ORD-100411,CUST-0073,2025-04-25,Québec,Téléphone,Maison,Chaise,1,483.21,0.0
ORD-104046,CUST-0114,2024-10-22,Ontario,En ligne,Sports,Ballon,4,585.17,0.0
ORD-107749,CUST-0180,2024-05-04,Alberta,Magasin,Sports,Sac sport,1,673.0,0.1
ORD-104684,CUST-0355,2024-02-20,Alberta,Téléphone,Maison,Aspirateur,4,220.21,0.05
ORD-102805,CUST-1142,2024-04-01,Colombie-Britannique,Magasin,Vêtements,Jean,1,186.79,0.1
ORD-107463,CUST-0171,2025-02-20,Manitoba,En ligne,Électronique,Souris,4,155.89,0.0
ORD-105950,CUST-0436,2025-01-17,Alberta,Magasin,Électronique,Souris,2,828.68,0.2
ORD-103082,CUST-0680,2025-10-16,Québec,Magasin,Sports,Sac sport,1,537.96,0.1
ORD-106468,CUST-0696,2025-10-06,Alberta,Magasin,Maison,Cafetière,2,55.93,0.05
ORD-101736,CUST-1198,2025-07-29,Colombie-Britannique,En ligne,Sports,Sac sport,1,237.62,0.05
ORD-103733,CUST-0538,2025-06-27,Colombie-Britannique,Téléphone,Sports,Vélo,1,549.12,0.05
ORD-105080,CUST-0002,2025-12-14,Ontario,Magasin,Sports,Sac sport,1,195.1,0.05
ORD-107372,CUST-0049,2024-03-21,Alberta,En ligne,Beauté,Parfum,2,222.48,0.1
ORD-106395,CUST-0281,2025-04-12,Ontario,En ligne,Maison,Chaise,2,414.1,0.05
ORD-106161,CUST-0172,2024-11-25,Colombie-Britannique,Magasin,Sports,Tapis yoga,1,69.51,0.1
ORD-103470,CUST-1072,2025-06-24,Alberta,Téléphone,Sports,Sac sport,3,291.51,0.1
ORD-100633,CUST-1189,2025-05-02,Québec,Magasin,Électronique,Tablette,1,36.42,0.05
ORD-103021,CUST-0421,2024-03-01,Alberta,En ligne,Beauté,Parfum,5,140.15,0.1
ORD-100498,CUST-0700,2025-05-08,Alberta,En ligne,Beauté,Maquillage,2,140.33,0.0
ORD-103820,CUST-1232,2024-02-23,Manitoba,Magasin,Électronique,Casque audio,2,317.68,0.1
ORD-102463,CUST-1310,2024-01-05,Colombie-Britannique,En ligne,Vêtements,Veste,4,295.39,0.15
ORD-104556,CUST-1415,2025-02-20,Ontario,Magasin,Maison,Mixeur,3,33.88,0.1
ORD-100637,CUST-1042,2025-11-24,Manitoba,Magasin,Maison,Aspirateur,1,38.7,0.05
ORD-100720,CUST-0196,2024-11-02,Manitoba,En ligne,Électronique,Tablette,1,765.94,0.0
ORD-100288,CUST-0620,2025-10-12,Alberta,Téléphone,Sports,Ballon,1,410.42,0.1
ORD-100757,CUST-1108,2024-12-30,Manitoba,En ligne,Beauté,Shampoing,1,191.6,0.05
ORD-103347,CUST-0213,2025-12-14,Colombie-Britannique,En ligne,Maison,Aspirateur,1,233.7,0.15
ORD-103473,CUST-0421,2024-06-28,Alberta,Téléphone,Beauté,Soin visage,1,233.32,0.0
ORD-103089,CUST-0933,2025-05-23,Alberta,Magasin,Électronique,Tablette,4,763.74,0.0
ORD-104412,CUST-1180,2024-06-21,Colombie-Britannique,En ligne,Beauté,Crème,2,111.6,0.0
ORD-106667,CUST-0505,2024-03-20,Colombie-Britannique,Téléphone,Sports,Ballon,3,684.25,0.1
ORD-104855,CUST-0384,2024-03-12,Québec,Magasin,Maison,Cafetière,2,473.74,0.0
ORD-100449,CUST-1494,2025-07-27,Ontario,En ligne,Électronique,Clavier,1,704.77,0.15
ORD-100596,CUST-0233,2025-12-05,Alberta,Téléphone,Sports,Raquette,2,673.71,0.1
ORD-106045,CUST-1241,2025-12-01,Colombie-Britannique,Téléphone,Vêtements,Jean,1,199.41,0.1
ORD-107880,CUST-1232,2025-07-05,Ontario,Téléphone,Sports,Raquette,2,676.35,0.15
ORD-101068,CUST-0673,2025-03-14,Alberta,Téléphone,Vêtements,Manteau,1,293.57,0.0
ORD-101942,CUST-0472,2024-08-21,Colombie-Britannique,En ligne,Beauté,Parfum,1,194.01,0.1
ORD-101647,CUST-1191,2024-09-16,Ontario,En ligne,Sports,Tapis yoga,5,161.54,0.05
ORD-104053,CUST-1281,2025-05-08,Québec,En ligne,Vêtements,Jean,1,191.38,0.0
ORD-105321,CUST-0247,2024-07-06,Alberta,Magasin,Maison,Mixeur,1,320.96,0.05
ORD-102700,CUST-1322,2025-05-18,Manitoba,Magasin,Vêtements,Chaussures,1,259.86,0.0
ORD-101700,CUST-0524,2025-06-30,Manitoba,Magasin,Beauté,Crème,1,149.89,0.0
ORD-106508,CUST-0087,2024-08-13,Québec,En ligne,Électronique,Casque audio,1,641.91,0.1
ORD-106479,CUST-0139,2025-06-30,Québec,En ligne,Électronique,Casque audio,1,526.66,0.0
ORD-107138,CUST-1463,2024-08-31,Alberta,En ligne,Maison,Aspirateur,1,355.08,0.0
ORD-105152,CUST-0244,2024-05-19,Québec,Magasin,Maison,Aspirateur,2,171.31,0.0
ORD-102942,CUST-0620,2025-03-17,Ontario,Magasin,Maison,Cafetière,1,187.06,0.0
ORD-106624,CUST-1456,2024-04-17,Manitoba,Magasin,Électronique,Tablette,1,418.72,0.2
ORD-104267,CUST-0815,2024-06-25,Alberta,Magasin,Vêtements,Chaussures,1,55.68,0.05
ORD-103889,CUST-0528,2025-10-27,Colombie-Britannique,Téléphone,Électronique,Tablette,2,561.94,0.05
ORD-102123,CUST-1225,2025-06-19,Manitoba,En ligne,Maison,Lampe,4,130.7,0.0
ORD-106979,CUST-0950,2025-12-17,Manitoba,Magasin,Électronique,Clavier,2,380.53,0.1
ORD-100086,CUST-0111,2025-04-14,Ontario,Téléphone,Vêtements,Jean,3,157.06,0.0
ORD-102308,CUST-0192,2025-11-24,Ontario,Téléphone,Électronique,Écran,1,424.99,0.0
ORD-102677,CUST-0235,2025-11-21,Manitoba,Magasin,Beauté,Parfum,2,187.26,0.2
ORD-105454,CUST-0407,2025-01-19,Ontario,En ligne,Électronique,Casque audio,1,396.47,0.0
ORD-104808,CUST-0490,2024-03-08,Ontario,Téléphone,Électronique,Écran,1,355.88,0.0
ORD-106727,CUST-0030,2024-05-26,Colombie-Britannique,Téléphone,Sports,Raquette,5,170.34,0.15
ORD-102594,CUST-0373,2024-11-01,Québec,Téléphone,Vêtements,Jean,3,266.58,0.05
ORD-103755,CUST-1079,2025-03-30,Québec,En ligne,Beauté,Maquillage,1,123.94,0.0
ORD-103058,CUST-0901,2024-07-11,Alberta,En ligne,Beauté,Maquillage,1,79.72,0.1
ORD-101029,CUST-1202,2024-05-02,Alberta,Magasin,Électronique,Souris,2,627.91,0.1
ORD-104039,CUST-0468,2024-07-24,Ontario,En ligne,Électronique,Casque audio,2,180.81,0.1
ORD-102876,CUST-1318,2025-11-15,Alberta,En ligne,Maison,Lampe,4,351.91,0.1
ORD-104553,CUST-0940,2024-02-16,Québec,Téléphone,Sports,Raquette,1,17.08,0.1
ORD-103543,CUST-0750,2025-03-11,Québec,En ligne,Sports,Raquette,1,328.2,0.1
ORD-102144,CUST-1070,2024-03-29,Ontario,Téléphone,Beauté,Soin visage,1,29.46,0.1
ORD-106524,CUST-0018,2025-01-24,Ontario,Magasin,Beauté,Maquillage,2,102.23,0.2
ORD-106379,CUST-1021,2024-06-13,Manitoba,Téléphone,Électronique,Casque audio,2,580.58,0.0
ORD-105077,CUST-0352,2024-02-17,Alberta,Magasin,Maison,Aspirateur,2,51.94,0.0
ORD-101200,CUST-0985,2025-09-29,Colombie-Britannique,Téléphone,Électronique,Casque audio,1,549.1,0.05
ORD-102025,CUST-0835,2025-08-20,Manitoba,En ligne,Vêtements,T-shirt,1,233.15,0.1
ORD-100621,CUST-0894,2025-04-26,Colombie-Britannique,Téléphone,Électronique,Casque audio,2,235.06,0.0
ORD-107350,CUST-1004,2025-08-17,Québec,En ligne,Électronique,Clavier,1,753.21,0.15
ORD-100566,CUST-1393,2024-08-07,Québec,Téléphone,Maison,Cafetière,1,211.6,0.05
ORD-106013,CUST-0421,2024-05-30,Colombie-Britannique,Téléphone,Sports,Raquette,1,464.91,0.05
ORD-101837,CUST-1402,2025-01-10,Manitoba,Téléphone,Maison,Cafetière,2,164.61,0.0
ORD-101334,CUST-0015,2025-01-04,Manitoba,Magasin,Électronique,Écran,4,140.98,0.0
ORD-104301,CUST-1464,2024-05-30,Québec,En ligne,Sports,Sac sport,2,543.17,0.05
ORD-107684,CUST-0664,2025-05-16,Colombie-Britannique,Téléphone,Maison,Chaise,1,303.54,0.05
ORD-102099,CUST-1223,2025-07-24,Ontario,Téléphone,Vêtements,Chaussures,2,56.11,0.1
ORD-103908,CUST-0130,2025-02-04,Manitoba,En ligne,Électronique,Souris,4,316.98,0.0
ORD-103481,CUST-0971,2024-11-08,Alberta,Magasin,Maison,Cafetière,2,198.42,0.15
ORD-104376,CUST-0517,2024-06-02,Québec,En ligne,Maison,Cafetière,1,133.53,0.1
ORD-101688,CUST-0170,2024-06-07,Manitoba,Téléphone,Beauté,Parfum,4,182.04,0.15
ORD-100745,CUST-0923,2024-05-07,Ontario,Téléphone,Beauté,Maquillage,2,28.07,0.0
ORD-105533,CUST-1077,2024-01-09,Manitoba,Téléphone,Vêtements,T-shirt,4,230.16,0.15
ORD-105187,CUST-0145,2025-05-31,Québec,En ligne,Maison,Aspirateur,2,278.29,0.1
ORD-102187,CUST-0389,2025-02-28,Colombie-Britannique,En ligne,Électronique,Écran,1,517.66,0.15
ORD-100195,CUST-0589,2024-06-07,Québec,Téléphone,Maison,Lampe,3,496.8,0.1
ORD-101152,CUST-0319,2024-06-29,Québec,Téléphone,Maison,Mixeur,3,417.54,0.0
ORD-103487,CUST-0998,2024-10-11,Québec,Téléphone,Maison,Lampe,1,230.88,0.2
ORD-105333,CUST-1170,2024-08-21,Manitoba,Magasin,Vêtements,T-shirt,2,180.24,0.0
ORD-100802,CUST-0506,2024-03-16,Colombie-Britannique,En ligne,Vêtements,Chaussures,1,206.62,0.1
ORD-107906,CUST-1259,2025-12-26,Colombie-Britannique,En ligne,Électronique,Souris,4,203.37,0.0
ORD-102350,CUST-1304,2024-05-11,Québec,Magasin,Vêtements,T-shirt,3,208.92,0.15
ORD-105888,CUST-0360,2024-08-23,Québec,Magasin,Vêtements,Chaussures,3,181.36,0.05
ORD-103479,CUST-0729,2024-08-01,Ontario,Magasin,Maison,Aspirateur,1,286.22,0.1
ORD-107318,CUST-1280,2024-01-23,Québec,Magasin,Sports,Vélo,1,230.7,0.1
ORD-105234,CUST-0690,2024-08-06,Colombie-Britannique,Téléphone,Beauté,Parfum,1,63.6,0.0
ORD-102068,CUST-0144,2024-09-07,Colombie-Britannique,Téléphone,Sports,Raquette,2,320.04,0.0
ORD-102907,CUST-0349,2024-02-13,Colombie-Britannique,Magasin,Vêtements,T-shirt,5,170.99,0.05
ORD-106582,CUST-1008,2024-11-25,Colombie-Britannique,En ligne,Sports,Sac sport,1,15.22,0.05
ORD-106243,CUST-0754,2024-06-12,Colombie-Britannique,Magasin,Électronique,Clavier,3,742.5,0.0
ORD-100644,CUST-0897,2025-04-21,Manitoba,Magasin,Sports,Vélo,1,29.22,0.1
ORD-107524,CUST-0535,2024-12-14,Alberta,En ligne,Beauté,Soin visage,1,137.84,0.0
ORD-106063,CUST-0240,2025-04-04,Alberta,Téléphone,Électronique,Clavier,1,296.88,0.15
ORD-106868,CUST-0673,2024-10-14,Manitoba,Magasin,Maison,Aspirateur,2,150.11,0.2
ORD-103856,CUST-0653,2025-05-21,Manitoba,Magasin,Électronique,Écran,2,158.89,0.0
ORD-107561,CUST-0683,2025-11-27,Ontario,Téléphone,Électronique,Casque audio,3,476.43,0.0
ORD-100120,CUST-1250,2024-02-22,Colombie-Britannique,Téléphone,Vêtements,Chaussures,2,131.68,0.05
ORD-101777,CUST-0588,2025-11-19,Québec,Magasin,Maison,Aspirateur,4,133.73,0.1
ORD-102981,CUST-0814,2024-05-08,Québec,Magasin,Beauté,Crème,4,233.58,0.05
ORD-104320,CUST-0592,2025-08-30,Québec,En ligne,Maison,Mixeur,1,430.06,0.15
ORD-103074,CUST-0313,2024-03-16,Québec,En ligne,Beauté,Soin visage,3,64.7,0.1
ORD-106492,CUST-1125,2024-12-05,Colombie-Britannique,Magasin,Beauté,Soin visage,3,171.59,0.0
ORD-106473,CUST-1264,2025-08-07,Manitoba,Magasin,Électronique,Souris,1,483.38,0.05
ORD-107058,CUST-0754,2024-11-25,Québec,Magasin,Vêtements,Manteau,1,59.89,0.0
ORD-103035,CUST-0245,2025-11-08,Alberta,Téléphone,Sports,Tapis yoga,3,520.13,0.05
ORD-102135,CUST-0333,2025-04-27,Ontario,En ligne,Électronique,Écran,3,412.18,0.0
ORD-107952,CUST-0882,2025-02-07,Alberta,Magasin,Électronique,Écran,1,400.45,0.05
ORD-104942,CUST-1403,2025-03-20,Colombie-Britannique,Magasin,Électronique,Tablette,1,311.84,0.05
ORD-100134,CUST-1040,2025-12-11,Québec,Téléphone,Sports,Tapis yoga,1,473.89,0.0
ORD-107139,CUST-1009,2024-11-13,Manitoba,Magasin,Maison,Mixeur,3,286.04,0.0
ORD-104168,CUST-1149,2024-10-26,Ontario,En ligne,Maison,Cafetière,2,305.44,0.05
ORD-105602,CUST-1494,2024-03-26,Manitoba,Magasin,Sports,Raquette,1,627.37,0.0
ORD-107975,CUST-0472,2025-08-30,Manitoba,Téléphone,Vêtements,Veste,3,222.39,0.05
ORD-105186,CUST-0588,2025-07-31,Québec,Magasin,Sports,Sac sport,1,649.71,0.1
ORD-104087,CUST-1465,2024-05-24,Alberta,Téléphone,Électronique,Écran,1,497.03,0.1
ORD-102559,CUST-1384,2025-01-21,Manitoba,En ligne,Électronique,Souris,1,885.54,0.0
ORD-100062,CUST-0134,2024-02-27,Colombie-Britannique,Magasin,Électronique,Souris,1,786.34,0.0
ORD-105282,CUST-0485,2025-03-12,Alberta,En ligne,Maison,Cafetière,1,300.62,0.05
ORD-107036,CUST-0950,2025-02-08,Colombie-Britannique,Téléphone,Sports,Ballon,1,377.14,0.0
ORD-105749,CUST-1353,2025-03-23,Manitoba,Téléphone,Électronique,Clavier,1,693.17,0.0
ORD-101642,CUST-0129,2025-05-25,Québec,Téléphone,Vêtements,T-shirt,1,265.77,0.05
ORD-104224,CUST-1307,2025-06-09,Ontario,Magasin,Beauté,Soin visage,4,12.35,0.05
ORD-102467,CUST-1099,2024-05-22,Alberta,Téléphone,Sports,Ballon,5,180.8,0.1
ORD-100679,CUST-0854,2025-10-22,Colombie-Britannique,En ligne,Maison,Mixeur,2,430.88,0.1
ORD-104528,CUST-0684,2025-01-17,Ontario,Téléphone,Vêtements,Veste,1,23.37,0.05
ORD-100741,CUST-0369,2025-08-06,Manitoba,Magasin,Sports,Tapis yoga,4,445.46,0.05
ORD-101211,CUST-0993,2025-01-19,Manitoba,En ligne,Sports,Raquette,2,211.36,0.05
ORD-102170,CUST-1059,2025-05-08,Québec,Magasin,Vêtements,T-shirt,1,188.95,0.0
ORD-106101,CUST-0812,2025-09-12,Ontario,Téléphone,Vêtements,Veste,1,259.21,0.0
ORD-105532,CUST-1226,2025-07-27,Manitoba,Magasin,Électronique,Souris,2,558.94,0.15
ORD-105379,CUST-0080,2024-10-14,Ontario,En ligne,Électronique,Clavier,2,105.25,0.1
ORD-102900,CUST-0729,2025-09-12,Manitoba,Magasin,Vêtements,T-shirt,1,160.45,0.0
ORD-103258,CUST-1365,2024-12-07,Ontario,Magasin,Maison,Mixeur,2,325.57,0.1
ORD-100567,CUST-1341,2024-11-19,Québec,En ligne,Sports,Sac sport,3,264.9,0.1
ORD-101873,CUST-0417,2025-09-29,Québec,Téléphone,Sports,Vélo,5,554.16,0.2
ORD-100648,,2024-05-08,Manitoba,En ligne,Beauté,Shampoing,2,201.15,0.1
ORD-102596,CUST-1082,2024-01-13,Manitoba,Magasin,Électronique,Écran,1,525.72,0.0
ORD-101717,CUST-1121,2025-06-12,Manitoba,En ligne,Sports,Ballon,1,276.47,0.05
ORD-106720,CUST-1167,2024-09-09,Québec,Téléphone,Beauté,Parfum,1,178.42,0.1
ORD-102843,CUST-0277,2025-04-13,Colombie-Britannique,Magasin,Vêtements,Veste,2,171.32,0.0
ORD-101392,CUST-0926,2024-04-29,Alberta,Téléphone,Beauté,Crème,3,47.61,0.1
ORD-106076,CUST-0433,2025-07-23,Québec,Magasin,Sports,Vélo,1,574.54,0.05
ORD-103717,CUST-0337,2024-05-13,Colombie-Britannique,En ligne,Beauté,Soin visage,2,216.26,0.15
ORD-105385,CUST-1256,2025-11-18,Québec,Magasin,Beauté,Crème,2,41.14,0.05
ORD-106638,CUST-0209,2025-02-10,Québec,Magasin,Vêtements,Veste,2,66.92,0.05
ORD-105933,CUST-0910,2025-09-08,Alberta,En ligne,Beauté,Maquillage,5,115.88,0.0
ORD-100489,CUST-1296,2024-01-02,Ontario,Téléphone,Sports,Raquette,2,334.42,0.1
ORD-100493,CUST-1214,2024-09-24,Québec,Téléphone,Vêtements,T-shirt,3,275.77,0.0
ORD-100690,CUST-1228,2027-01-15,Colombie-Britannique,Magasin,Vêtements,Jean,1,127.32,0.15
ORD-105668,CUST-0086,2025-10-08,Manitoba,En ligne,Électronique,Tablette,1,503.08,0.0
ORD-100602,CUST-1371,2025-10-10,Manitoba,Magasin,Sports,Tapis yoga,2,44.67,0.1
ORD-101911,CUST-0938,2025-05-26,Colombie-Britannique,En ligne,Électronique,Clavier,1,337.62,0.1
ORD-105747,CUST-0775,2025-09-09,Ontario,En ligne,Sports,Sac sport,2,112.92,0.15
ORD-104051,CUST-1081,2024-09-05,Colombie-Britannique,En ligne,Sports,Ballon,2,583.55,0.0
ORD-104080,CUST-1453,2024-12-16,Ontario,En ligne,Électronique,Souris,1,805.28,0.0
ORD-105735,CUST-0231,2024-08-23,Colombie-Britannique,En ligne,Vêtements,Manteau,1,34.91,0.15
ORD-103846,CUST-0350,2025-05-28,Ontario,Magasin,Sports,Sac sport,1,255.85,0.0
ORD-104767,CUST-0769,2025-10-15,Ontario,En ligne,Vêtements,Veste,1,15.77,0.05
ORD-105542,CUST-0175,2025-08-03,Manitoba,En ligne,Électronique,Écran,1,770.21,0.1
ORD-102366,CUST-1364,2024-11-03,Colombie-Britannique,Téléphone,Électronique,Clavier,1,338.68,0.15
ORD-101187,CUST-1240,2025-04-25,Manitoba,Téléphone,Beauté,Crème,1,102.5,0.05
ORD-100274,CUST-1318,2025-07-24,Ontario,Téléphone,Sports,Raquette,3,214.05,0.1
ORD-104693,CUST-0732,2025-01-19,Colombie-Britannique,Téléphone,Maison,Lampe,1,226.52,0.0
ORD-104669,CUST-0895,2025-04-20,Alberta,En ligne,Vêtements,Jean,2,137.88,0.1
ORD-101361,CUST-1448,2025-04-20,Alberta,En ligne,Maison,Lampe,1,314.04,0.0
ORD-106375,CUST-1013,2025-09-26,Ontario,Magasin,Maison,Chaise,2,423.05,0.1
ORD-101526,CUST-0790,2025-01-21,Alberta,Téléphone,Sports,Tapis yoga,3,308.77,0.1
ORD-105646,CUST-1375,2025-12-08,Colombie-Britannique,En ligne,Vêtements,Veste,2,128.73,0.1
ORD-103992,CUST-0925,2025-11-10,Québec,Magasin,Vêtements,Veste,2,31.33,0.0
ORD-107959,CUST-1393,2025-04-05,Ontario,En ligne,Vêtements,T-shirt,5,275.49,0.05
ORD-101551,CUST-1207,2025-02-26,Québec,Magasin,Électronique,Tablette,4,509.2,0.2
ORD-100330,CUST-0883,2024-05-26,Ontario,En ligne,Vêtements,Manteau,3,93.59,0.15
ORD-107600,CUST-0062,2025-03-02,Colombie-Britannique,En ligne,Sports,Vélo,3,535.65,0.0
ORD-101337,CUST-1304,2024-04-25,Manitoba,Téléphone,Électronique,Tablette,1,747.74,0.1
ORD-103751,CUST-0556,2024-10-18,Manitoba,Téléphone,Maison,Cafetière,5,154.95,0.1
ORD-100945,CUST-0402,2025-08-28,Colombie-Britannique,Magasin,Maison,Mixeur,2,301.65,0.05
ORD-106354,CUST-0867,2025-11-12,Alberta,Téléphone,Sports,Sac sport,1,52.86,0.05
ORD-102250,CUST-0605,2025-10-10,Québec,Magasin,Sports,Tapis yoga,4,369.74,0.15
ORD-106358,CUST-0209,2025-08-24,Ontario,En ligne,Sports,Ballon,1,207.75,0.0
ORD-100801,CUST-1429,2024-10-09,Ontario,Téléphone,Maison,Aspirateur,1,389.47,0.1
ORD-104022,CUST-0215,2025-01-17,Colombie-Britannique,Magasin,Électronique,Souris,4,692.03,0.05
ORD-102346,CUST-0015,2024-02-10,Manitoba,Magasin,Électronique,Souris,4,154.69,0.15
ORD-100068,CUST-0824,2024-08-29,Alberta,Magasin,Maison,Cafetière,2,314.44,0.05
ORD-105926,CUST-0674,2025-08-18,Manitoba,Magasin,Électronique,Clavier,3,639.6,0.15
ORD-105753,CUST-0968,2025-07-14,Alberta,Téléphone,Sports,Vélo,3,629.99,0.0
ORD-102784,CUST-0179,2025-02-24,Ontario,Téléphone,Électronique,Clavier,1,66.24,0.1
ORD-101598,CUST-1086,2025-07-23,Ontario,Téléphone,Beauté,Maquillage,3,183.25,0.15
ORD-104254,CUST-1177,2025-10-10,Alberta,Magasin,Sports,Tapis yoga,2,638.89,0.0
ORD-104771,CUST-0728,2025-07-21,Alberta,Téléphone,Maison,Mixeur,1,224.09,0.15
ORD-105247,CUST-0369,2025-10-09,Alberta,En ligne,Électronique,Clavier,1,622.92,0.2
ORD-101503,CUST-0132,2025-02-24,Québec,En ligne,Maison,Lampe,3,420.5,0.05
ORD-103803,CUST-0339,2024-07-02,Alberta,En ligne,Vêtements,Veste,1,173.47,0.2
ORD-100150,CUST-0973,2025-08-15,Ontario,Magasin,Maison,Aspirateur,1,125.69,0.1
ORD-102804,CUST-0809,2024-01-09,Manitoba,En ligne,Maison,Chaise,1,51.8,0.0
ORD-104001,CUST-0993,2024-07-08,Alberta,En ligne,Électronique,Clavier,1,700.82,0.0
ORD-102086,CUST-0777,2024-11-29,Colombie-Britannique,Téléphone,Sports,Raquette,1,409.27,0.05
ORD-107366,CUST-0555,2025-11-22,Ontario,Magasin,Beauté,Crème,2,71.08,0.0
ORD-102259,CUST-1477,2024-11-11,Ontario,Téléphone,Vêtements,Veste,3,183.43,0.05
ORD-104028,CUST-0614,2025-05-31,Manitoba,Magasin,Sports,Sac sport,2,-472.49,0.15
ORD-107071,CUST-0407,2025-11-22,Alberta,Magasin,Électronique,Casque audio,1,82.51,0.05
ORD-106821,CUST-0392,2024-04-02,Québec,En ligne,Vêtements,T-shirt,4,178.82,0.0
ORD-104597,CUST-0110,2025-07-30,Québec,Téléphone,Vêtements,T-shirt,3,33.4,0.2
ORD-100859,CUST-1138,2024-01-20,Québec,Téléphone,Vêtements,Jean,1,171.4,0.1
ORD-103552,CUST-0602,2025-08-22,Alberta,Téléphone,Électronique,Écran,2,600.34,0.0
ORD-106597,CUST-0048,2025-09-02,Alberta,En ligne,Électronique,Tablette,5,750.98,0.05
ORD-103578,,2024-08-13,Colombie-Britannique,Magasin,Électronique,Casque audio,2,175.82,0.2
ORD-104863,CUST-1300,2024-12-17,Québec,Téléphone,Sports,Sac sport,1,174.68,0.0
ORD-107562,CUST-0370,2024-02-05,Ontario,En ligne,Électronique,Tablette,3,739.81,0.0
ORD-106009,CUST-0404,2025-01-24,Manitoba,Téléphone,Beauté,Soin visage,1,125.57,0.0
ORD-100366,CUST-1092,2025-02-15,Alberta,Téléphone,Sports,Raquette,1,687.43,0.05
ORD-101432,CUST-0717,2025-06-22,Québec,Téléphone,Maison,Aspirateur,2,370.52,0.05
ORD-104350,CUST-0046,2025-05-18,Ontario,Téléphone,Électronique,Tablette,2,508.04,0.05
ORD-105671,CUST-0590,2025-03-26,Ontario,Téléphone,Vêtements,Manteau,2,268.3,0.1
ORD-101779,CUST-0082,2024-03-16,Colombie-Britannique,Téléphone,Sports,Sac sport,1,693.89,0.05
ORD-103739,CUST-0585,2025-06-22,Colombie-Britannique,En ligne,Électronique,Tablette,3,86.64,0.0
ORD-105151,CUST-0977,2024-01-01,Alberta,Magasin,Maison,Cafetière,2,249.58,0.2
ORD-105491,CUST-0811,2024-02-04,Manitoba,Téléphone,Vêtements,Manteau,5,256.32,0.05
ORD-101818,CUST-1070,2025-03-26,Ontario,Magasin,Maison,Cafetière,2,83.02,0.15
ORD-105170,CUST-0973,2024-01-14,Québec,Magasin,Électronique,Souris,3,636.88,0.15
ORD-100841,CUST-0763,2024-08-08,Alberta,En ligne,Électronique,Écran,3,468.26,0.2
ORD-102704,CUST-0314,2024-10-02,Alberta,Magasin,Maison,Mixeur,3,155.51,0.0
ORD-101189,CUST-0125,2025-06-20,Ontario,En ligne,Beauté,Shampoing,1,81.75,0.05
ORD-100175,CUST-1325,2024-08-30,Ontario,Téléphone,Sports,Tapis yoga,1,184.27,0.0
ORD-107894,CUST-0886,2024-06-10,Alberta,Magasin,Sports,Tapis yoga,3,39.91,0.05
ORD-107602,CUST-0628,2025-02-02,Québec,Téléphone,Maison,Cafetière,2,219.36,0.05
ORD-100617,CUST-1391,2024-11-13,Québec,Téléphone,Vêtements,Manteau,1,130.52,0.0
ORD-102093,CUST-0112,2024-05-27,Manitoba,Téléphone,Vêtements,Chaussures,4,154.72,0.15
ORD-103308,CUST-1047,2024-09-27,Ontario,En ligne,Maison,Aspirateur,3,127.13,0.05
ORD-106436,CUST-0433,2025-09-01,Ontario,Magasin,Électronique,Clavier,4,152.07,0.05
ORD-103491,CUST-0521,2025-05-13,Ontario,Magasin,Sports,Tapis yoga,2,488.0,0.1
ORD-103905,CUST-0978,2025-02-27,Colombie-Britannique,En ligne,Vêtements,Chaussures,3,49.21,0.05
ORD-100082,CUST-1277,2025-11-22,Ontario,Téléphone,Sports,Raquette,1,609.79,0.0
ORD-105206,CUST-0808,2024-08-08,Québec,En ligne,Sports,Vélo,1,480.11,0.05
ORD-103208,CUST-1208,2025-07-15,Ontario,En ligne,Électronique,Tablette,1,70.65,0.1
ORD-100816,CUST-1448,2025-06-07,Alberta,Magasin,Beauté,Shampoing,1,87.55,0.05
ORD-101030,CUST-1149,2024-02-10,Alberta,En ligne,Sports,Ballon,3,505.68,0.1
ORD-104880,CUST-1233,2024-04-15,Colombie-Britannique,Magasin,Maison,Chaise,2,385.12,0.05
ORD-100300,CUST-0174,2025-07-12,Québec,Téléphone,Électronique,Tablette,2,106.11,0.15
ORD-104508,CUST-0164,2025-06-26,Colombie-Britannique,Téléphone,Sports,Tapis yoga,2,124.18,0.15
ORD-101472,CUST-1491,2025-10-02,Alberta,Magasin,Vêtements,Chaussures,2,68.34,0.0
ORD-100283,CUST-0247,2025-10-01,Alberta,Magasin,Beauté,Soin visage,2,87.52,0.2
ORD-102028,CUST-0224,2024-03-15,Ontario,En ligne,Maison,Cafetière,3,72.96,0.0
ORD-104755,CUST-0744,2024-05-29,Ontario,En ligne,Maison,Lampe,1,210.22,0.05
ORD-104961,CUST-1022,2024-04-14,Alberta,Téléphone,Sports,Raquette,1,535.5,0.05
ORD-106409,CUST-1433,2024-03-27,Québec,Téléphone,Beauté,Shampoing,1,164.39,0.1
ORD-102915,CUST-0639,2025-03-11,Manitoba,En ligne,Électronique,Clavier,0,369.71,0.05
ORD-101813,CUST-1241,2024-04-07,Alberta,Magasin,Vêtements,Jean,3,70.38,0.0
ORD-101271,CUST-1348,2024-05-11,Québec,Magasin,Électronique,Écran,2,52.03,0.1
ORD-105519,CUST-1232,2024-06-14,Québec,En ligne,Vêtements,Chaussures,4,124.99,0.1
ORD-105266,CUST-0742,2024-09-23,Ontario,Téléphone,Sports,Ballon,3,205.58,0.1
ORD-106851,CUST-0184,2024-11-19,Alberta,Magasin,Beauté,Soin visage,1,14.31,0.0
ORD-107879,CUST-0681,2025-06-25,Québec,En ligne,Beauté,Maquillage,1,72.22,0.0
ORD-105125,CUST-0936,2025-03-17,Québec,Téléphone,Sports,Raquette,1,651.82,0.0
ORD-103728,CUST-0652,2024-07-07,Alberta,En ligne,Électronique,Casque audio,1,261.66,0.05
ORD-103150,CUST-0233,2025-11-08,Alberta,Magasin,Vêtements,Jean,2,15.59,0.2
ORD-100820,CUST-0768,2025-03-17,Manitoba,Téléphone,Sports,Raquette,1,137.29,0.05
ORD-102313,CUST-0002,2025-01-28,Ontario,En ligne,Vêtements,Veste,1,156.35,0.2
ORD-102008,CUST-1253,2024-05-31,Québec,Magasin,Sports,Sac sport,3,325.12,0.1
ORD-104881,CUST-0837,2025-03-16,Colombie-Britannique,Magasin,Sports,Tapis yoga,2,171.44,0.05
ORD-102642,CUST-1285,2025-05-26,Québec,En ligne,Beauté,Maquillage,1,88.9,0.0
ORD-104359,CUST-0130,2025-04-29,Alberta,En ligne,Vêtements,Manteau,5,213.83,0.0
ORD-103745,CUST-0119,2024-02-11,Manitoba,En ligne,Sports,Ballon,2,275.76,0.1
ORD-107364,CUST-0507,2024-05-23,Manitoba,Magasin,Maison,Aspirateur,3,217.62,0.2
ORD-102305,CUST-0194,2024-12-28, manitoba ,Téléphone,Maison,Chaise,1,292.79,0.1
ORD-106858,CUST-0315,2025-09-30,Manitoba,En ligne,Maison,Aspirateur,1,84.33,0.05
ORD-105824,CUST-1410,2025-01-24,Manitoba,Téléphone,Sports,Vélo,2,467.52,0.05
ORD-100099,CUST-0579,2025-01-25,Alberta,En ligne,Maison,Chaise,4,319.63,0.0
ORD-104746,CUST-0018,2024-03-09,Colombie-Britannique,En ligne,Vêtements,Manteau,1,295.55,0.0
ORD-100744,CUST-1399,2024-04-01,Manitoba,Téléphone,Vêtements,Jean,2,148.17,0.0
ORD-107761,CUST-0896,2025-08-23,Québec,En ligne,Vêtements,Jean,2,165.02,0.0
ORD-106070,CUST-1080,2024-02-10,Québec,Téléphone,Vêtements,T-shirt,1,163.13,0.1
ORD-104055,CUST-0121,2025-04-22,Québec,Téléphone,Sports,Tapis yoga,5,-121.84,0.0
ORD-100480,CUST-0447,2025-03-03,Alberta,Téléphone,Vêtements,Jean,1,154.48,0.1
ORD-105351,CUST-0207,2025-03-04,Colombie-Britannique,En ligne,Sports,Tapis yoga,2,86.44,0.15
ORD-107840,CUST-1090,2025-06-14,Québec,Téléphone,Maison,Chaise,2,314.52,0.0
ORD-105716,CUST-1265,2025-02-12,Colombie-Britannique,Magasin,Sports,Tapis yoga,1,38.85,0.1
ORD-101157,CUST-1425,2025-01-08,Québec,Téléphone,Beauté,Parfum,1,232.6,0.0
ORD-106771,CUST-0171,2025-04-07,Ontario,Magasin,Vêtements,Manteau,3,279.45,0.1
ORD-105227,CUST-0691,2024-05-23,Alberta,En ligne,Sports,Tapis yoga,0,440.28,0.05
ORD-105965,CUST-1085,2025-12-26,Alberta,Téléphone,Vêtements,Manteau,3,288.1,0.15
ORD-101437,CUST-0036,2024-06-26,Alberta,Magasin,Vêtements,Chaussures,3,53.01,0.0
ORD-102414,CUST-0180,2025-01-15,Alberta,Magasin,Beauté,Soin visage,3,207.57,0.1
ORD-103554,CUST-0282,2024-07-20,Alberta,Téléphone,Sports,Vélo,3,195.73,0.05
ORD-104974,CUST-0065,2025-12-28,Ontario,Magasin,Électronique,Écran,2,329.02,0.1
ORD-100402,CUST-0500,2025-04-08,Colombie-Britannique,Magasin,Beauté,Parfum,3,245.66,0.1
ORD-105493,CUST-0506,2024-08-14,Ontario,Magasin,Sports,Ballon,3,91.94,0.15
ORD-102195,CUST-1268,2025-10-22,Colombie-Britannique,Téléphone,Maison,Chaise,2,97.94,0.0
ORD-100949,CUST-0623,2024-07-01,Alberta,En ligne,Électronique,Écran,1,412.64,0.1
ORD-107825,CUST-0136,2025-12-24,Québec,Magasin,Électronique,Tablette,2,187.47,0.15
ORD-102067,CUST-0932,2025-05-12,Québec,Magasin,Vêtements,Chaussures,2,189.26,0.0
ORD-107692,CUST-0970,2025-09-20,Québec,Téléphone,Beauté,Parfum,1,233.78,0.1
ORD-105665,CUST-0837,2025-01-25,Colombie-Britannique,En ligne,Vêtements,Chaussures,2,40.23,0.05
ORD-100668,CUST-0282,2025-10-22,Colombie-Britannique,En ligne,Vêtements,T-shirt,2,86.87,0.05
ORD-100218,CUST-0364,2024-11-16,Québec,En ligne,Vêtements,Veste,1,297.86,0.15
ORD-103366,CUST-0764,2024-03-23,Alberta,Magasin,Électronique,Écran,4,56.85,0.0
ORD-107780,CUST-1132,2025-11-05,Manitoba,Magasin,Maison,Lampe,2,418.08,0.0
ORD-101962,CUST-0215,2025-10-14,Manitoba,En ligne,Sports,Raquette,1,617.3,0.1
ORD-104870,CUST-0325,2025-04-26,Alberta,Magasin,Électronique,Tablette,1,376.05,0.1
ORD-105856,CUST-0299,2024-03-30,Québec,Téléphone,Beauté,Shampoing,1,141.49,0.05
ORD-102213,CUST-0803,2024-09-02,Ontario,Magasin,Sports,Vélo,4,82.13,0.1
ORD-102633,CUST-0167,2024-01-16,Québec,En ligne,Maison,Mixeur,4,425.51,0.0
ORD-101659,CUST-1063,2024-06-10,Ontario,Magasin,Maison,Mixeur,2,273.1,0.15
ORD-106591,CUST-0973,2025-10-11,Colombie-Britannique,Magasin,Sports,Raquette,4,178.73,0.05
ORD-105418,CUST-1472,2024-01-08,Colombie-Britannique,En ligne,Électronique,Tablette,1,434.84,0.15
ORD-105359,CUST-0151,2024-09-03,Ontario,Magasin,Vêtements,Chaussures,4,249.54,0.15
ORD-105540,CUST-0227,2024-09-22,Colombie-Britannique,En ligne,Électronique,Clavier,1,637.57,0.0
ORD-102145,CUST-1325,2024-03-17,Ontario,En ligne,Beauté,Shampoing,2,246.96,0.1
ORD-100777,CUST-0720,2024-03-15,Alberta,Téléphone,Beauté,Maquillage,2,45.06,0.15
ORD-102434,CUST-0588,2024-08-14,Colombie-Britannique,Magasin,Maison,Chaise,1,112.41,0.1
ORD-103066,CUST-0653,2024-03-16,Manitoba,En ligne,Électronique,Souris,3,547.03,0.05
ORD-106618,CUST-0286,2024-10-02,Colombie-Britannique,En ligne,Électronique,Souris,2,360.02,0.1
ORD-105804,CUST-1397,2024-02-02,Colombie-Britannique,En ligne,Beauté,Soin visage,3,125.19,0.1
ORD-104761,CUST-0146,2025-01-25,Manitoba,Magasin,Sports,Tapis yoga,1,116.64,0.05
ORD-104919,CUST-1210,2024-12-07,Manitoba,Magasin,Maison,Chaise,3,316.33,0.1
ORD-101491,CUST-0307,2025-05-14,Manitoba,En ligne,Électronique,Souris,1,322.45,0.05
ORD-103545,CUST-0233,2025-05-31,Manitoba,En ligne,Maison,Chaise,2,217.17,0.05
ORD-103153,CUST-1465,2024-01-30,Ontario,En ligne,Sports,Sac sport,2,364.89,0.0
ORD-104204,CUST-0637,2024-09-13,Québec,Téléphone,Sports,Raquette,1,412.08,0.1
ORD-103771,CUST-0445,2024-05-01,Québec,Magasin,Vêtements,T-shirt,1,61.88,0.15
ORD-104176,CUST-0954,2024-05-07,Colombie-Britannique,Magasin,Beauté,Soin visage,2,207.35,0.1
ORD-106054,CUST-0143,2024-03-11,Québec,Téléphone,Électronique,Clavier,3,717.27,0.05
ORD-104689,CUST-1205,2024-12-07,Colombie-Britannique,Téléphone,Sports,Tapis yoga,1,287.25,0.15
ORD-100517,CUST-0556,2025-02-02,Alberta,Téléphone,Vêtements,T-shirt,4,255.79,0.0
ORD-104180,CUST-1020,2025-02-25,Colombie-Britannique,Téléphone,Maison,Chaise,1,444.84,0.0
ORD-104205,CUST-0831,2024-10-07,Ontario,Magasin,Sports,Tapis yoga,4,336.08,0.0
ORD-106173,CUST-0718,2025-12-21,Alberta,En ligne,Beauté,Soin visage,2,44.76,0.05
ORD-105549,CUST-0258,2025-06-29,Manitoba,Magasin,Beauté,Parfum,1,72.09,0.15
ORD-107860,CUST-0161,2025-02-20,Manitoba,Magasin,Électronique,Casque audio,1,201.62,0.0
ORD-106187,CUST-0941,2024-08-10,Ontario,Téléphone,Vêtements,Jean,1,76.89,0.15
ORD-101415,CUST-0572,2024-10-20,Ontario,Magasin,Sports,Sac sport,2,609.28,0.0
ORD-100568,CUST-0720,2024-09-25,Québec,Magasin,Vêtements,Veste,4,165.97,0.1
ORD-100360,CUST-0665,2024-02-02,Ontario,Téléphone,Sports,Ballon,1,196.92,0.0
ORD-106452,CUST-0349,2025-02-01,Manitoba,En ligne,Électronique,Casque audio,1,695.87,0.0
ORD-106961,CUST-0121,2024-10-26,Alberta,En ligne,Beauté,Maquillage,2,93.44,0.15
ORD-105267,CUST-0597,2025-10-23,Québec,Magasin,Maison,Mixeur,1,405.8,0.1
ORD-106610,CUST-0214,2025-10-18,Manitoba,Magasin,Sports,Sac sport,1,160.94,0.1
ORD-103100,CUST-0436,2025-03-03,Manitoba,Téléphone,Vêtements,Manteau,1,65.47,0.15
ORD-103994,CUST-0240,2024-09-10,Colombie-Britannique,Magasin,Beauté,Shampoing,1,14.2,0.05
ORD-100759,CUST-0988,2024-08-07,Manitoba,Magasin,Électronique,Casque audio,2,272.19,0.0
ORD-103548,CUST-1003,2025-09-19,Alberta,En ligne,Électronique,Tablette,1,58.63,0.1
ORD-104427,CUST-1265,2024-06-19,Québec,En ligne,Électronique,Écran,5,792.66,0.05
ORD-107597,CUST-1322,2024-05-22,Colombie-Britannique,Magasin,Beauté,Soin visage,2,230.67,0.15
ORD-107791,CUST-1309,2025-02-07,Manitoba,Magasin,Électronique,Écran,2,81.29,0.15
ORD-106558,CUST-0463,2025-01-11,Ontario,Magasin,Beauté,Soin visage,1,178.1,0.0
ORD-105391,CUST-0755,2025-09-19,Manitoba,En ligne,Vêtements,Veste,4,294.09,0.1
ORD-100214,CUST-0149,2024-08-17,Ontario,Téléphone,Électronique,Souris,1,727.31,0.0
ORD-103869,CUST-0637,2025-10-25,Manitoba,Magasin,Sports,Ballon,2,283.62,0.0
ORD-106109,CUST-0703,2024-02-18,Manitoba,Magasin,Beauté,Crème,1,81.35,0.05
ORD-103768,CUST-0090,2025-05-02,Alberta,Magasin,Maison,Mixeur,1,488.74,0.2
ORD-104914,CUST-1167,2025-02-26,Québec,Magasin,Maison,Mixeur,2,401.98,0.0
ORD-103703,CUST-0345,2025-10-04,Manitoba,Magasin,Beauté,Parfum,1,162.57,0.05
ORD-105460,CUST-1370,2024-10-12,Manitoba,En ligne,Sports,Sac sport,1,521.34,0.05
ORD-101473,CUST-1267,2025-01-23,Colombie-Britannique,En ligne,Maison,Aspirateur,2,429.42,0.0
ORD-102244,CUST-0434,2024-01-19,Ontario,Téléphone,Électronique,Écran,2,243.19,0.1
ORD-100725,CUST-0713,2025-05-08,Alberta,Téléphone,Vêtements,Jean,1,89.81,0.05
ORD-104608,CUST-1492,2024-02-04,Colombie-Britannique,En ligne,Beauté,Crème,1,103.61,0.0
ORD-103560,CUST-1366,2025-12-19,Manitoba,Téléphone,Beauté,Maquillage,1,178.09,0.0
ORD-100049,CUST-0776,2025-08-27,Ontario,En ligne,Maison,Chaise,1,347.84,0.0
ORD-106329,CUST-0681,2025-01-27,Manitoba,Téléphone,Vêtements,T-shirt,3,103.89,0.05
ORD-106021,CUST-1027,2025-12-23,Québec,Magasin,Beauté,Parfum,3,48.4,0.05
ORD-103130,CUST-0908,2025-08-31,Manitoba,Magasin,Beauté,Maquillage,5,165.23,0.0
ORD-100887,CUST-1210,2024-09-05,Manitoba,Magasin,Vêtements,Chaussures,4,102.88,0.15
ORD-107919,CUST-0097,2024-09-14,Manitoba,Magasin,Sports,Ballon,2,101.22,0.05
ORD-105673,CUST-1086,2024-03-29,Ontario,Magasin,Maison,Lampe,1,209.19,0.1
ORD-102893,CUST-0856,2024-10-11,Manitoba,Téléphone,Électronique,Clavier,1,578.11,0.1
ORD-106576,CUST-1451,2025-04-03,Manitoba,Magasin,Sports,Sac sport,1,346.71,0.05
ORD-107299,CUST-0513,2024-04-06,Ontario,Téléphone,Vêtements,Chaussures,2,213.22,0.05
ORD-100516,CUST-0710,2025-07-24,Ontario,En ligne,Électronique,Écran,1,446.39,0.05
ORD-103168,CUST-1249,2024-05-22,Ontario,Magasin,Sports,,2,352.78,0.1
ORD-102949,CUST-0524,2025-02-27,Colombie-Britannique,Téléphone,Beauté,Parfum,2,113.0,0.1
ORD-105527,CUST-1240,2025-05-20,Alberta,Téléphone,Beauté,Soin visage,1,48.76,0.15
ORD-100139,CUST-1165,2024-09-30,Alberta,Téléphone,Maison,Cafetière,3,30.21,0.15
ORD-103901,CUST-0012,2024-09-29,Ontario,En ligne,Maison,Mixeur,1,220.97,0.05
ORD-103960,CUST-0194,2024-11-07,Colombie-Britannique,En ligne,Maison,Lampe,2,357.46,0.0
ORD-102378,CUST-1018,2025-08-17,Manitoba,En ligne,Maison,Chaise,3,57.43,0.05
ORD-107097,CUST-0458,2025-02-20,Manitoba,En ligne,Électronique,Casque audio,1,435.4,0.1
ORD-103197,CUST-0828,2025-04-27,Manitoba,Magasin,Maison,Aspirateur,2,316.62,0.1
ORD-104296,CUST-0039,2025-01-19,Manitoba,Téléphone,Vêtements,Chaussures,1,173.66,0.05
ORD-100112,CUST-1165,2024-08-02,Alberta,Téléphone,Vêtements,Chaussures,2,67.57,0.0
ORD-103195,CUST-0449,2025-08-10,Colombie-Britannique,Magasin,Électronique,Casque audio,1,719.34,0.0
ORD-100463,CUST-1137,2024-06-18,Colombie-Britannique,En ligne,Vêtements,Manteau,2,148.75,0.05
ORD-104995,CUST-0372,2025-09-13,Alberta,Magasin,Maison,Mixeur,1,339.43,0.2
ORD-101233,CUST-0307,2025-03-07,Manitoba,Téléphone,Sports,Ballon,1,151.91,0.0
ORD-103250,CUST-0793,2025-07-29,Colombie-Britannique,Téléphone,Sports,Vélo,1,187.57,0.05
ORD-100594,CUST-0367,2024-03-06,Ontario,Téléphone,Maison,Chaise,1,66.54,0.0
ORD-104915,CUST-0055,2024-08-17,Colombie-Britannique,En ligne,Électronique,Tablette,3,415.56,0.05
ORD-100450,CUST-1064,2024-08-24,Alberta,En ligne,Beauté,Soin visage,2,102.69,0.05
ORD-107529,CUST-0686,2024-10-16,Colombie-Britannique,Téléphone,Maison,Cafetière,1,24.39,0.05
ORD-103277,CUST-0314,2025-08-12,Ontario,Magasin,Beauté,Shampoing,2,130.5,0.05
ORD-107357,CUST-0551,2024-06-01,Québec,Téléphone,Beauté,Maquillage,4,47.74,0.15
ORD-104739,CUST-0601,2025-09-06,Manitoba,Téléphone,Sports,Raquette,1,693.09,0.0
ORD-100312,CUST-1290,2024-07-28,Alberta,En ligne,Électronique,Écran,2,622.05,0.05
ORD-105356,CUST-1372,2024-03-11,Ontario,Téléphone,Beauté,Crème,1,162.5,0.0
ORD-107330,CUST-1217,2025-03-06,Ontario,Magasin,Électronique,Souris,5,108.08,0.1
ORD-104709,CUST-0890,2025-10-18,Alberta,Magasin,Maison,Cafetière,1,406.68,0.05
ORD-104900,CUST-1255,2024-08-11,Québec,Téléphone,Beauté,Shampoing,1,181.48,0.05
ORD-107301,CUST-0488,2024-08-11,Colombie-Britannique,Magasin,Vêtements,T-shirt,2,198.21,0.1
ORD-105447,CUST-0303,2025-01-04,Alberta,Téléphone,Électronique,Clavier,1,100.3,0.05
ORD-100451,CUST-0514,2024-06-26,Colombie-Britannique,Téléphone,Vêtements,Jean,2,68.56,0.0
ORD-103166,CUST-0247,2024-12-02,Québec,Magasin,Sports,Vélo,1,22.46,0.1
ORD-106160,CUST-1485,2025-12-01,Québec,Téléphone,Vêtements,Chaussures,5,60.36,0.05
ORD-107792,CUST-0993,2025-09-05,Manitoba,En ligne,Vêtements,Jean,3,283.48,0.05
ORD-103626,CUST-0426,2024-03-12,Ontario,En ligne,Maison,Lampe,4,491.2,0.05
ORD-100890,CUST-0314,2024-07-02,Québec,Téléphone,Sports,Sac sport,1,471.05,0.05
ORD-106328,CUST-0098,2024-10-28,Ontario,En ligne,Sports,Tapis yoga,4,548.95,0.05
ORD-102763,CUST-1136,2025-09-26,Québec,En ligne,Beauté,Shampoing,2,159.71,0.05
ORD-100658,CUST-0836,2024-12-02,Québec,Magasin,Beauté,Shampoing,1,126.13,0.0
ORD-101506,CUST-0663,2024-12-30,Alberta,Magasin,Beauté,Maquillage,2,168.67,0.0
ORD-104559,CUST-1403,2024-06-12,Ontario,En ligne,Sports,Sac sport,2,146.87,0.1
ORD-104602,CUST-1056,2025-06-23,Colombie-Britannique,Téléphone,Maison,Aspirateur,5,411.37,0.0
ORD-107563,CUST-0997,2024-03-16,Manitoba,En ligne,Sports,Tapis yoga,4,240.33,0.1
ORD-100999,CUST-0492,2025-05-27,Alberta,Téléphone,Maison,Lampe,2,112.85,0.0
ORD-100389,CUST-0844,2024-02-07,Alberta,Téléphone,Maison,Chaise,1,130.6,0.0
ORD-103407,CUST-0948,2024-06-07,Colombie-Britannique,Magasin,Maison,Mixeur,2,167.05,0.15
ORD-102330,CUST-1461,2025-03-14,Manitoba,En ligne,Maison,Cafetière,1,56.75,0.15
ORD-101476,CUST-1320,2024-07-02,Colombie-Britannique,Téléphone,Électronique,Tablette,3,343.71,0.0
ORD-102240,CUST-1423,2025-08-13,Ontario,En ligne,Sports,Ballon ,4,357.79,0.05
ORD-107262,CUST-0095,2024-12-27,Ontario,Magasin,Maison,Mixeur,5,454.94,0.1
ORD-107273,CUST-0678,2024-09-30,Alberta,Magasin,Électronique,Écran,2,667.31,0.15
ORD-106739,CUST-0490,2024-12-05,Ontario,En ligne,Sports,Raquette,3,245.63,0.0
ORD-104017,CUST-1379,2024-07-14,Alberta,En ligne,Maison,Lampe,2,177.2,0.0
ORD-106811,CUST-1256,2024-11-20,Québec,En ligne,Vêtements,T-shirt,3,127.69,0.05
ORD-102972,CUST-1118,2025-12-03,Manitoba,Magasin,Électronique,Tablette,1,275.98,0.05
ORD-103386,CUST-0861,2024-05-06,Ontario,Téléphone,Sports,Vélo,3,556.77,0.0
ORD-102775,CUST-0372,2024-06-23,Alberta,En ligne,Électronique,Souris,1,290.05,0.15
ORD-101923,CUST-0664,2025-11-24,Ontario,Téléphone,Beauté,Maquillage,3,217.31,0.0
ORD-100758,CUST-0014,2025-01-07,Québec,Magasin,Électronique,Tablette,1,77.39,0.05
ORD-100700,CUST-0434,2024-07-25,Colombie-Britannique,En ligne,Maison,Lampe,2,254.83,0.0
ORD-107075,CUST-1242,2024-09-15,Ontario,Magasin,Vêtements,T-shirt,2,80.46,0.0
ORD-101293,CUST-0422,2025-09-24,Colombie-Britannique,Magasin,Sports,Vélo,5,604.27,0.1
ORD-107128,CUST-0190,2025-02-04,Ontario,Magasin,Sports,Ballon,1,121.24,0.05
ORD-102873,CUST-0126,2024-07-22,Ontario,En ligne,Beauté,Maquillage,1,147.43,0.2
ORD-106758,CUST-0992,2024-12-20,Manitoba,Téléphone,Maison,Cafetière,3,392.47,0.05
ORD-102535,CUST-0292,2025-09-10,Ontario,En ligne,Électronique,Souris,2,834.47,0.0
ORD-106789,CUST-0384,2025-01-22,Québec,En ligne,Électronique,Clavier,4,471.89,0.05
ORD-101907,CUST-0278,2025-10-24,Ontario,En ligne,Électronique,Tablette,2,440.02,0.15
ORD-103100,CUST-0436,2025-03-03,Manitoba,Téléphone,Vêtements,Manteau,1,65.47,0.15
ORD-105621,CUST-0953,2025-01-28,Manitoba,En ligne,Électronique,Tablette,4,597.04,0.0
ORD-100368,CUST-0459,2024-09-04,Québec,En ligne,Maison,Aspirateur,1,23.76,0.1
ORD-101937,CUST-0747,2025-11-18,Alberta,Téléphone,Maison,Mixeur,1,321.66,0.0
ORD-107306,CUST-0820,2025-08-05,Colombie-Britannique,Magasin,Maison,Lampe,1,292.65,0.0
ORD-101151,CUST-1038,2024-10-24,Colombie-Britannique,Téléphone,Vêtements,Manteau,1,199.74,0.05
ORD-107747,CUST-1450,2025-08-30,Manitoba,En ligne,Électronique,Écran,3,678.68,0.05
ORD-105140,CUST-1435,2025-12-30,Colombie-Britannique,En ligne,Beauté,Soin visage,2,122.38,0.15
ORD-104239,CUST-1067,2024-05-20,Colombie-Britannique,Téléphone,Beauté,Soin visage,1,31.26,0.0
ORD-104326,CUST-0901,2025-12-04,Alberta,Magasin,Maison,Chaise,1,198.54,0.15
ORD-103010,CUST-0204,2024-12-16,Manitoba,Magasin,Sports,Sac sport,2,213.76,0.15
ORD-107945,CUST-0980,2025-02-12,Québec,Téléphone,Vêtements,Jean,1,233.51,0.05
ORD-100191,CUST-0746,2025-01-09,Ontario,Magasin,Vêtements,Chaussures,1,52.82,0.0
ORD-105154,CUST-1287,2024-06-19,Manitoba,En ligne,Électronique,Écran,2,325.21,0.05
ORD-107930,CUST-1060,2024-07-15,Ontario,Téléphone,Beauté,Crème,2,82.95,0.0
ORD-100174,CUST-0895,2025-05-29,Québec,En ligne,Sports,Sac sport,2,424.27,0.1
ORD-101903,CUST-0550,2024-08-30,Québec,En ligne,Beauté,Soin visage,1,205.7,0.15
ORD-101099,CUST-0863,2025-02-06,Alberta,Magasin,Électronique,Casque audio,4,113.93,0.0
ORD-105363,CUST-1122,2024-10-08,Alberta,Téléphone,Vêtements,Chaussures,2,223.63,0.1
ORD-103646,CUST-0247,2024-11-24,Ontario,Téléphone,Beauté,Maquillage,3,39.32,0.15
ORD-103408,CUST-0404,2025-08-23,Alberta,En ligne,Vêtements,Manteau,1,140.37,0.1
ORD-107588,CUST-0529,2025-05-10,Ontario,Téléphone,Vêtements,Chaussures,2,224.91,0.15
ORD-102292,CUST-0252,2024-05-14,Alberta,Téléphone,Beauté,Maquillage,3,126.25,0.05
ORD-107039,CUST-0651,2025-04-28,Manitoba,Téléphone,Vêtements,Jean,1,274.85,0.05
ORD-107853,CUST-0487,2025-08-12,Québec,En ligne,Sports,Sac sport,2,422.78,0.1
ORD-105371,CUST-1111,2024-08-11,Alberta,En ligne,Électronique,Tablette,1,555.15,0.05
ORD-104947,CUST-1355,2025-04-05,Manitoba,Magasin,Électronique,Écran,4,284.39,0.2
ORD-101164,CUST-1025,2025-07-25,Ontario,Magasin,Électronique,Casque audio,2,299.69,0.15
ORD-104872,CUST-1063,2024-11-04,Québec,En ligne,Vêtements,Chaussures,1,56.64,0.2
ORD-106985,CUST-1072,2025-12-12,Manitoba,Magasin,Électronique,Souris,1,356.32,0.05
ORD-103879,CUST-0680,2024-07-21,Colombie-Britannique,Magasin,Maison,Cafetière,1,23.31,0.05
ORD-106029,CUST-0371,2025-02-04,Colombie-Britannique,En ligne,Électronique,Souris,2,896.85,0.0
ORD-105072,CUST-1305,2024-04-22,Colombie-Britannique,Téléphone,Maison,Cafetière,4,103.87,0.15
ORD-103664,CUST-1489,2024-05-11,Manitoba,Magasin,Maison,Lampe,1,226.73,0.15
ORD-105729,CUST-0082,2024-09-19,Alberta,Téléphone,Maison,Aspirateur,5,335.15,0.05
ORD-101661,CUST-0711,2024-07-10,Manitoba,Téléphone,Maison,Cafetière,4,338.46,0.15
ORD-100508,CUST-0549,2024-02-25,Alberta,Magasin,Sports,Raquette,3,82.63,0.0
ORD-100166,CUST-1297,2024-08-23,Colombie-Britannique,Magasin,Sports,Sac sport,3,344.84,0.0
ORD-104201,CUST-1123,2025-04-20,Manitoba,Magasin,Maison,Cafetière,1,350.23,0.05
ORD-105590,CUST-0727,2024-04-24,Alberta,Téléphone,Électronique,Tablette,1,441.89,0.05
ORD-101006,CUST-1457,2025-02-15,Alberta,Téléphone,Maison,Lampe,3,234.43,0.0
ORD-105649,CUST-0838,2025-06-17, manitoba ,En ligne,Électronique,Clavier,1,282.04,0.05
ORD-103269,CUST-0513,2025-08-25,Colombie-Britannique,Magasin,Maison,Lampe,1,435.84,0.1
ORD-105456,CUST-1065,2025-03-20,Manitoba,Téléphone,Beauté,Shampoing,1,113.35,0.0
ORD-103494,CUST-1476,2024-01-03,Québec,Magasin,Vêtements,Manteau,0,241.78,0.0
ORD-104290,CUST-0096,2025-02-11,Québec,Magasin,Électronique,Casque audio,3,395.35,0.1
ORD-100103,CUST-1307,2024-03-09,Colombie-Britannique,Téléphone,Maison,Cafetière,2,353.1,0.05
ORD-103265,CUST-0755,2024-06-05,Québec,Magasin,Électronique,Écran,4,526.78,0.0
ORD-101111,CUST-0520,2024-05-07,Manitoba,En ligne,Vêtements,Chaussures,1,260.06,0.0
ORD-105058,CUST-0253,2025-01-05,Colombie-Britannique,Magasin,Maison,Chaise,1,359.63,0.1
ORD-102536,CUST-1423,2025-01-25,Ontario,En ligne,Beauté,Soin visage,2,72.16,0.15
ORD-101104,CUST-0741,2024-12-11,Québec,Magasin,Sports,Vélo,1,656.81,0.05
ORD-104987,CUST-1165,2025-03-22,Colombie-Britannique,En ligne,Électronique,Tablette,1,77.92,0.15
ORD-101752,CUST-1050,2025-07-26,Alberta,Téléphone,Électronique,Casque audio,2,883.85,0.05
ORD-107217,CUST-0827,2025-06-04,Colombie-Britannique,En ligne,Beauté,Crème,1,149.78,0.0
ORD-107367,CUST-1066,2024-10-26,Colombie-Britannique,En ligne,Vêtements,T-shirt,2,15.33,0.1
ORD-103997,CUST-0662,2025-02-21,Québec,Magasin,Vêtements,T-shirt,2,252.12,0.05
ORD-104844,CUST-0047,2025-10-17,Colombie-Britannique,En ligne,Électronique,Casque audio,1,83.06,0.05
ORD-102916,CUST-0421,2024-11-14,Manitoba,En ligne,Maison,Aspirateur,2,318.77,0.0
ORD-107289,CUST-0036,2024-04-08,Québec,Téléphone,Vêtements,Manteau,1,129.76,0.05
ORD-101658,CUST-1365,2025-03-27,Québec,Magasin,Électronique,Tablette,3,860.61,0.15
ORD-100152,CUST-1194,2024-12-21,Alberta,En ligne,Sports,Vélo,1,243.8,0.0
ORD-105458,CUST-0546,2024-02-15,Manitoba,Téléphone,Maison,Lampe,4,445.4,0.15
ORD-102483,CUST-0621,2024-04-13,Ontario,Téléphone,Vêtements,T-shirt,3,253.32,0.05
ORD-101583,CUST-0753,2025-10-18,Colombie-Britannique,En ligne,Vêtements,Chaussures,2,80.1,0.05
ORD-106795,CUST-0218,2025-06-29,Alberta,Magasin,Beauté,Crème,4,181.97,0.05
ORD-102552,CUST-0079,2025-07-11,Alberta,Téléphone,Sports,Tapis yoga,1,669.49,0.05
ORD-107908,CUST-0812,2024-07-20,Ontario,En ligne,Vêtements,Chaussures,4,71.61,0.0
ORD-104011,CUST-0166,2024-06-09,Manitoba,Magasin,Sports,Raquette,1,191.32,0.1
ORD-103551,CUST-0884,2024-03-23,Manitoba,Magasin,Beauté,Soin visage,3,186.06,0.15
ORD-103722,CUST-0851,2025-12-06,Manitoba,En ligne,Maison,Chaise,1,438.24,0.0
ORD-104418,CUST-0176,2025-07-04,Québec,Magasin,Vêtements,T-shirt,3,255.46,0.05
ORD-105944,CUST-1099,2025-07-29,Ontario,En ligne,Électronique,Tablette,5,203.19,0.05
ORD-103881,CUST-0464,2025-04-06,Québec,Téléphone,Sports,Sac sport,3,624.33,0.0
ORD-107060,CUST-0640,2025-04-02,Colombie-Britannique,Magasin,Maison,Mixeur,1,245.56,0.0
ORD-102209,CUST-0295,2025-10-17,Ontario,Téléphone,Beauté,Maquillage,1,39.43,0.0
ORD-107553,CUST-0273,2025-06-16,Québec,Magasin,Électronique,Tablette,5,471.1,0.05
ORD-105559,CUST-0881,2025-07-23,Manitoba,En ligne,Maison,Chaise,2,492.08,0.15
ORD-104515,CUST-0117,2024-06-12,Manitoba,Magasin,Maison,Aspirateur,5,197.26,0.05
ORD-102985,CUST-0833,2024-03-20,Québec,Téléphone,Vêtements,Chaussures,2,83.01,0.1
ORD-101822,CUST-1275,2024-05-09,Colombie-Britannique,En ligne,Sports,Vélo,2,383.42,0.1
ORD-104071,CUST-1058,2025-06-21,Ontario,Magasin,Sports,Raquette,2,454.57,0.1
ORD-106237,CUST-0710,2025-05-30,Ontario,Téléphone,Beauté,Maquillage,4,210.71,0.05
ORD-104638,CUST-0485,2024-03-23,Manitoba,Téléphone,Maison,Mixeur,1,261.7,0.0
ORD-107970,CUST-0776,2024-07-21,Manitoba,Magasin,Sports,Tapis yoga,2,48.14,0.15
ORD-105132,CUST-1448,2024-01-16,Colombie-Britannique,En ligne,Vêtements,Veste,2,33.42,0.1
ORD-100309,CUST-0988,2024-09-06,Manitoba,Magasin,Beauté,Maquillage,2,81.21,0.1
ORD-100212,CUST-0288,2024-06-15,Manitoba,En ligne,Sports,Sac sport,3,428.21,0.0
ORD-107651,CUST-0937,2025-01-18,Québec,Magasin,Sports,Sac sport,1,184.4,0.1
ORD-104861,CUST-0307,2025-07-15,Manitoba,Magasin,Vêtements,Manteau,2,263.89,0.0
ORD-103599,CUST-0151,2024-09-14,Colombie-Britannique,Téléphone,Électronique,Clavier,1,626.59,0.0
ORD-103622,CUST-0146,2025-08-09,Alberta,En ligne,Sports,Raquette,3,203.09,0.05
ORD-107673,CUST-1012,2025-11-17,Alberta,En ligne,Électronique,Clavier,1,332.93,0.15
ORD-104787,CUST-0224,2025-07-25,Québec,Magasin,Beauté,Crème,3,94.81,0.0
ORD-107451,CUST-1221,2025-08-29,Alberta,Téléphone,Maison,Aspirateur,4,396.35,0.0
ORD-103450,CUST-1004,2024-08-27,Québec,En ligne,Beauté,Soin visage,3,203.29,0.05
ORD-100495,CUST-1257,2024-08-14,Alberta,Téléphone,Beauté,Crème,1,189.86,0.05
ORD-107550,CUST-0995,2024-07-03,Manitoba,Téléphone,Maison,Chaise,1,168.75,0.1
ORD-103256,CUST-1367,2025-03-05,Colombie-Britannique,En ligne,Électronique,Écran,1,76.68,0.2
ORD-100205,CUST-1476,2025-01-19,Colombie-Britannique,Magasin,Beauté,Shampoing,2,71.58,0.2
ORD-101434,CUST-0647,2025-03-29,Québec,Magasin,Sports,Sac sport,3,435.7,0.0
ORD-101135,CUST-0011,2024-01-08,Québec,En ligne,Sports,Raquette,1,611.98,0.0
ORD-102584,CUST-0661,2025-07-22,Alberta,En ligne,Vêtements,Jean,4,61.49,0.0
ORD-100868,CUST-0267,2025-01-13,Québec,En ligne,Beauté,Maquillage,1,72.74,0.15
ORD-102749,CUST-1277,2025-03-18,Colombie-Britannique,Magasin,Sports,Vélo,4,317.36,0.0
ORD-103613,CUST-1111,2024-06-06,Ontario,Magasin,Sports,Raquette,2,105.62,0.15
ORD-100305,CUST-1214,2024-05-15,Alberta,Magasin,Vêtements,T-shirt,2,16.57,0.0
ORD-101849,CUST-0435,2024-09-29,Ontario,Téléphone,Sports,Vélo,4,292.78,0.05
ORD-104287,CUST-0747,2025-05-29,Québec,Magasin,Vêtements,T-shirt,1,114.57,0.1
ORD-104113,CUST-0278,2024-06-24,Ontario,En ligne,Sports,Vélo,2,603.12,0.1
ORD-101988,CUST-0973,2025-04-22,Alberta,Téléphone,Électronique,Écran,2,736.0,0.05
ORD-103240,CUST-0656,2024-03-16,Alberta,Téléphone,Sports,Tapis yoga,3,654.08,0.1
ORD-102798,CUST-1472,2024-02-04,Manitoba,Téléphone,Électronique,Clavier,1,57.0,0.2
ORD-104588,CUST-0059,2024-06-30,Ontario,En ligne,Beauté,Parfum,3,87.02,0.1
ORD-101534,CUST-0308,2024-09-18,Ontario,Magasin,Sports,Tapis yoga,1,197.55,0.1
ORD-103109,CUST-0026,2024-12-29,Québec,Magasin,Sports,Raquette,2,49.66,0.1
ORD-100843,CUST-0155,2024-09-13,Alberta,Magasin,Vêtements,T-shirt,3,70.56,0.15
ORD-101987,CUST-0150,2025-08-07,Manitoba,Magasin,Électronique,Souris,1,452.12,0.05
ORD-105566,CUST-1128,2025-04-07,Ontario,Téléphone,Sports,Ballon,1,328.16,0.1
ORD-105867,CUST-0473,2024-04-22,Alberta,Magasin,Sports,Tapis yoga,1,452.02,0.1
ORD-101714,CUST-0663,2025-12-25,Ontario,En ligne,Beauté,Parfum,1,57.62,0.1
ORD-100383,CUST-0661,2024-04-08,Colombie-Britannique,En ligne,Électronique,Tablette,1,657.07,0.05
ORD-101538,CUST-1268,2024-08-19,Colombie-Britannique,En ligne,Beauté,Crème,1,159.25,0.0
ORD-100211,CUST-1398,2025-09-28,Québec,Magasin,Électronique,Écran,1,551.45,0.1
ORD-103388,CUST-0600,2025-07-21,Colombie-Britannique,Magasin,Sports,Raquette,1,72.02,0.15
ORD-106485,CUST-1028,2024-08-25,Manitoba,En ligne,Maison,Mixeur,2,147.14,0.05
ORD-101957,CUST-1158,2024-04-23,Québec,Téléphone,Vêtements,T-shirt,1,135.57,0.15
ORD-105296,CUST-1192,2025-03-11,Manitoba,En ligne,Sports,Tapis yoga,5,482.64,0.15
ORD-102438,CUST-0256,2024-03-01,Colombie-Britannique,Magasin,Beauté,Maquillage,3,86.59,0.0
ORD-102727,CUST-0235,2024-01-03,Alberta,En ligne,Électronique,Écran,1,597.08,0.15
ORD-107777,CUST-1120,2024-08-19,,Téléphone,Vêtements,Veste,3,251.19,0.2
ORD-106156,CUST-0299,2025-02-01,Colombie-Britannique,Magasin,Électronique,Souris,2,619.06,0.0
ORD-101349,CUST-0794,2024-08-07,Alberta,Téléphone,Électronique,Tablette,5,794.33,0.15
ORD-105076,CUST-0892,2025-03-06,Manitoba,Magasin,Vêtements,Chaussures,3,71.78,0.2
ORD-104753,CUST-0285,2024-03-03,Colombie-Britannique,Magasin,Maison,Aspirateur,5,220.48,0.05
ORD-103832,CUST-0566,2024-06-04,Alberta,Magasin,Sports,Vélo,3,83.95,0.1
ORD-103580,CUST-1471,2024-02-11,Alberta,Téléphone,Beauté,Maquillage,1,208.43,0.0
ORD-106188,CUST-1430,2025-07-22,Alberta,Téléphone,Sports,Ballon,1,390.72,0.0
ORD-100680,CUST-0086,2025-07-09,Ontario,Téléphone,Vêtements,T-shirt,1,225.08,0.0
ORD-100180,CUST-0755,2025-01-05,Ontario,En ligne,Vêtements,Jean,2,240.99,0.1
ORD-107690,CUST-1215,2025-03-09,Alberta,En ligne,Sports,Ballon,1,443.58,0.0
ORD-100862,CUST-0210,2025-10-17,Québec,En ligne,Vêtements,Veste,1,182.22,0.0
ORD-107466,CUST-1149,2025-05-16,Alberta,En ligne,Maison,Lampe,1,93.47,0.15
ORD-104848,CUST-0623,2024-10-16,Alberta,Magasin,Beauté,Shampoing,1,244.48,0.2
ORD-100278,CUST-0504,2024-09-24,Ontario,Magasin,Électronique,Clavier,1,705.9,0.2
ORD-103922,CUST-1080,2025-07-28,Manitoba,Téléphone,Beauté,Crème,4,185.39,0.1
ORD-103319,CUST-0458,2024-02-20,Alberta,Téléphone,Sports,Ballon,2,59.72,0.05
ORD-103252,CUST-0079,2025-02-18,Manitoba,Magasin,Vêtements,Manteau,2,172.09,0.05
ORD-102518,CUST-1139,2025-03-27,Manitoba,En ligne,Maison,Mixeur,4,153.71,0.05
ORD-102480,CUST-0113,2024-06-29,Manitoba,Téléphone,Maison,Lampe,2,315.6,0.0
ORD-100289,CUST-0248,2024-06-04,Québec,Magasin,Électronique,Souris,3,126.99,0.0
ORD-103075,CUST-0879,2025-03-31,Colombie-Britannique,En ligne,Vêtements,Manteau,5,245.04,0.0
ORD-105039,CUST-0136,2024-11-28,Alberta,En ligne,Beauté,Parfum,3,203.29,0.0
ORD-104262,CUST-0829,2024-08-21,Québec,Téléphone,Maison,Cafetière,1,389.43,0.0
ORD-106078,CUST-0424,2024-07-17,Ontario,En ligne,Électronique,Casque audio,2,181.89,0.0
ORD-100993,CUST-0688,2024-05-05,Colombie-Britannique,Magasin,Électronique,Clavier,1,401.59,0.1
ORD-103235,CUST-0382,2024-01-27,Québec,Magasin,Beauté,Soin visage,3,14.82,0.05
ORD-102236,CUST-1250,2024-12-25,Manitoba,Téléphone,Électronique,Clavier,1,831.46,0.2
ORD-107542,CUST-0805,2024-12-28,Alberta,Téléphone,Vêtements,T-shirt,1,241.58,0.05
ORD-100039,CUST-0877,2024-12-15,Alberta,Téléphone,Beauté,Maquillage,1,159.49,0.0
ORD-107642,CUST-0926,2024-12-27,Ontario,Téléphone,Électronique,Clavier,1,424.18,0.0
ORD-105469,CUST-0427,2024-06-19,Québec,Magasin,Beauté,Maquillage,1,246.93,0.1
ORD-105717,CUST-0507,2025-10-04,Manitoba,En ligne,Beauté,Parfum,3,224.34,0.05
ORD-102754,CUST-1240,2025-01-02,Manitoba,Téléphone,Électronique,Casque audio ,2,833.61,0.1
ORD-106476,CUST-0087,2024-03-15,Québec,En ligne,Vêtements,Chaussures,3,116.95,0.05
ORD-104038,CUST-1440,2024-01-24,Manitoba,Téléphone,Sports,Raquette,3,314.29,0.15
ORD-100270,CUST-0371,2025-01-18,Colombie-Britannique,Magasin,Beauté,Parfum,2,55.89,0.0
ORD-105377,CUST-0621,2024-07-22,Colombie-Britannique,Magasin,Sports,Tapis yoga,1,694.95,0.1
ORD-102883,CUST-0623,2024-10-24,Colombie-Britannique,Magasin,Maison,Chaise,1,452.22,0.0
ORD-106601,CUST-1257,2024-08-09,Québec,En ligne,Vêtements,Jean,1,147.79,0.1
ORD-105216,CUST-1295,2025-07-16,Ontario,En ligne,Beauté,Soin visage,2,108.12,0.1
ORD-105300,CUST-1016,2025-08-19,Colombie-Britannique,Magasin,Sports,Ballon,2,540.7,0.1
ORD-105823,CUST-1018,2025-06-18,Ontario,Magasin,Sports,Raquette,1,221.19,0.15
ORD-107144,CUST-1431,2024-10-18,Ontario,En ligne,Électronique,Souris,1,801.68,0.1
ORD-106281,CUST-0698,2024-01-19,Alberta,TÉLÉPHONE,Sports,Vélo,2,263.4,0.05
ORD-100111,CUST-0967,2024-03-24,Québec,Magasin,Beauté,Parfum,2,13.14,0.1
ORD-103218,CUST-0370,2025-08-19,Alberta,Téléphone,Électronique,Clavier,2,863.49,0.05
ORD-101391,CUST-1433,2025-05-22,Québec,Téléphone,Maison,Mixeur,1,156.64,0.1
ORD-102600,CUST-0344,2024-06-17,Manitoba,Magasin,Électronique,Casque audio,1,354.21,0.1
ORD-100220,CUST-0341,2025-03-24,Alberta,Téléphone,Beauté,Maquillage,1,73.15,0.05
ORD-106365,CUST-1229,2024-08-07,Colombie-Britannique,Magasin,Sports,Tapis yoga,1,162.0,0.15
ORD-104877,CUST-0143,2024-07-05,Ontario,En ligne,Vêtements,Manteau,1,84.85,0.0
ORD-104335,CUST-1127,2025-04-21,Manitoba,Téléphone,Vêtements,T-shirt,1,114.5,0.2
ORD-104938,CUST-0270,2025-06-11,Québec,Téléphone,Sports,Vélo,2,221.1,0.0
ORD-100083,CUST-1027,2025-09-14,Alberta,Téléphone,Maison,Chaise,1,90.91,0.0
ORD-100873,CUST-1244,2025-03-16,Manitoba,Téléphone,Maison,Cafetière,1,336.03,0.0
ORD-107487,CUST-0811,2024-11-06,Colombie-Britannique,Magasin,Beauté,Shampoing,5,218.65,0.0
ORD-105065,CUST-1354,2025-03-27,Manitoba,Téléphone,Sports,Raquette,4,411.28,0.0
ORD-100461,CUST-0383,2024-01-19,Alberta,En ligne,Beauté,Soin visage,1,103.74,0.0
ORD-107107,CUST-0045,2024-03-13,Manitoba,En ligne,Beauté,Shampoing,1,245.98,0.0
ORD-105035,CUST-0883,2025-03-27,Ontario,En ligne,Sports,Vélo,1,375.26,0.0
ORD-100551,CUST-0569,2024-03-18,Ontario,Magasin,Électronique,Clavier,2,186.07,0.0
ORD-104077,CUST-0503,2025-07-19,Alberta,Magasin,Vêtements,Manteau,1,290.01,0.1
ORD-102374,CUST-1020,2025-03-07,Colombie-Britannique,Magasin,Électronique,Souris,4,663.8,0.1
ORD-106790,CUST-0859,2024-02-21,Alberta,En ligne,Maison,Lampe,2,331.02,0.1
ORD-104252,CUST-1239,2025-09-25,Manitoba,Téléphone,Beauté,Crème,4,126.88,0.05
ORD-102246,CUST-1178,2025-09-10,Ontario,En ligne,Vêtements,Chaussures,1,118.68,0.1
ORD-107608,CUST-0943,2025-10-23,Québec,En ligne,Vêtements,Veste,1,103.86,0.0
ORD-104604,CUST-1410,2025-12-06,Québec,Téléphone,Sports,Sac sport,3,240.41,0.05
ORD-102450,CUST-0869,2025-03-04,Manitoba,Magasin,Électronique,Tablette,2,173.63,0.0
ORD-102329,CUST-1200,2024-12-29,Manitoba,Téléphone,Électronique,Tablette,1,798.84,0.05
ORD-107838,CUST-0739,2024-06-21,Alberta,Magasin,Électronique,Clavier,1,622.86,0.05
ORD-102146,CUST-0643,2024-04-21,Manitoba,En ligne,Électronique,Clavier,2,642.83,0.1
ORD-104690,CUST-1257,2024-12-19,Manitoba,En ligne,Beauté,Maquillage,1,60.42,0.0
ORD-104463,CUST-0088,2025-06-16,Québec,Magasin,Vêtements,Manteau,2,23.09,0.0
ORD-107133,CUST-1207,2025-08-03,Ontario,Téléphone,Beauté,Soin visage,3,249.68,0.05
ORD-100650,CUST-0185,2024-03-09,Manitoba,En ligne,Maison,Lampe,1,105.97,0.05
ORD-107599,CUST-1026,2025-02-20,Québec,En ligne,Beauté,Crème,2,151.29,0.1
ORD-100708,CUST-0546,2025-12-06,Manitoba,Téléphone,Beauté,Maquillage,1,49.88,0.0
ORD-107424,CUST-1174,2024-04-01,Québec,Téléphone,Beauté,Shampoing,1,104.15,0.05
ORD-104316,CUST-0501,2024-04-30,Québec,Téléphone,Maison,Aspirateur,2,45.99,0.05
ORD-104416,CUST-0426,2025-04-30,Québec,Magasin,Vêtements,Chaussures,1,138.64,0.05
ORD-104235,CUST-0986,2025-07-26,Colombie-Britannique,En ligne,Beauté,Parfum,1,69.83,0.0
ORD-103063,CUST-0811,2024-10-30,Alberta,Magasin,Sports,Sac sport,3,697.83,0.1
ORD-105905,CUST-0497,2025-08-05,Colombie-Britannique,Téléphone,Électronique,Tablette,1,515.65,0.15
ORD-103349,CUST-0516,2025-01-25,Colombie-Britannique,En ligne,Électronique,Souris,1,662.36,0.0
ORD-101424,CUST-1282,2025-07-23,Colombie-Britannique,Magasin,Électronique,Casque audio,3,640.66,0.05
ORD-101216,CUST-0264,2024-05-17,Alberta,En ligne,Sports,Tapis yoga,2,311.16,0.2
ORD-106174,CUST-0630,2025-09-01,Alberta,Magasin,Vêtements,T-shirt,1,106.58,0.05
ORD-101924,CUST-0451,2025-06-01,Québec,En ligne,Maison,Chaise,3,231.62,0.15
ORD-100104,CUST-0958,2024-07-28,Québec,Magasin,Maison,Aspirateur,4,93.61,0.05
ORD-101064,CUST-0503,2025-12-27,Colombie-Britannique,Téléphone,Beauté,Maquillage,1,84.29,0.0
ORD-103786,CUST-1327,2024-08-02,Colombie-Britannique,Magasin,Vêtements,Jean,2,105.03,0.1
ORD-100314,CUST-1335,2024-12-22,Manitoba,En ligne,Sports,Tapis yoga,1,304.09,0.0
ORD-101289,CUST-0790,2025-02-11,Manitoba,En ligne,Maison,Aspirateur,3,106.71,0.05
ORD-107847,CUST-0306,2024-02-12,Colombie-Britannique,Magasin,Vêtements,Manteau,1,214.89,0.05
ORD-104503,CUST-0918,2024-04-19,Ontario,En ligne,Beauté,Maquillage,3,53.63,0.0
ORD-101427,CUST-1232,2025-12-24,Ontario,Magasin,Électronique,Clavier,1,286.49,0.1
ORD-104631,CUST-0866,2024-01-20,Manitoba,Téléphone,Vêtements,Manteau,5,239.42,0.1
ORD-106361,CUST-0723,2025-11-28,Colombie-Britannique,Téléphone,Maison,Lampe,1,411.75,0.0
ORD-103129,CUST-0294,2024-11-10,Colombie-Britannique,Téléphone,Maison,Cafetière,1,279.24,0.0
ORD-104653,CUST-0680,2024-12-16,Alberta,Téléphone,Vêtements,Jean ,1,140.43,0.0
ORD-106538,CUST-1412,2025-10-20,Québec,Téléphone,Électronique,Écran,3,235.98,0.05
ORD-103008,CUST-0451,2024-12-04,Québec,Magasin,Électronique,Casque audio,3,452.82,0.1
ORD-106684,CUST-1358,2024-08-02,Manitoba,Magasin,Beauté,Soin visage,1,134.06,0.0
ORD-101105,CUST-1104,2025-11-07,Manitoba,Magasin,Électronique,Écran,3,736.37,0.2
ORD-107077,CUST-0916,2024-10-08,Alberta,Téléphone,Sports,Ballon,1,584.8,0.0
ORD-105957,CUST-0077,2025-03-23,Québec,En ligne,Maison,Cafetière,2,23.47,0.2
ORD-104982,CUST-0282,2025-05-06,Colombie-Britannique,Téléphone,Vêtements,Veste,1,286.38,0.1
ORD-107968,CUST-0839,2025-03-16,Colombie-Britannique,Magasin,Maison,Mixeur,1,252.63,0.0
ORD-104393,CUST-0519,2024-12-14,Ontario,Téléphone,Électronique,Clavier,4,898.8,0.05
ORD-100684,CUST-1250,2025-08-18,Alberta,Téléphone,Beauté,Shampoing,0,72.98,0.05
ORD-105930,CUST-1460,2024-01-06,Manitoba,Téléphone,Électronique,Souris,1,376.17,0.15
ORD-105210,CUST-0356,2025-06-16,Manitoba,Téléphone,Maison,Lampe,3,273.77,0.0
ORD-102765,CUST-1339,2024-04-26,Colombie-Britannique,Magasin,Électronique,Souris,2,862.29,0.1
ORD-103929,CUST-0110,2024-11-26,Manitoba,En ligne,Beauté,Soin visage,3,225.73,0.0
ORD-104745,CUST-0130,2025-04-23,Colombie-Britannique,Téléphone,Sports,Vélo,5,461.58,0.2
ORD-106523,CUST-0097,2024-09-02,Manitoba,Téléphone,Sports,Sac sport,1,108.23,0.0
ORD-107472,CUST-0185,2025-11-16,Colombie-Britannique,Magasin,Électronique,Clavier,2,600.0,0.0
ORD-103682,CUST-0286,2024-01-05,Québec,Téléphone,Vêtements,Jean,2,139.74,0.0
ORD-107403,CUST-0899,2025-06-04,Colombie-Britannique,Magasin,Beauté,Soin visage,4,200.66,0.0
ORD-106414,CUST-1433,2024-09-13,Ontario,Magasin,Vêtements,Jean,1,269.99,0.1
ORD-106296,CUST-0963,2025-11-09,Manitoba,Téléphone,Vêtements,Chaussures,5,263.24,0.0
ORD-102451,CUST-1344,2024-07-22,Alberta,Magasin,Sports,Sac sport,1,229.93,0.1
ORD-104369,CUST-0043,2024-05-11,Manitoba,En ligne,Sports,Raquette,3,116.66,0.05
ORD-104381,CUST-1248,2024-12-22,Colombie-Britannique,Magasin,Électronique,Casque audio,4,807.92,0.1
ORD-103824,CUST-1038,2025-05-10,Manitoba,En ligne,Maison,Cafetière,2,309.06,0.0
ORD-100326,CUST-1304,2025-09-28,Alberta,Magasin,Vêtements,Veste,2,113.97,0.05
ORD-102652,CUST-0053,2025-08-28,Colombie-Britannique,Magasin,Électronique,Tablette,2,616.66,0.0
ORD-106755,CUST-0498,2024-04-29,Québec,Magasin,Électronique,Souris,2,189.57,0.1
ORD-107820,CUST-1086,2025-03-04,Alberta,Téléphone,Électronique,Souris,1,82.12,0.0
ORD-102176,CUST-0661,2024-06-18, québec ,Magasin,Électronique,Clavier,2,74.72,0.0
ORD-107433,CUST-1388,2024-09-07,Manitoba,Téléphone,Beauté,Maquillage,1,97.7,0.0
ORD-104789,CUST-0015,2025-11-19,Québec,Magasin,Beauté,Crème,2,62.37,0.1
ORD-106994,CUST-0610,2025-12-07,Colombie-Britannique,En ligne,Beauté,Soin visage,1,178.87,0.05
ORD-103318,CUST-1113,2024-04-20,Manitoba,Téléphone,Beauté,Crème,3,32.91,0.1
ORD-105260,CUST-0075,2025-08-19,Québec,Magasin,Maison,Chaise,3,57.89,0.2
ORD-106743,CUST-1184,2024-11-24,Alberta,En ligne,Vêtements,Veste,5,162.05,0.1
ORD-107038,CUST-1056,2024-12-12,Manitoba,En ligne,Beauté,Crème,1,93.52,0.05
ORD-102787,CUST-0557,2024-02-11,Colombie-Britannique,Téléphone,Vêtements,Chaussures,2,26.64,0.2
ORD-105513,CUST-0227,2024-04-23,Québec,Téléphone,Maison,Cafetière,1,489.39,0.0
ORD-104354,CUST-1331,2025-07-23,Ontario,Magasin,Maison,Aspirateur,1,52.81,0.15
ORD-101676,CUST-0427,2025-05-01,Colombie-Britannique,Magasin,Électronique,Souris,2,745.45,0.05
ORD-103947,CUST-1327,2024-12-12,Manitoba,Téléphone,Sports,Sac sport,3,135.88,0.0
ORD-107237,CUST-1193,2025-11-14,Manitoba,En ligne,Électronique,Souris,2,104.83,0.15
ORD-100348,CUST-0911,2024-05-20,Alberta,Magasin,Sports,Vélo,2,608.59,0.05
ORD-105909,CUST-0611,2025-04-22,Québec,Magasin,Vêtements,Jean,5,149.99,0.05
ORD-103226,CUST-0654,2025-08-28,Manitoba,Téléphone,Électronique,Tablette,4,263.17,0.0
ORD-106912,CUST-0181,2024-12-26,Ontario,Téléphone,Vêtements,Veste,3,18.43,0.0
ORD-105149,CUST-0337,2024-10-05,Québec,Magasin,Vêtements,Chaussures,4,102.85,0.15
ORD-101626,CUST-1046,2025-08-02,Québec,En ligne,Vêtements,Veste,5,206.03,0.05
ORD-104934,CUST-1221,2024-02-15,Manitoba,En ligne,Sports,Ballon,4,451.46,0.0
ORD-102503,CUST-0613,2024-04-28,Manitoba,En ligne,Sports,Raquette,3,68.07,1.25
ORD-105841,CUST-0338,2024-03-30,Colombie-Britannique,En ligne,Maison,Lampe,3,294.72,0.0
ORD-102369,CUST-1231,2025-10-08,Québec,Téléphone,Sports,Vélo,3,25.62,0.15
ORD-100871,CUST-1153,2024-02-18,Colombie-Britannique,Magasin,Électronique,Casque audio,2,293.57,0.05
ORD-105411,CUST-0985,2024-04-20,Alberta,Téléphone,Sports,Raquette,2,278.73,0.1
ORD-102217,CUST-1419,2024-04-05,Ontario,Téléphone,Électronique,Clavier,3,577.74,0.0
ORD-105790,CUST-1381,2025-02-15,Colombie-Britannique,En ligne,Vêtements,Veste,2,217.6,0.1
ORD-102218,CUST-0898,2024-03-01,Québec,En ligne,Électronique,Écran,2,560.91,0.2
ORD-103326,CUST-0172,2025-03-17,Alberta,En ligne,Maison,Lampe,1,159.32,0.2
ORD-105322,CUST-0292,2025-08-12,Alberta,Téléphone,Vêtements,Jean,1,179.58,0.1
ORD-104196,CUST-1136,2025-07-31,Ontario,Magasin,Beauté,Parfum,1,105.34,0.2
ORD-103583,CUST-0196,2024-03-02,Québec,En ligne,Sports,Sac sport,2,98.35,0.0
ORD-106339,CUST-0037,2025-11-20,Colombie-Britannique,En ligne,Vêtements,T-shirt,1,51.39,0.15
ORD-107727,CUST-0751,2025-11-18,Manitoba,Téléphone,Beauté,Crème,2,195.26,0.1
ORD-102121,CUST-0300,2025-02-11,Manitoba,Téléphone,Beauté,Parfum,1,62.12,0.05
ORD-105108,CUST-0190,2024-01-18,Ontario,Téléphone,Maison,Chaise,4,284.44,0.05
ORD-100136,CUST-1467,2025-05-04,Québec,En ligne,Beauté,Crème,3,23.17,0.05
ORD-106338,CUST-1479,2024-10-20,Alberta,Magasin,Vêtements,Jean,1,247.57,0.05
ORD-100085,CUST-0145,2025-06-08,Colombie-Britannique,Magasin,Électronique,Casque audio,1,318.29,0.0
ORD-104640,CUST-1282,2025-03-18,Ontario,Magasin,Beauté,Parfum,1,192.18,0.15
ORD-101877,CUST-0216,2025-12-25,Ontario,Téléphone,Électronique,Tablette,1,208.19,0.0
ORD-102801,CUST-0804,2024-05-28,Colombie-Britannique,En ligne,Électronique,Casque audio,4,308.82,0.0
ORD-103671,CUST-0049,2025-03-01,Ontario,En ligne,Vêtements,Manteau,2,295.33,0.0
ORD-103667,CUST-0515,2024-05-27,Alberta,Magasin,Vêtements,Veste,1,188.79,0.05
ORD-106380,CUST-0234,2024-12-16,Ontario,Téléphone,Sports,Vélo,3,116.95,0.0
ORD-102640,CUST-1207,2025-01-03,Manitoba,Magasin,Beauté,Parfum,1,126.78,0.05
ORD-106916,CUST-0750,2025-03-20,Colombie-Britannique,Téléphone,Maison,Lampe,1,81.66,0.05
ORD-107397,CUST-1365,2025-07-18,Colombie-Britannique,En ligne,Sports,Ballon,2,266.31,0.0
ORD-102880,CUST-0156,2024-05-22,Québec,Téléphone,Vêtements,Manteau,3,170.11,0.0
ORD-105344,CUST-1304,2025-10-04,Québec,En ligne,Beauté,Crème,1,123.01,0.1
ORD-100494,CUST-0416,2025-05-20,Manitoba,Magasin,Maison,Cafetière,3,80.23,0.1
ORD-102019,CUST-1221,2025-08-26,Ontario,En ligne,Maison,Lampe,1,72.79,0.05
ORD-105194,CUST-1018,2025-02-22,Manitoba,Téléphone,Vêtements,Manteau,2,62.66,0.1
ORD-102525,CUST-0930,2024-01-16,Ontario,En ligne,Maison,Lampe,3,254.72,0.0
ORD-107050,CUST-1264,2024-01-04,Ontario,En ligne,Vêtements,Jean,1,220.47,0.0
ORD-105503,CUST-1076,2025-08-02,Québec,En ligne,Électronique,Tablette,1,808.47,0.0
ORD-106251,CUST-0431,2025-03-17,Manitoba,Magasin,Maison,Cafetière,1,463.89,0.0
ORD-105964,CUST-0547,2025-06-29,Québec,Téléphone,Vêtements,Jean,5,142.41,0.05
ORD-101270,CUST-0031,2024-01-21,Alberta,Magasin,Vêtements,Veste,1,35.68,0.1
ORD-104505,CUST-0705,2024-05-15,Alberta,En ligne,Vêtements,Jean,1,162.17,0.05
ORD-104575,CUST-1165,2025-09-24,Québec,Magasin,Beauté,Parfum,1,184.93,0.0
ORD-102895,CUST-0804,2024-09-23,Alberta,En ligne,Électronique,Tablette,1,373.49,0.0
ORD-106240,CUST-0689,2025-09-20,Ontario,Téléphone,Vêtements,Jean,2,57.6,0.05
ORD-106676,CUST-1089,2024-09-29,Québec,Magasin,Maison,Cafetière,1,491.19,0.0
ORD-100618,CUST-0870,2025-09-03,Alberta,Magasin,Électronique,Souris,4,766.9,0.0
ORD-104832,CUST-0274,2024-02-20,Alberta,Magasin,Beauté,Parfum,1,234.62,0.0
ORD-103425,CUST-1026,2025-10-22,Ontario,Téléphone,Maison,Cafetière,1,61.28,0.2
ORD-104483,CUST-1036,2025-12-20,Manitoba,Téléphone,Électronique,Tablette,4,633.53,0.0
ORD-104620,CUST-0212,2024-07-07,Ontario,Magasin,Sports,Vélo,1,343.54,0.0
ORD-104478,CUST-0259,2025-03-20,Québec,En ligne,Sports,Tapis yoga,1,151.7,0.0
ORD-104414,CUST-0780,2025-09-29,Ontario,Téléphone,Sports,Sac sport,1,444.87,0.15
ORD-104105,CUST-0861,2025-01-24,Ontario,En ligne,Maison,Cafetière,2,232.42,0.2
ORD-104825,CUST-0033,2025-02-19,Colombie-Britannique,Magasin,Maison,Cafetière,1,21.98,0.05
ORD-101413,CUST-0009,2024-08-23,Colombie-Britannique,Magasin,Électronique,Tablette,1,594.61,0.05
ORD-102201,CUST-0372,2025-11-09,Colombie-Britannique,En ligne,Maison,Aspirateur,2,464.16,0.0
ORD-102001,CUST-0669,2025-10-26,Ontario,En ligne,Beauté,Crème,2,40.62,0.05
ORD-106040,CUST-0086,2024-04-11,Alberta,Téléphone,Vêtements,Manteau,1,104.4,0.1
ORD-100869,CUST-1237,2025-07-05,Alberta,Téléphone,Maison,Mixeur,2,76.19,0.05
ORD-102358,CUST-1317,2024-01-16,Manitoba,En ligne,Sports,Ballon,2,395.61,0.1
ORD-102006,CUST-0064,2025-09-29,Ontario,En ligne,Beauté,Maquillage,5,128.32,0.0
ORD-103090,CUST-1270,2024-05-19,Ontario,Magasin,Vêtements,Veste,2,39.59,0.05
ORD-102321,CUST-1037,2025-01-24,Ontario,Magasin,Maison,Mixeur,2,236.13,0.05
ORD-105614,CUST-0505,2024-11-23,Manitoba,Téléphone,Beauté,Parfum,2,219.94,0.0
ORD-100356,CUST-1068,2024-02-22,Ontario,En ligne,Sports,Raquette,1,91.39,0.05
ORD-101162,CUST-0619,2024-05-07,Alberta,Téléphone,Maison,Chaise,1,216.44,0.0
ORD-106147,CUST-0793,2024-01-28,Manitoba,Téléphone,Sports,Tapis yoga,1,167.69,0.0
ORD-103064,CUST-0842,2024-11-23,Manitoba,En ligne,Maison,Aspirateur,2,392.27,0.0
ORD-105416,CUST-0102,2025-01-03,Ontario,Magasin,Vêtements,Jean,1,267.94,0.0
ORD-103161,CUST-0081,2025-09-06,Québec,En ligne,Sports,Raquette,1,330.85,0.05
ORD-103770,CUST-0303,2024-07-20,Colombie-Britannique,Magasin,Vêtements,Veste,1,157.34,0.1
ORD-105091,CUST-1191,2025-04-16,Colombie-Britannique,Magasin,Sports,Tapis yoga,2,363.61,0.0
ORD-106896,CUST-0852,2025-10-22,Manitoba,Téléphone,Beauté,Soin visage,3,148.51,0.0
ORD-102607,CUST-0370,2025-03-11,Colombie-Britannique,Téléphone,Électronique,Écran,3,328.62,0.0
ORD-107966,CUST-0184,2025-09-07,Colombie-Britannique,Magasin,Maison,Cafetière,1,166.27,0.0
ORD-101890,CUST-1379,2024-07-29,Ontario,En ligne,Maison,Chaise,1,406.63,0.0
ORD-104373,CUST-0513,2025-10-27,Manitoba,Magasin,Maison,Chaise,1,465.34,0.0
ORD-107978,CUST-0921,2024-06-24,Ontario,Magasin,Maison,Aspirateur,1,367.79,0.0
ORD-103563,CUST-0876,2025-07-24,Québec,En ligne,Sports,Tapis yoga,1,649.55,0.0
ORD-105484,CUST-1389,2025-03-09,Québec,Téléphone,Sports,Vélo,3,635.74,0.2
ORD-102380,CUST-0715,2025-11-12,Alberta,En ligne,Sports,Ballon,1,416.41,0.15
ORD-107012,CUST-0080,2025-06-27,Colombie-Britannique,En ligne,Beauté,Crème,3,243.9,0.0
ORD-106889,CUST-0357,2025-05-01,Alberta,Magasin,Électronique,Casque audio,2,614.65,0.1
ORD-105714,CUST-0042,2024-08-21,Colombie-Britannique,Magasin,Sports,Tapis yoga,1,237.51,0.15
ORD-103306,CUST-0102,2024-03-12,Québec,EN LIGNE,Beauté,Shampoing,1,102.26,0.0
ORD-106263,CUST-0916,2024-01-01,Colombie-Britannique,Magasin,Vêtements,Jean,1,79.8,0.0
ORD-103499,CUST-0133,2024-04-24,Québec,Magasin,Beauté,Parfum,1,46.3,0.15
ORD-104438,CUST-0868,2025-07-19,Ontario,Magasin,Vêtements,Veste,4,277.74,0.1
ORD-101116,CUST-0867,2025-11-10,Ontario,En ligne,Vêtements,Chaussures,1,163.45,0.15
ORD-107434,CUST-0149,2024-12-03,Alberta,Magasin,Électronique,Clavier,1,139.04,0.0
ORD-106289,CUST-0239,2024-11-04,Ontario,En ligne,Maison,Cafetière,3,55.67,0.05
ORD-104467,CUST-0312,2024-02-03,Québec,En ligne,Électronique,Clavier,1,778.7,0.05
ORD-107166,CUST-1195,2025-07-17, alberta ,En ligne,Maison,Aspirateur,3,212.01,0.1
ORD-105278,CUST-0028,2025-11-27,Alberta,En ligne,Sports,Raquette,1,681.53,0.05
ORD-107914,CUST-0185,2024-06-02,Ontario,En ligne,Vêtements,Chaussures,4,110.68,0.1
ORD-102500,CUST-1351,2025-06-28,Manitoba,Téléphone,Électronique,Clavier,2,627.28,0.05
ORD-104331,CUST-0786,2025-06-24,Ontario,En ligne,Électronique,Clavier,2,427.9,0.15
ORD-107175,CUST-0466,2025-12-28,Québec,Magasin,Vêtements,Jean,1,186.1,0.1
ORD-103809,CUST-0717,2024-12-24,Ontario,Magasin,Vêtements,Jean,1,108.7,0.2
ORD-106516,CUST-1206,2025-03-04,Alberta,Téléphone,Électronique,Écran,4,262.85,0.0
ORD-106215,CUST-0562,2025-12-25,Colombie-Britannique,Magasin,Électronique,Clavier,2,117.11,0.2
ORD-106199,CUST-0543,2025-04-05,Manitoba,Téléphone,Maison,Chaise,1,87.92,0.05
ORD-107699,CUST-0661,2024-11-08,Manitoba,Magasin,Sports,Raquette,1,104.66,0.1
ORD-104773,CUST-1497,2025-07-16,Québec,En ligne,Maison,Chaise,2,191.08,0.05
ORD-102052,CUST-1168,2025-02-22,Alberta,En ligne,Maison,Aspirateur,3,52.48,0.2
ORD-101776,CUST-0962,2025-06-25,Québec,Téléphone,Vêtements,Jean,1,28.29,0.05
ORD-106280,CUST-1205,2025-10-14,Manitoba,Magasin,Sports,Vélo,4,440.06,0.15
ORD-103313,CUST-0053,2025-07-20,Manitoba,Magasin,Beauté,Soin visage,1,138.22,0.2
ORD-105814,CUST-0045,2024-11-26,Colombie-Britannique,Téléphone,Électronique,Clavier,1,296.32,0.0
ORD-106802,CUST-1046,2025-07-07,Québec,Téléphone,Beauté,Shampoing,3,81.4,0.05
ORD-101592,CUST-1176,2024-09-16,Manitoba,En ligne,Électronique,Casque audio,2,449.75,0.05
ORD-101723,CUST-0585,2025-12-08,Alberta,Magasin,Sports,Raquette,1,599.99,0.05
ORD-107510,CUST-0869,2024-08-18,Colombie-Britannique,Magasin,Vêtements,Jean,1,166.25,0.0
ORD-104220,CUST-0507,2025-10-07,Colombie-Britannique,Magasin,Électronique,Clavier,2,43.97,0.0
ORD-105507,CUST-0348,2025-05-16,Ontario,En ligne,Beauté,Shampoing,1,201.91,0.0
ORD-100490,CUST-0781,2024-06-19,Manitoba,En ligne,Électronique,Tablette,3,379.15,0.15
ORD-106793,CUST-0200,2025-01-01,Alberta,Téléphone,Maison,Chaise,2,435.9,0.2
ORD-103483,CUST-0755,2025-11-06,Colombie-Britannique,En ligne,Vêtements,Chaussures,5,33.15,0.0
ORD-103431,CUST-0618,2024-10-20,Québec,En ligne,Maison,Cafetière,2,278.15,0.0
ORD-106993,CUST-1070,2025-09-16,Alberta,En ligne,Maison,Mixeur,1,157.4,0.05
ORD-105111,CUST-0897,2024-08-08,Québec,En ligne,Maison,Mixeur,3,287.74,0.05
ORD-100025,CUST-0152,2024-02-23,Québec,Téléphone,Électronique,Casque audio,1,662.95,0.15
ORD-107191,CUST-1102,2025-06-12,Alberta,Magasin,Beauté,Maquillage,2,86.76,0.1
ORD-102409,CUST-0229,2024-09-06,Québec,En ligne,Sports,Vélo,2,31.49,0.0
ORD-103270,CUST-0565,2025-11-03,Alberta,En ligne,Sports,Ballon,5,479.28,0.15
ORD-101552,CUST-0072,2024-12-17,Manitoba,Magasin,Vêtements,T-shirt,2,260.37,0.15
ORD-106903,CUST-1235,2024-12-04,Manitoba,En ligne,Maison,Aspirateur,1,472.59,0.15
ORD-106048,CUST-0038,2025-03-28,Alberta,Magasin,Vêtements,Manteau,2,59.51,0.0
ORD-103871,CUST-1250,2024-06-22,Québec,Téléphone,Beauté,Shampoing,2,94.93,0.15
ORD-103402,CUST-1184,2025-05-30,Manitoba,En ligne,Beauté,Soin visage,3,77.11,0.0
ORD-100979,CUST-1072,2024-11-23,Québec,Téléphone,Vêtements,T-shirt,2,250.08,0.15
ORD-102655,CUST-0238,2027-01-15,Alberta,Magasin,Vêtements,Chaussures,2,27.58,0.0
ORD-101847,CUST-0518,2024-01-31,Manitoba,En ligne,Beauté,Shampoing,2,23.4,0.2
ORD-105277,CUST-1298,2024-11-29,Manitoba,Magasin,Maison,Lampe,1,371.98,0.0
ORD-106388,CUST-1074,2024-03-29,Manitoba,Magasin,Électronique,Souris,1,378.77,0.1
ORD-107630,CUST-1408,2024-05-08,Alberta,Téléphone,Beauté,Shampoing,2,21.16,0.05
ORD-106011,CUST-1141,2025-11-09,Ontario,En ligne,Beauté,Crème,4,38.16,0.0
ORD-104794,CUST-0839,2025-01-27,Manitoba,Téléphone,Maison,Lampe,2,310.02,0.1
ORD-101102,CUST-1277,2024-05-01,Colombie-Britannique,En ligne,Beauté,Crème,1,45.82,0.0
ORD-103276,CUST-1346,2025-09-18,Québec,En ligne,Maison,Chaise,3,262.45,0.05
ORD-104903,CUST-0380,2025-01-30,Colombie-Britannique,En ligne,Électronique,Écran,1,494.39,0.0
ORD-106006,CUST-0119,2025-05-17,Colombie-Britannique,Téléphone,Vêtements,Chaussures,1,125.08,0.05
ORD-107570,CUST-0453,2024-07-25,Québec,Téléphone,Vêtements,Veste,2,199.88,0.05
ORD-103996,CUST-1210,2025-11-10,Colombie-Britannique,Téléphone,Beauté,Shampoing,5,198.58,0.1
ORD-100194,CUST-0361,2025-08-24,Colombie-Britannique,En ligne,Électronique,Clavier,4,750.22,0.1
ORD-100643,CUST-0122,2024-09-29,Québec,Téléphone,Électronique,Écran,1,859.69,0.0
ORD-103285,CUST-0947,2025-01-15,Manitoba,Téléphone,Vêtements,Jean,2,98.5,0.05
ORD-103116,CUST-0879,2025-01-10,Alberta,Téléphone,Électronique,Casque audio,2,228.49,0.1
ORD-103575,CUST-1266,2024-03-01,Québec,En ligne,Vêtements,T-shirt,2,186.55,0.2
ORD-106625,CUST-0006,2025-02-17,Manitoba,En ligne,Électronique,Clavier,4,126.23,0.2
ORD-102207,CUST-0370,2024-01-14,Colombie-Britannique,Téléphone,Sports,Sac sport,1,276.85,0.1
ORD-103718,CUST-1221,2025-12-18,Colombie-Britannique,En ligne,Sports,Vélo,4,426.32,0.1
ORD-100972,CUST-0060,2025-03-17,Québec,Téléphone,Électronique,Tablette,3,281.25,0.15
ORD-100719,CUST-0424,2025-03-04,Colombie-Britannique,En ligne,Beauté,Crème,1,139.17,0.05
ORD-107232,CUST-0511,2025-05-31,Ontario,En ligne,Sports,Raquette,1,464.02,0.05
ORD-103896,CUST-0833,2025-09-07,Manitoba,En ligne,Sports,Vélo,3,136.31,0.1
ORD-102803,CUST-1150,2024-10-22,Alberta,Magasin,Sports,Sac sport,5,475.41,0.05
ORD-102566,CUST-0254,2025-06-03,Alberta,Téléphone,Beauté,Parfum,1,135.34,0.0
ORD-104025,CUST-0132,2025-08-28,Alberta,En ligne,Beauté,Maquillage,3,66.6,0.0
ORD-100032,CUST-0302,2024-06-29,Alberta,Magasin,Beauté,Parfum,3,238.74,0.0
ORD-107338,CUST-0112,2025-10-02,Ontario,Magasin,Électronique,Souris,0,760.37,0.0
ORD-104063,CUST-0774,2025-08-13,Québec,Téléphone,Maison,Cafetière,2,463.28,0.15
ORD-106519,CUST-0877,2025-10-03,Alberta,En ligne,Électronique,Tablette,2,196.15,0.0
ORD-101697,CUST-0313,2025-09-22,Manitoba,Magasin,Maison,Chaise,2,460.18,0.05
ORD-102792,CUST-0982,2024-09-24,Colombie-Britannique,Téléphone,Maison,Chaise,1,447.51,0.05
ORD-102222,CUST-1399,2025-07-28,Alberta,Téléphone,Beauté,Parfum,2,79.84,0.0
ORD-103764,CUST-1130,2024-01-09,Ontario,En ligne,Beauté,Parfum,4,221.07,0.0
ORD-103866,CUST-0571,2024-04-18,Québec,Magasin,Sports,Sac sport,1,316.16,0.1
ORD-106116,CUST-1438,2025-02-05,Manitoba,En ligne,Maison,Cafetière,2,334.9,0.1
ORD-106928,CUST-0422,2025-03-05,Ontario,Téléphone,Beauté,Soin visage,2,186.46,0.0
ORD-106647,CUST-0332,2025-02-11,Ontario,En ligne,Maison,Cafetière,2,187.7,0.05
ORD-104962,CUST-1218,2024-12-25,Québec,En ligne,Sports,Sac sport,1,277.37,0.05
ORD-103758,CUST-0486,2025-07-05,Colombie-Britannique,En ligne,Sports,Vélo,3,667.9,0.05
ORD-105389,CUST-1408,2024-03-21,Ontario,En ligne,Sports,Tapis yoga,2,19.25,0.05
ORD-103227,CUST-1462,2024-02-20,Alberta,En ligne,Sports,Ballon,3,568.55,0.05
ORD-105679,CUST-0204,2025-08-31,Québec,Magasin,Électronique,Clavier,2,527.07,0.0
ORD-103904,CUST-1183,2025-12-01,Manitoba,Magasin,Maison,Lampe,3,233.85,0.0
ORD-102277,CUST-0119,2025-04-14,Québec,Magasin,Vêtements,Jean,2,118.29,0.1
ORD-104538,CUST-0833,2024-09-02,Québec,En ligne,Beauté,Shampoing,1,230.25,0.05
ORD-101401,CUST-0871,2025-09-17,Colombie-Britannique,Magasin,Beauté,Shampoing,1,93.07,0.1
ORD-100739,CUST-1090,2024-03-10,Québec,Téléphone,Vêtements,Jean,1,22.72,0.05
ORD-104951,CUST-1439,2025-09-23,Ontario,En ligne,Sports,Ballon,2,369.59,0.05
ORD-107573,CUST-0399,2025-11-30,Alberta,Téléphone,Électronique,Clavier,1,838.24,0.0
ORD-106068,CUST-0184,2024-10-03,Québec,En ligne,Beauté,Crème,1,25.05,0.0
ORD-105432,CUST-0654,2024-02-10,Ontario,Magasin,Beauté,Maquillage,1,20.28,0.05
ORD-104325,CUST-0819,2025-11-17,Québec,En ligne,Vêtements,Jean,4,68.36,0.1
ORD-104562,CUST-1143,2025-11-26,Colombie-Britannique,Téléphone,Beauté,Shampoing,2,178.56,0.2
ORD-100674,CUST-0631,2025-06-09,Ontario,En ligne,Électronique,Clavier,2,838.24,0.1
ORD-104241,CUST-1021,2024-09-25, colombie-britannique ,Téléphone,Sports,Ballon,1,93.32,0.0
ORD-103841,CUST-1263,2024-10-09,Ontario,Magasin,Vêtements,Veste,1,266.91,0.15
ORD-101815,CUST-0531,2024-11-27,Manitoba,Magasin,Électronique,Souris,1,791.27,0.0
ORD-105628,CUST-0549,2024-01-28,Alberta,Magasin,Beauté,Soin visage,2,17.18,0.05
ORD-107827,CUST-1026,2024-07-30,Manitoba,Téléphone,Vêtements,Jean,2,216.53,0.15
ORD-106908,CUST-1462,2025-04-10,Ontario,Magasin,Sports,Raquette,2,530.58,0.15
ORD-104860,CUST-0233,2025-04-08,Manitoba,En ligne,Électronique,Souris,2,882.14,0.05
ORD-102100,CUST-0613,2025-12-15,Québec,En ligne,Vêtements,Veste,1,200.47,0.05
ORD-106805,CUST-1117,2024-11-25,Colombie-Britannique,En ligne,Électronique,Casque audio,3,423.17,0.15
ORD-102101,CUST-1439,2025-10-07,Manitoba,Téléphone,Maison,Aspirateur,1,413.61,0.0
ORD-104213,CUST-0986,2025-04-04,Manitoba,En ligne,Électronique,Casque audio,1,388.69,0.15
ORD-104635,CUST-0524,2024-10-06,Manitoba,Magasin,Sports,Vélo,2,679.36,0.15
ORD-101548,CUST-0427,2025-11-26,Québec,Magasin,Beauté,Crème,2,98.3,0.0
ORD-104264,CUST-0047,2025-02-10,Alberta,En ligne,Vêtements,T-shirt,1,78.92,0.0
ORD-103323,CUST-0820,2025-01-11,,Magasin,Électronique,Écran,4,274.6,0.0
ORD-104828,CUST-0477,2025-04-10,Manitoba,En ligne,Électronique,Écran,1,432.47,0.05
ORD-100355,CUST-0356,2025-06-16,Colombie-Britannique,Téléphone,Vêtements,Chaussures,1,218.26,0.0
ORD-101461,CUST-0493,2025-05-13,Ontario,Magasin,Sports,Vélo,3,292.49,0.2
ORD-107926,CUST-0063,2024-11-29,Manitoba,En ligne,Électronique,Souris,1,802.19,0.05
ORD-103220,CUST-0930,2025-11-29,Québec,Magasin,Vêtements,Manteau,3,161.41,0.0
ORD-105775,CUST-1483,2025-10-03,Ontario,En ligne,Vêtements,T-shirt,1,118.03,0.1
ORD-102369,CUST-1231,2025-10-08,Québec,Téléphone,Sports,Vélo,3,25.62,0.15
ORD-101751,CUST-0843,2024-09-21,Manitoba,Téléphone,Beauté,Maquillage,2,119.46,0.05
ORD-107295,CUST-1003,2027-01-15,Alberta,Magasin,Maison,Lampe,1,158.38,0.0
ORD-105038,CUST-1297,2025-06-19,Alberta,En ligne,Vêtements,Veste,2,33.57,0.1
ORD-101772,CUST-0769,2024-08-05,Alberta,EN LIGNE,Beauté,Shampoing,1,132.19,0.05
ORD-101196,CUST-0231,2025-06-04,Québec,En ligne,Vêtements,Chaussures,1,64.78,0.15
ORD-101878,CUST-1101,2024-09-15,Manitoba,En ligne,Électronique,Clavier,3,149.67,0.1
ORD-102668,CUST-0432,2024-07-14,Québec,Magasin,Maison,Aspirateur,1,495.82,0.0
ORD-104447,CUST-1202,2024-09-05,Colombie-Britannique,Magasin,Beauté,Shampoing,1,149.95,0.0
ORD-102016,CUST-0227,2024-09-29,Ontario,Magasin,Électronique,Casque audio,3,876.89,0.0
ORD-102005,CUST-0229,2024-06-09,Alberta,En ligne,Sports,Sac sport,2,123.5,0.05
ORD-103893,CUST-0407,2025-08-02,Alberta,En ligne,Vêtements,Chaussures,1,108.83,0.05
ORD-103237,CUST-0067,2024-10-07,Québec,Téléphone,Sports,Sac sport,1,329.46,0.2
ORD-102078,CUST-0668,2024-01-08,Ontario,Magasin,Électronique,Casque audio,2,65.04,0.1
ORD-100396,CUST-1100,2024-06-23,Manitoba,Téléphone,Beauté,Maquillage,5,215.57,0.1
ORD-102788,CUST-1376,2024-11-24,Ontario,En ligne,Électronique,Casque audio,4,325.37,0.1
ORD-104751,CUST-0075,2024-05-28,Manitoba,Magasin,Électronique,Casque audio,1,411.47,0.15
ORD-104072,CUST-0275,2024-10-15,,Téléphone,Sports,Ballon,4,377.87,0.1
ORD-105674,CUST-0385,2024-01-09,Alberta,Magasin,Vêtements,Manteau,2,58.48,0.0
ORD-104812,CUST-0892,2025-02-12,Ontario,En ligne,Sports,Tapis yoga,3,142.96,0.05
ORD-101519,CUST-1440,2025-06-03,Manitoba,En ligne,Maison,Lampe,1,360.07,0.0
ORD-106202,CUST-0511,2024-12-12,Manitoba,En ligne,Électronique,Tablette,1,274.48,0.05
ORD-101378,CUST-0245,2024-10-26,Ontario,En ligne,Sports,Raquette,3,653.02,0.0
ORD-101023,CUST-0690,2024-04-04,Québec,Téléphone,Maison,Lampe,3,166.2,0.0
ORD-102587,CUST-0798,2025-12-02,Québec,Téléphone,Beauté,Shampoing,1,216.29,0.05
ORD-105067,CUST-0860,2024-03-12,Ontario,Magasin,Beauté,Parfum,2,104.63,0.05
ORD-102857,CUST-1157,2025-08-20,Québec,Magasin,Sports,Sac sport,1,68.63,0.05
ORD-107842,CUST-1100,2024-07-30,Alberta,En ligne,Vêtements,Chaussures,1,147.04,0.1
ORD-101629,CUST-1159,2024-04-20,Alberta,Magasin,Électronique,Casque audio,3,632.03,0.05
ORD-103523,CUST-0924,2024-09-01,Québec,En ligne,Maison,Mixeur,2,406.0,0.1
ORD-105159,CUST-0248,2024-04-12,Colombie-Britannique,En ligne,Vêtements,Chaussures,1,297.36,0.1
ORD-103607,CUST-1263,2025-12-24,Québec,Téléphone,Électronique,Clavier,3,495.91,0.15
ORD-107213,CUST-1162,2024-12-23,Ontario,Téléphone,Électronique,Écran,1,352.33,0.1
ORD-100234,CUST-0308,2024-07-01,Manitoba,En ligne,Beauté,Maquillage,1,73.8,0.1
ORD-106742,CUST-1133,2024-12-03,Colombie-Britannique,Magasin,Beauté,,1,114.17,0.0
ORD-103796,CUST-1469,2025-11-07,Manitoba,Téléphone,Vêtements,T-shirt,3,245.42,0.2
ORD-104118,CUST-1333,2025-05-08,Colombie-Britannique,Magasin,Sports,Tapis yoga,1,445.24,0.0
ORD-103800,CUST-0427,2024-08-14,Québec,Téléphone,Électronique,Clavier,1,322.64,0.05
ORD-105004,CUST-0078,2024-02-05,Ontario,Téléphone,Vêtements,T-shirt,1,93.5,0.0
ORD-105955,CUST-1097,2025-04-17,Colombie-Britannique,Téléphone,Vêtements,T-shirt,1,55.57,0.0
ORD-101948,CUST-0706,2024-07-14,Ontario,Magasin,Sports,Ballon,3,138.5,0.0
ORD-107179,CUST-0437,2024-03-09,Ontario,Magasin,Électronique,Casque audio,1,724.24,0.05
ORD-105008,CUST-1349,2025-04-04,Alberta,Magasin,Beauté,Maquillage,2,211.05,0.05
ORD-103492,CUST-0733,2024-05-14,Colombie-Britannique,En ligne,Sports,Raquette,3,66.15,0.0
ORD-102671,CUST-0778,2024-03-23,Alberta,En ligne,Beauté,Crème,1,20.28,0.0
ORD-106725,CUST-1106,2025-03-07,Ontario,Téléphone,Sports,Sac sport,3,673.36,0.0
ORD-102224,CUST-0988,2024-08-20,Ontario,Téléphone,Électronique,Souris,1,530.27,0.0
ORD-101106,CUST-0298,2024-11-12,Ontario,Magasin,Vêtements,Jean,2,104.31,0.0
ORD-106659,CUST-1466,2024-07-20,Québec,Téléphone,Sports,Sac sport,1,568.98,0.0
ORD-100818,CUST-0103,2025-07-20, québec ,Magasin,Maison,Lampe,2,30.15,0.05
ORD-107702,CUST-0733,2024-11-06,Québec,Magasin,Sports,Raquette,0,173.35,0.1
ORD-106227,CUST-0133,2025-03-21,Ontario,En ligne,Beauté,Soin visage,2,131.89,0.15
ORD-107170,CUST-0699,2025-11-26,Manitoba,Téléphone,Vêtements,Jean,4,211.98,0.1
ORD-100888,CUST-0858,2024-02-20,Manitoba,En ligne,Électronique,Écran,2,207.71,0.05
ORD-102437,CUST-0413,2025-07-22,Colombie-Britannique,Magasin,Vêtements,Manteau,1,74.66,0.1
ORD-100817,CUST-1158,2024-10-09,Colombie-Britannique,Magasin,Beauté,Crème,1,76.75,0.0
ORD-103414,CUST-0742,2024-11-26,Manitoba,Téléphone,Maison,Lampe,1,209.98,0.1
ORD-102341,CUST-0826,2024-07-03,Ontario,Téléphone,Sports,Vélo,4,179.78,0.0
ORD-106635,CUST-1155,2024-07-14,Québec,Téléphone,Électronique,Écran,2,854.52,0.0
ORD-103167,CUST-0269,2025-11-13,Manitoba,En ligne,Vêtements,Veste,1,277.11,0.1
ORD-105974,CUST-1348,2024-06-30,Ontario,En ligne,Maison,Lampe,2,494.98,0.0
ORD-107152,CUST-0346,2024-03-24,Ontario,Téléphone,Maison,Cafetière,1,212.52,0.15
ORD-101264,CUST-1044,2025-07-14,Ontario,Téléphone,Vêtements,Manteau,2,39.76,0.1
ORD-107454,CUST-0936,2024-12-04,Ontario,Magasin,Vêtements,Jean,1,103.39,0.15
ORD-105835,CUST-0712,2024-10-17,Québec,Téléphone,Vêtements,Veste,2,230.75,0.2
ORD-107717,CUST-0105,2025-01-01,Alberta,Magasin,Beauté,Shampoing,4,128.69,0.1
ORD-101228,CUST-0202,2025-08-03,Ontario,En ligne,Maison,Aspirateur,3,192.74,0.15
ORD-104836,CUST-1051,2025-08-11,Manitoba,En ligne,Vêtements,Chaussures,1,251.71,0.0
ORD-100052,CUST-0867,2024-09-29,Québec,En ligne,Électronique,Tablette,1,623.07,0.1
ORD-104866,CUST-1056,2024-02-23,Manitoba,En ligne,Vêtements,Chaussures,2,70.02,0.05
ORD-105710,CUST-1354,2025-08-24,Ontario,Magasin,Beauté,Crème,3,67.96,0.05
ORD-100159,CUST-0879,2024-03-19,Alberta,Téléphone,Sports,Sac sport,3,31.84,0.0
ORD-106963,CUST-1250,2025-08-22,Alberta,En ligne,Vêtements,Jean,1,190.22,0.05
ORD-101587,CUST-0165,2024-03-30,Ontario,En ligne,Vêtements,Veste,1,240.12,0.1
ORD-101589,CUST-0335,2025-09-24,Alberta,Téléphone,Maison,Chaise,1,25.9,0.05
ORD-104619,CUST-1051,2025-09-02,Québec,Téléphone,Beauté,Soin visage,4,94.35,0.1
ORD-104392,CUST-0134,2025-09-10,Québec,En ligne,Sports,Vélo,2,236.53,0.0
ORD-106580,CUST-0876,2024-10-02,Manitoba,En ligne,Vêtements,Chaussures,1,191.25,0.1
ORD-103858,CUST-1309,2024-06-21,Colombie-Britannique,Magasin,Vêtements,Veste,1,49.59,0.0
ORD-104456,CUST-0457,2024-08-14,Colombie-Britannique,Téléphone,Sports,Raquette,1,281.36,0.0
ORD-102828,CUST-0121,2025-02-10,Manitoba,Magasin,Électronique,Écran,2,222.24,0.05
ORD-100436,CUST-0093,2024-08-26,Manitoba,Magasin,Beauté,Crème,1,141.2,0.05
ORD-106454,CUST-1296,2024-09-11,Québec,Magasin,Électronique,Clavier,2,382.19,0.05
ORD-103878,CUST-0366,2025-05-05,Colombie-Britannique,Magasin,Beauté,Soin visage,1,116.65,0.15
ORD-101588,CUST-0839,2025-06-02,Manitoba,Magasin,Maison,Aspirateur,5,422.76,0.1
ORD-102780,CUST-0397,2025-06-19,Manitoba,Magasin,Sports,Raquette,2,624.94,0.0
ORD-106568,CUST-0506,2024-11-26,Colombie-Britannique,Magasin,Beauté,Parfum,1,143.69,0.15
ORD-105962,CUST-0665,2024-08-07,Ontario,En ligne,Vêtements,Chaussures,2,115.74,0.0
ORD-105948,CUST-1053,2025-12-01,Ontario,Téléphone,Beauté,Shampoing,4,93.56,0.05
ORD-100973,CUST-0091,2024-06-15,Ontario,Magasin,Maison,Mixeur,2,156.57,0.0
ORD-101238,CUST-0998,2025-06-19,Alberta,Téléphone,Électronique,Casque audio,1,383.05,0.0
ORD-102951,CUST-0454,2025-04-14,Colombie-Britannique,Magasin,Maison,Chaise,1,461.81,0.05
ORD-102342,CUST-1272,2025-06-24,Manitoba,Magasin,Vêtements,Chaussures,1,258.0,0.0
ORD-106594,CUST-0762,2024-09-23,Ontario,En ligne,Électronique,Écran,2,282.65,0.05
ORD-106900,CUST-0385,2024-12-28,Manitoba,Magasin,Beauté,Crème,1,214.71,0.1
ORD-101497,CUST-0838,2024-05-30,Colombie-Britannique,Magasin,Maison,Aspirateur,4,350.32,0.2
ORD-104257,CUST-1456,2024-07-27,Ontario,Téléphone,Électronique,Clavier,4,671.56,0.0
ORD-102422,CUST-1298,2025-12-06,Colombie-Britannique,Téléphone,Sports,Tapis yoga,1,598.83,0.0
ORD-107172,CUST-0157,2025-08-22,Ontario,En ligne,Beauté,Shampoing,1,31.55,0.0
ORD-105306,CUST-0569,2024-12-22,Ontario,Magasin,Sports,Ballon,4,417.61,0.0
ORD-107706,CUST-1399,2025-12-09,Manitoba,Magasin,Sports,Vélo,4,410.72,0.05
ORD-102092,CUST-0202,2024-06-27,Québec,En ligne,Maison,Lampe,2,238.49,0.05
ORD-102015,CUST-1098,2025-09-06,Québec,Téléphone,Beauté,Shampoing,1,172.57,0.1
ORD-106682,CUST-0335,2025-11-04,Colombie-Britannique,Téléphone,Vêtements,T-shirt,1,277.75,0.0
ORD-105896,CUST-1461,2024-11-29,Manitoba,Téléphone,Sports,Sac sport,3,85.4,0.0
ORD-100187,CUST-0334,2025-10-03,Québec,Téléphone,Vêtements,Chaussures,3,174.07,0.05
ORD-104800,CUST-0234,2024-09-22,Ontario,En ligne,Électronique,Écran,3,96.86,0.0
ORD-103655,CUST-0621,2025-09-05,Colombie-Britannique,En ligne,Sports,Tapis yoga,3,349.53,0.0
ORD-103426,CUST-0874,2025-07-11,Manitoba,En ligne,Beauté,Soin visage,2,77.01,0.1
ORD-104786,CUST-0119,2024-07-08,Manitoba,En ligne,Maison,Chaise,1,80.74,0.2
ORD-101381,CUST-0442,2025-10-06,Québec,Téléphone,Maison,Mixeur,2,204.41,0.05
ORD-104950,CUST-0830,2025-02-20,Ontario,En ligne,Maison,Lampe,2,139.41,0.1
ORD-100413,CUST-0610,2025-02-17,Québec,Magasin,Sports,Vélo,4,153.8,0.05
ORD-103336,CUST-0775,2024-05-03,Colombie-Britannique,Téléphone,Beauté,Crème,2,51.25,0.2
ORD-103606,CUST-0843,2025-11-23,Québec,Magasin,Vêtements,Manteau,3,247.41,0.0
ORD-107576,CUST-0993,2025-12-23,Manitoba,En ligne,Sports,Ballon,1,627.18,0.1
ORD-107929,CUST-1052,2024-07-31,Manitoba,Magasin,Vêtements,T-shirt,1,34.12,0.15
ORD-105168,CUST-1396,2024-09-07,Manitoba,En ligne,Beauté,Crème,1,191.54,0.05
ORD-100256,CUST-1079,2025-05-14,Colombie-Britannique,En ligne,Vêtements,Manteau,2,33.48,0.05
ORD-104700,CUST-0976,2024-08-27,Alberta,Téléphone,Beauté,Shampoing,1,72.94,0.1
ORD-107922,CUST-0166,2025-03-27,Québec,En ligne,Vêtements,Jean,2,198.63,0.05
ORD-102235,CUST-1124,2024-04-14,Alberta,Magasin,Électronique,Écran,3,284.94,0.0
ORD-101767,CUST-1311,2025-08-26,Ontario,Magasin,Sports,Tapis yoga,2,565.93,0.05
ORD-104236,CUST-1320,2024-08-23,Québec,Téléphone,Beauté,Maquillage,5,101.99,0.2
ORD-105783,CUST-1341,2024-11-25,Colombie-Britannique,En ligne,Beauté,Parfum,2,141.54,0.15
ORD-101572,CUST-1122,2024-10-16,Colombie-Britannique,Téléphone,Maison,Chaise,4,498.43,0.05
ORD-100024,CUST-0453,2024-02-06,Alberta,Téléphone,Vêtements,Chaussures,1,298.93,0.2
ORD-106389,CUST-0435,2025-06-05,Colombie-Britannique,Téléphone,Électronique,Écran,2,468.65,0.0
ORD-101088,CUST-0529,2024-09-21,Ontario,Magasin,Vêtements,Jean,1,153.53,0.0
ORD-102694,CUST-0977,2025-01-19,Ontario,Téléphone,Vêtements,Manteau,5,185.6,0.15
ORD-105028,CUST-1418,2025-05-04,Colombie-Britannique,En ligne,Beauté,Maquillage,1,218.83,0.05
ORD-103398,CUST-0079,2024-08-22,Manitoba,Téléphone,Maison,Mixeur,1,125.45,0.15
ORD-103559,CUST-1238,2025-10-09,Manitoba,En ligne,Sports,Vélo,1,656.83,0.05
ORD-106825,CUST-1393,2025-01-13,Alberta,En ligne,Vêtements,Jean,4,287.33,0.1
ORD-102841,CUST-1500,2024-05-04,Alberta,En ligne,Électronique,Écran,3,719.53,0.0
ORD-102311,CUST-1326,2025-07-13,Alberta,Téléphone,Sports,Sac sport,2,263.28,0.0
ORD-105624,CUST-0035,2024-08-29,Colombie-Britannique,Téléphone,Vêtements,Chaussures,4,72.74,0.05
ORD-107676,CUST-0713,2025-02-17,Québec,Magasin,Beauté,Crème,5,95.3,0.0
ORD-104152,CUST-0112,2025-09-19,Manitoba,En ligne,Sports,Sac sport,1,673.68,0.05
ORD-101309,CUST-1168,2024-02-29,Colombie-Britannique,Téléphone,Beauté,Crème,1,143.13,0.05
ORD-100695,CUST-0284,2024-11-07,Alberta,Magasin,Beauté,Shampoing,1,139.21,0.15
ORD-104442,CUST-1448,2024-07-02, ontario ,Téléphone,Beauté,Maquillage,1,242.75,0.0
ORD-103752,CUST-0044,2024-03-05,Alberta,Magasin,Vêtements,Veste,2,61.2,0.1
ORD-101227,CUST-1198,2025-02-15,Québec,Téléphone,Électronique,Souris,3,485.51,0.0
ORD-101999,CUST-0401,2024-11-15,Colombie-Britannique,Magasin,Maison,Chaise,1,395.28,0.0
ORD-100276,CUST-0058,2024-01-26,Québec,Téléphone,Beauté,Maquillage,3,67.31,0.05
ORD-104509,CUST-0967,2024-07-25,Colombie-Britannique,En ligne,Sports,Tapis yoga,1,355.35,0.05
ORD-104710,CUST-0093,2024-05-19,Québec,En ligne,Électronique,Clavier,2,102.76,0.0
ORD-106405,CUST-0812,2025-10-26,Québec,TÉLÉPHONE,Vêtements,Chaussures,1,21.71,0.05
ORD-107182,CUST-0171,2024-12-30,Alberta,Téléphone,Beauté,Soin visage,1,215.82,0.15
ORD-105473,CUST-0057,2024-01-06,Manitoba,En ligne,Électronique,Clavier,2,396.52,0.1
ORD-107614,CUST-0330,2025-07-17,Manitoba,En ligne,Sports,Tapis yoga,1,562.26,0.0
ORD-101719,CUST-1317,2024-07-13,Colombie-Britannique,Téléphone,Beauté,Soin visage,2,81.47,0.0
ORD-104679,CUST-0470,2025-08-01,Colombie-Britannique,Magasin,Électronique,Casque audio,1,433.3,0.1
ORD-101137,CUST-0737,2024-05-21,Québec,En ligne,Beauté,Shampoing,2,72.42,0.05
ORD-102767,CUST-1120,2024-06-15,Québec,Téléphone,Vêtements,Manteau,2,294.53,0.1
ORD-105422,CUST-0667,2025-02-15,Manitoba,Téléphone,Électronique,Souris,1,64.96,0.0
ORD-105107,CUST-1200,2025-02-07,Colombie-Britannique,Téléphone,Beauté,Shampoing,1,44.16,0.05
ORD-100942,CUST-0279,2025-04-13,Québec,Magasin,Sports,Ballon,3,206.58,0.0
ORD-106511,CUST-0010,2025-12-04,Alberta,Magasin,Maison,Cafetière,4,132.86,0.15
ORD-103935,CUST-0968,2024-05-25,Manitoba,En ligne,Sports,Sac sport,3,17.24,0.0
ORD-102384,CUST-1314,2025-01-30,Manitoba,Téléphone,Sports,Ballon,2,164.17,0.0
ORD-100115,CUST-0087,2024-02-24,Colombie-Britannique,En ligne,Sports,Tapis yoga,1,456.14,0.05
ORD-105652,CUST-0732,2025-11-25,Colombie-Britannique,Téléphone,Électronique,Écran,1,653.4,0.1
ORD-105253,CUST-1450,2024-10-21,Ontario,Magasin,Vêtements,Veste,3,25.03,0.05
ORD-103119,CUST-0818,2024-12-03,Alberta,Magasin,Vêtements,Veste,1,211.02,0.1
ORD-104258,CUST-0724,2024-11-20,Manitoba,Magasin,Électronique,Casque audio,1,276.73,0.1
ORD-107503,CUST-0120,2024-03-28,Alberta,En ligne,Maison,Chaise,1,223.15,0.0
ORD-105817,CUST-1026,2024-09-07,Ontario,En ligne,Beauté,Parfum,3,57.91,0.1
ORD-102819,CUST-0867,2024-07-27,Alberta,Téléphone,Beauté,Crème,1,58.01,0.05
ORD-103822,CUST-0180,2025-01-14,,En ligne,Vêtements,Jean,1,196.55,0.05
ORD-106726,CUST-1385,2024-02-12,Alberta,Téléphone,Beauté,Parfum,1,69.17,0.15
ORD-106478,CUST-0236,2024-02-15,Manitoba,Téléphone,Maison,Aspirateur,1,471.57,0.0
ORD-103802,CUST-0543,2024-11-22,Ontario,Téléphone,Maison,Chaise,2,118.76,0.0
ORD-103536,CUST-1385,2025-07-09,Québec,Téléphone,Sports,Ballon,1,446.42,0.0
ORD-103825,CUST-0137,2024-08-27,Alberta,En ligne,Sports,Raquette,3,649.28,0.0
ORD-107005,CUST-1066,2024-07-07,Québec,Magasin,Vêtements,Chaussures,2,295.29,0.2
ORD-101946,CUST-0484,2024-10-30,Ontario,Magasin,Sports,Ballon,1,478.86,0.15
ORD-104747,CUST-1210,2025-02-20,Alberta,Téléphone,Maison,Cafetière,2,55.08,0.05
ORD-103488,CUST-0930,2024-12-25,Alberta,En ligne,Sports,Tapis yoga,2,76.32,0.15
ORD-101610,CUST-0399,2024-12-11,Alberta,Magasin,Électronique,Souris,2,104.23,0.0
ORD-106277,CUST-1451,2024-12-09,Colombie-Britannique,Téléphone,Sports,Vélo,1,536.49,0.1
ORD-102194,CUST-1353,2024-07-20,Alberta,En ligne,Maison,Mixeur,1,39.57,0.1
ORD-106955,CUST-0390,2024-12-13,Québec,Magasin,Électronique,Souris,3,526.24,0.05
ORD-100557,CUST-1134,2024-07-08,Manitoba,Téléphone,Sports,Ballon,1,236.07,0.05
ORD-105337,CUST-0665,2024-09-21,Manitoba,Magasin,Vêtements,Manteau,1,31.94,0.0
ORD-101207,CUST-0011,2024-01-12,Colombie-Britannique,Téléphone,Beauté,Maquillage,1,192.33,0.1
ORD-107696,CUST-0251,2024-10-03,Manitoba,Téléphone,Électronique,Tablette,1,516.46,0.0
ORD-104857,CUST-1434,2024-06-03,Québec,Magasin,Beauté,Maquillage,1,38.56,0.1
ORD-101510,CUST-0717,2024-09-09,Alberta,Magasin,Sports,Raquette,2,250.2,0.1
ORD-103829,CUST-1492,2025-04-01,Ontario,Téléphone,Électronique,Tablette,4,715.18,0.0
ORD-103732,CUST-0621,2025-07-08,Ontario,Magasin,Maison,Lampe,1,157.22,0.0
ORD-105274,CUST-0207,2025-12-02,Manitoba,En ligne,Maison,Chaise,5,268.14,0.05
ORD-103211,CUST-0320,2024-12-22,Manitoba,Téléphone,Vêtements,Chaussures,2,113.2,0.0
ORD-103630,CUST-0862,2025-02-24,Québec,Magasin,Électronique,Casque audio,1,216.54,0.15
ORD-105521,CUST-1247,2025-02-20,Ontario,En ligne,Beauté,Shampoing,3,196.49,0.15
ORD-105525,CUST-0655,2025-04-21,Ontario,Magasin,Maison,Chaise,3,173.78,0.05
ORD-100266,CUST-1244,2024-09-26,Ontario,En ligne,Vêtements,Jean,1,89.59,0.0
ORD-101140,CUST-0232,2025-08-27,Ontario,En ligne,Sports,Ballon,1,53.19,0.0
ORD-103162,CUST-0226,2024-11-29,Manitoba,Téléphone,Beauté,Maquillage,1,173.15,0.1
ORD-105748,CUST-0248,2024-05-13,Québec,Magasin,Beauté,Shampoing,3,136.1,0.0
ORD-107423,CUST-0262,2024-04-19,Manitoba,Magasin,Beauté,Crème,2,231.77,0.1
ORD-101909,CUST-0061,2025-05-22,Alberta,Magasin,Sports,Vélo,2,602.56,0.05
ORD-104856,CUST-0216,2024-04-10,Colombie-Britannique,Téléphone,Électronique,Casque audio,2,759.14,0.0
ORD-106890,CUST-1140,2025-11-09,Alberta,Magasin,Beauté,Parfum,2,154.81,0.0
ORD-100656,CUST-0993,2025-12-15,Ontario,Magasin,Beauté,Shampoing,2,16.08,0.1
ORD-106249,CUST-0257,2024-04-01,Ontario,Magasin,Électronique,Souris,2,288.33,0.0
ORD-105193,CUST-0790,2025-08-16,Québec,En ligne,Électronique,Souris,2,652.76,0.05
ORD-100998,CUST-0586,2025-11-17,Ontario,Téléphone,Vêtements,Veste,2,165.24,0.1
ORD-107545,CUST-0442,2024-10-08,Alberta,En ligne,Électronique,Tablette,4,815.56,0.0
ORD-102834,CUST-0412,2025-09-26,Ontario,En ligne,Beauté,Parfum,1,177.9,0.1
ORD-106865,,2025-09-08,Ontario,Téléphone,Vêtements,Manteau,1,120.64,0.1
ORD-101237,CUST-0787,2025-04-04,Manitoba,En ligne,Sports,Ballon,1,358.27,0.1
ORD-106729,CUST-1280,2024-10-24,Québec,Magasin,Électronique,Clavier,2,167.22,0.15
ORD-105251,CUST-0307,2025-08-29,Colombie-Britannique,Téléphone,Beauté,Parfum,2,101.42,0.0
ORD-106176,CUST-0739,2025-03-13,Manitoba,Magasin,Électronique,Souris,4,483.7,0.15
ORD-102186,CUST-0567,2024-04-19,Manitoba,En ligne,Sports,Sac sport,1,688.24,0.05
ORD-101134,CUST-0635,2024-07-04,Colombie-Britannique,Téléphone,Beauté,Maquillage,1,64.73,0.0
ORD-101303,CUST-0974,2024-06-23,Alberta,Magasin,Vêtements,Chaussures,2,143.42,0.0
ORD-101627,CUST-0301,2024-03-07,Québec,Magasin,Maison,Lampe,1,186.88,0.1
ORD-105214,CUST-1163,2024-11-11,Ontario,Téléphone,Sports,Raquette,1,227.1,0.1
ORD-101522,CUST-1169,2025-10-29,Ontario,En ligne,Sports,Ballon,1,622.3,0.1
ORD-100358,CUST-0409,2025-01-12,Colombie-Britannique,En ligne,Sports,Ballon,4,197.67,0.1
ORD-100138,CUST-0016,2025-05-07,Ontario,En ligne,Électronique,Souris,3,310.72,0.1
ORD-100299,CUST-1348,2024-02-04,Québec,En ligne,Sports,Sac sport,1,79.29,0.15
ORD-101556,CUST-0063,2025-05-23,Colombie-Britannique,Téléphone,Maison,Chaise,2,338.61,0.05
ORD-100382,CUST-1425,2024-10-04,Ontario,Magasin,Maison,Cafetière,1,38.69,0.0
ORD-105595,CUST-0279,2024-05-02,Manitoba,Magasin,Maison,Cafetière,2,179.34,0.1
ORD-104630,CUST-0419,2024-05-16,Manitoba,En ligne,Maison,Chaise,5,137.92,0.15
ORD-106430,CUST-1022,2024-12-25,Manitoba,Magasin,Sports,Ballon,2,568.36,0.1
ORD-105875,CUST-0360,2024-10-26,Ontario,Magasin,Sports,Tapis yoga,1,404.3,0.15
ORD-107829,CUST-1427,2025-10-14,Alberta,Magasin,Vêtements,Chaussures,1,102.41,0.2
ORD-106535,CUST-0906,2025-04-08,Alberta,Téléphone,Maison,Chaise,4,148.74,0.05
ORD-105576,CUST-1390,2024-06-21,Québec,Magasin,Électronique,Tablette,1,744.23,0.05
ORD-106939,CUST-0998,2024-07-12,Québec,En ligne,Électronique,Tablette,1,507.7,0.0
ORD-102721,CUST-0503,2024-07-09,Ontario,Magasin,Électronique,Casque audio,1,827.22,0.15
ORD-101932,CUST-0973,2024-02-21,Colombie-Britannique,Magasin,Vêtements,Chaussures,2,165.11,0.15
ORD-107227,CUST-0893,2024-02-21,Alberta,Téléphone,Maison,Lampe,1,354.36,0.15
ORD-107264,CUST-0117,2024-08-25,Colombie-Britannique,Téléphone,Vêtements,Veste,1,19.01,0.0
ORD-107309,CUST-0717,2024-03-24,Alberta,Téléphone,Maison,Lampe,1,311.99,0.05
ORD-104163,CUST-0854,2025-05-23,Québec,Téléphone,Maison,Cafetière,2,441.96,0.0
ORD-106435,CUST-1486,2024-03-18,Alberta,En ligne,Beauté,Shampoing,1,30.33,0.0
ORD-103807,CUST-1404,2025-10-23,Manitoba,Magasin,Beauté,Soin visage,1,27.16,0.0
ORD-106902,CUST-1190,2025-10-25,Québec,Magasin,Électronique,Clavier,2,658.12,0.15
ORD-104647,CUST-1495,2025-12-09,Québec,Magasin,Maison,Chaise,3,126.56,0.05
ORD-104154,CUST-0990,2024-04-02,Québec,En ligne,Électronique,Souris,1,658.9,0.05
ORD-104172,CUST-0133,2025-01-13,Colombie-Britannique,Magasin,Sports,Ballon,1,524.09,0.0
ORD-100796,CUST-0133,2025-10-12,Québec,En ligne,Électronique,Clavier,1,870.45,0.0
ORD-102416,CUST-1268,2025-12-24,Alberta,En ligne,Beauté,Parfum,3,244.82,0.1
ORD-100785,CUST-0986,2025-10-19,Manitoba,En ligne,Maison,Mixeur,1,310.07,0.1
ORD-103158,CUST-0988,2024-06-14,Colombie-Britannique,Téléphone,Beauté,Soin visage,1,45.44,0.0
ORD-100123,CUST-0075,2024-05-25,Manitoba,En ligne,Vêtements,Jean,2,63.93,0.0
ORD-102172,CUST-0536,2024-12-07,Manitoba,Magasin,Électronique,Tablette,3,346.09,0.0
ORD-105842,CUST-0471,2024-08-14,Alberta,Magasin,Vêtements,Chaussures,2,44.07,0.0
ORD-105793,CUST-1144,2025-03-18,Colombie-Britannique,En ligne,Maison,Chaise,1,240.88,0.05
ORD-104340,CUST-1451,2025-05-07,Ontario,En ligne,Sports,Sac sport,1,537.12,0.0
ORD-100910,CUST-1089,2024-07-06,Manitoba,En ligne,Maison,Aspirateur,1,190.41,0.05
ORD-102309,CUST-0447,2024-03-08,Colombie-Britannique,En ligne,Beauté,Parfum,1,161.58,0.05
ORD-107566,CUST-0414,2024-09-20,Ontario,Téléphone,Sports,Tapis yoga,3,622.76,0.05
ORD-103634,CUST-0907,2024-04-17,Alberta,Téléphone,Maison,Chaise,2,166.63,0.0
ORD-101257,CUST-0776,2025-12-23, québec ,En ligne,Vêtements,Manteau,3,253.11,0.0
ORD-104458,CUST-0069,2025-12-04,Colombie-Britannique,En ligne,Maison,Aspirateur,2,350.14,0.1
ORD-101178,CUST-1078,2025-04-02,Alberta,En ligne,Vêtements,Manteau,1,236.53,0.15
ORD-103650,CUST-1168,2024-10-28,Ontario,Magasin,Maison,Lampe,3,266.43,0.0
ORD-100442,CUST-0534,2025-06-01,Colombie-Britannique,Téléphone,Électronique,Écran,4,211.0,0.0
ORD-106201,CUST-0944,2025-08-08,Ontario,Magasin,Maison,Aspirateur,1,389.03,0.2
ORD-101399,CUST-1485,2025-09-12,Québec,Magasin,Sports,Tapis yoga,1,607.52,0.05
ORD-101457,CUST-1213,2024-10-23,Manitoba,Téléphone,Vêtements,Jean,2,294.04,0.1
ORD-104988,CUST-0682,2024-05-19,Québec,En ligne,Maison,Aspirateur,1,26.28,0.0
ORD-101054,CUST-0320,2025-02-04,Québec,En ligne,Vêtements,Manteau,1,144.86,0.1
ORD-103275,CUST-1198,2025-10-24,Manitoba,Magasin,Beauté,Soin visage,2,117.22,0.1
ORD-106203,CUST-0342,2025-03-23,Colombie-Britannique,En ligne,Maison,Lampe,1,412.34,1.1
ORD-103699,CUST-1398,2024-02-16,Québec,En ligne,Sports,Ballon,3,366.92,0.0
ORD-103759,CUST-0752,2024-07-29,Alberta,Téléphone,Électronique,Écran,1,890.38,0.0
ORD-100929,CUST-0648,2024-01-04,Alberta,En ligne,Sports,Sac sport,1,214.93,0.0
ORD-105728,CUST-0201,2024-10-10,Alberta,Téléphone,Électronique,Écran,2,51.6,0.0
ORD-101829,CUST-0968,2025-12-30,Colombie-Britannique,Téléphone,Sports,Tapis yoga,3,427.48,0.05
ORD-106846,CUST-1389,2024-04-22,Québec,En ligne,Beauté,Maquillage,4,247.21,0.05
ORD-104221,CUST-0424,2024-10-18,Colombie-Britannique,Téléphone,Sports,Sac sport,3,639.3,0.0
ORD-107883,CUST-1099,2025-06-28,Alberta,En ligne,Sports,Ballon,1,530.49,0.0
ORD-106505,CUST-0338,2025-12-19,Colombie-Britannique,Téléphone,Maison,Cafetière,1,87.09,0.0
ORD-105689,CUST-0342,2025-11-16,Québec,Téléphone,Beauté,Maquillage,1,132.63,0.0
ORD-102011,CUST-0859,2025-12-23,Québec,Magasin,Vêtements,Chaussures,1,226.7,0.05
ORD-107150,CUST-0371,2024-12-29,Ontario,En ligne,Sports,Sac sport,1,561.08,0.05
ORD-105501,CUST-1349,2025-02-06,Alberta,Magasin,Maison,Lampe,2,215.75,0.15
ORD-107748,CUST-0863,2025-05-25,Manitoba,En ligne,Maison,Cafetière,5,257.04,0.05
ORD-102606,CUST-0229,2025-12-29,Ontario,Téléphone,Électronique,Écran,1,62.93,0.05
ORD-103264,CUST-0991,2024-09-29,Manitoba,En ligne,Maison,Lampe,1,170.25,0.1
ORD-106114,CUST-0871,2025-05-24,Ontario,Magasin,Beauté,Maquillage,1,78.68,0.2
ORD-106704,CUST-0325,2025-06-09,Colombie-Britannique,Téléphone,Vêtements,Chaussures,1,137.33,0.05
ORD-100006,CUST-0270,2024-09-27,Colombie-Britannique,Magasin,Beauté,Crème,3,235.48,0.15
ORD-102980,CUST-1490,2025-10-14,Manitoba,Téléphone,Électronique,Casque audio,3,795.01,0.1
ORD-103361,CUST-0654,2025-01-19,Alberta,En ligne,Maison,Mixeur,2,90.26,0.1
ORD-101943,CUST-0421,2024-05-22,,Magasin,Vêtements,Jean,2,37.1,0.1
ORD-105304,CUST-1391,2025-06-18,Alberta,En ligne,Maison,Lampe,2,58.61,0.2
ORD-107437,CUST-0769,2025-12-12,Manitoba,Magasin,Maison,Mixeur,3,138.9,0.15
ORD-106830,CUST-0209,2025-05-02,Manitoba,Téléphone,Électronique,Souris,1,891.75,0.1
ORD-106210,CUST-0372,2024-08-20,Ontario,Téléphone,Beauté,Soin visage,1,162.18,0.0
ORD-105185,CUST-0179,2024-03-07,Québec,Magasin,Vêtements,Jean,5,199.94,0.1
ORD-107432,CUST-0952,2025-06-24,Manitoba,En ligne,Maison,Aspirateur,2,324.95,0.15
ORD-103134,CUST-0178,2025-10-28,Alberta,Téléphone,Maison,Chaise,1,456.43,0.15
ORD-105146,CUST-1110,2024-08-18,Alberta,En ligne,Sports,Raquette,2,375.01,0.2
ORD-102242,CUST-0243,2025-05-21,Alberta,En ligne,Vêtements,Manteau,3,67.15,0.1
ORD-101474,CUST-0470,2025-06-17,Alberta,Téléphone,Sports,Tapis yoga,4,78.4,0.1
ORD-106004,CUST-1484,2025-11-19,Alberta,Magasin,Électronique,Casque audio,1,699.79,0.1
ORD-101889,CUST-0449,2025-11-24,Manitoba,Téléphone,Beauté,,1,53.64,0.05
ORD-103435,CUST-0058,2025-03-09,Ontario,Magasin,Maison,Aspirateur,1,334.6,0.0
ORD-107025,CUST-1150,2025-01-04,Colombie-Britannique,Téléphone,Maison,Chaise,4,397.83,0.0
ORD-103705,CUST-1038,2024-01-23,Québec,En ligne,Beauté,Shampoing,3,80.76,0.1
ORD-102021,CUST-0553,2024-05-05,Colombie-Britannique,En ligne,Maison,Mixeur,1,452.75,0.0
ORD-104020,CUST-0368,2024-07-25,Québec,En ligne,Sports,Sac sport,1,228.97,0.1
ORD-106690,CUST-1105,2025-09-09,Alberta,En ligne,Vêtements,T-shirt,1,219.73,0.1
ORD-107274,CUST-1066,2024-03-07,Québec,Téléphone,Vêtements,Chaussures,5,115.26,0.15
ORD-106224,CUST-1193,2025-08-14,Alberta,Téléphone,Maison,Lampe,4,129.11,0.0
ORD-102658,CUST-0709,2024-09-23,Colombie-Britannique,Téléphone,Beauté,Soin visage,3,184.38,0.05
ORD-101130,CUST-0870,2025-11-10,Alberta,Magasin,Beauté,Parfum,3,52.14,0.0
ORD-104883,CUST-0501,2024-07-08,Ontario,Magasin,Sports,Tapis yoga,2,654.04,0.0
ORD-107317,CUST-1171,2024-12-07,Colombie-Britannique,Magasin,Électronique,Tablette,1,349.54,0.1
ORD-105990,CUST-0368,2024-07-07,Ontario,Magasin,Beauté,Maquillage,2,19.86,
ORD-104318,CUST-1413,2024-07-17,Colombie-Britannique,Téléphone,Beauté,Shampoing,1,181.36,0.1
ORD-107486,CUST-0100,2024-10-07,Québec,En ligne,Vêtements,Manteau,2,82.43,0.1
ORD-104144,CUST-0297,2024-04-04,Manitoba,Téléphone,Vêtements,Chaussures,2,17.52,0.0
ORD-101236,CUST-0586,2024-12-16,Colombie-Britannique,En ligne,Sports,Sac sport,2,119.83,0.05
ORD-107822,CUST-1217,2025-09-18,Ontario,En ligne,Beauté,Shampoing,3,151.87,0.0
ORD-107258,CUST-0129,2025-10-26,Colombie-Britannique,Téléphone,Vêtements,Veste,2,45.33,0.0
ORD-102282,CUST-0737,2025-01-31,Québec,En ligne,Électronique,Souris,1,479.0,0.0
ORD-107312,CUST-1020,2025-12-01,Ontario,Téléphone,Beauté,Crème,1,57.39,0.1
ORD-107070,CUST-1261,2025-03-20,Manitoba,Téléphone,Beauté,Maquillage,1,171.41,0.05
ORD-104093,CUST-1227,2025-08-12,Ontario,En ligne,Maison,Aspirateur,2,467.06,0.05
ORD-104701,CUST-1070,2025-09-07,Colombie-Britannique,En ligne,Sports,Tapis yoga,5,227.36,0.0
ORD-106869,CUST-0199,2025-02-23,Ontario,Téléphone,Maison,Lampe,1,379.42,0.0
ORD-100386,CUST-0707,2025-01-01,Alberta,Téléphone,Vêtements,T-shirt,1,99.14,0.15
ORD-101628,CUST-1155,2024-03-09,Québec,En ligne,Maison,Aspirateur,2,391.78,0.0
ORD-103585,CUST-0414,2024-07-28,Ontario,Téléphone,Vêtements,Manteau,1,148.41,0.1
ORD-102714,CUST-1474,2025-06-19,Québec,Magasin,Beauté,Maquillage,3,195.04,0.1
ORD-104769,CUST-0506,2025-06-02,Ontario,En ligne,Électronique,Tablette,3,691.06,0.0
ORD-106356,CUST-0707,2025-10-31,Alberta,Magasin,Vêtements,Jean,5,64.76,0.1
ORD-107072,CUST-1309,2025-01-21,Manitoba,En ligne,Électronique,Écran,1,286.58,0.05
ORD-103189,CUST-1059,2024-10-20,Ontario,Téléphone,Électronique,Tablette,1,194.58,0.1
ORD-104305,CUST-1466,2024-04-22,Ontario,En ligne,Maison,Mixeur,4,217.9,0.15
ORD-100909,CUST-0104,2025-03-01,Manitoba,Magasin,Vêtements,Chaussures,2,61.95,0.05
ORD-106110,CUST-0518,2025-12-04,Manitoba,Magasin,Électronique,Tablette,3,796.82,0.15
ORD-101866,CUST-0413,2025-01-14,Ontario,Téléphone,Maison,Lampe,1,410.54,0.1
ORD-101842,CUST-0868,2024-04-09,Manitoba,En ligne,Maison,Aspirateur,1,433.77,0.05
ORD-102497,CUST-1003,2024-09-11,Québec,Téléphone,Sports,Tapis yoga,5,253.65,0.2
ORD-106613,CUST-0522,2024-08-13,Colombie-Britannique,Téléphone,Sports,Sac sport,3,326.34,0.15
ORD-105242,CUST-0491,2024-11-13,Alberta,En ligne,Vêtements,Jean,1,173.99,0.0
ORD-105121,CUST-1462,2025-01-16,Ontario,Téléphone,Beauté,Shampoing,1,142.99,0.0
ORD-104006,CUST-0797,2024-04-28,Manitoba,Téléphone,Sports,Vélo,1,638.83,0.0
ORD-102702,CUST-0496,2025-09-18,Colombie-Britannique,Téléphone,Maison,Aspirateur,3,477.47,0.0
ORD-106642,CUST-1404,2024-03-01,Ontario,En ligne,Beauté,Shampoing,3,178.3,0.0
ORD-100331,CUST-0399,2025-12-15,Québec,Téléphone,Maison,Mixeur,1,117.55,0.1
ORD-106820,CUST-1383,2024-07-09,Colombie-Britannique,En ligne,Électronique,Tablette,1,479.43,0.1
ORD-104774,CUST-1257,2024-05-08,Colombie-Britannique,En ligne,Sports,Vélo,1,440.36,0.15
ORD-102459,CUST-0685,2024-06-27,Manitoba,Téléphone,Sports,Tapis yoga,2,22.14,0.0
ORD-101774,CUST-0783,2025-02-04,Colombie-Britannique,Magasin,Maison,Aspirateur,1,115.57,0.15
ORD-105037,CUST-0350,2024-11-28,Ontario,Magasin,Maison,Cafetière,1,339.97,0.1
ORD-106098,CUST-1198,2025-09-09,Manitoba,Téléphone,Beauté,Parfum,3,24.3,0.05
ORD-102686,CUST-1285,2025-01-21,Colombie-Britannique,En ligne,Sports,Vélo,1,336.56,0.1
ORD-106812,CUST-1336,2024-07-07,Québec,Téléphone,Vêtements,T-shirt,1,218.16,0.0
ORD-106559,CUST-1345,2024-09-25,Alberta,En ligne,Vêtements,Chaussures,2,46.11,0.05
ORD-105641,CUST-0452,2024-01-28,Manitoba,En ligne,Maison,Aspirateur,1,116.19,0.2
ORD-105946,CUST-0334,2027-01-15,Québec,Magasin,Électronique,Tablette,2,520.48,0.1
ORD-106226,CUST-0645,2025-06-24,Ontario,Magasin,Vêtements,Veste,1,240.72,0.05
ORD-106179,CUST-1372,2025-03-04,Colombie-Britannique,Téléphone,Vêtements,Manteau,2,241.94,0.1
ORD-105769,CUST-0867,2025-05-02,Alberta,Téléphone,Sports,Sac sport,1,569.89,0.0
ORD-107049,CUST-0147,2025-01-16,Manitoba,Magasin,Électronique,Clavier,3,530.92,0.0
ORD-100173,CUST-1108,2024-11-13,Alberta,Téléphone,Électronique,Écran,4,854.46,0.1
ORD-103321,CUST-0004,2024-11-23,Manitoba,Magasin,Électronique,Clavier,4,69.6,0.1
ORD-105924,CUST-0354,2025-05-01,Colombie-Britannique,Téléphone,Sports,Vélo,1,592.82,0.2
ORD-103372,CUST-0855,2024-02-15,Ontario,Magasin,Vêtements,Jean,1,120.94,0.05
ORD-103311,CUST-1378,2025-11-01,Colombie-Britannique,Magasin,Vêtements,Chaussures,2,101.63,0.05
ORD-105792,CUST-1042,2024-12-15,Colombie-Britannique,En ligne,Maison,Chaise,5,57.79,0.0
ORD-106464,CUST-0198,2024-12-08,Québec,En ligne,Beauté,Soin visage,2,110.8,0.15
ORD-106336,CUST-0491,2024-12-18,Alberta,Magasin,Sports,Vélo,1,264.9,0.0
ORD-105394,CUST-1240,2024-02-17,Québec,En ligne,Sports,Sac sport,1,676.24,0.2
ORD-103403,CUST-0867,2025-07-13,Alberta,Téléphone,Maison,Lampe,4,465.43,0.0
ORD-100018,CUST-0855,2024-08-12,Québec,Téléphone,Électronique,Casque audio,1,879.77,0.05
ORD-103691,CUST-0052,2025-10-10,Alberta,En ligne,Électronique,Clavier,2,669.09,0.05
ORD-106104,CUST-0649,2024-03-26,Colombie-Britannique,Téléphone,Beauté,Maquillage,1,227.66,0.05
ORD-104096,CUST-1422,2024-08-25,Ontario,En ligne,Vêtements,Jean,2,77.21,0.0
ORD-103628,CUST-0489,2025-05-16,Alberta,Magasin,Beauté,Maquillage,2,192.23,0.1
ORD-106398,CUST-0795,2025-03-11,Alberta,En ligne,Vêtements,T-shirt,3,110.75,0.0
ORD-102174,CUST-1178,2024-05-12,Alberta,En ligne,Vêtements,T-shirt,2,46.01,0.15
ORD-101356,CUST-1048,2024-09-27,Québec,En ligne,Sports,Ballon,4,29.5,0.0
ORD-104905,CUST-0409,2024-08-11,Québec,En ligne,Sports,Vélo,1,129.05,0.05
ORD-107327,CUST-1273,2025-07-30,Manitoba,Magasin,Vêtements,Jean,1,114.33,0.05
ORD-103112,CUST-0870,2025-06-16,Québec,Téléphone,Sports,Raquette,5,595.39,0.15
ORD-100182,CUST-1005,2025-07-06,Colombie-Britannique,Magasin,Maison,Mixeur,1,266.06,0.05
ORD-107272,CUST-0542,2025-12-14,Colombie-Britannique,En ligne,Vêtements,Chaussures,1,82.44,0.1
ORD-106391,CUST-1085,2025-06-20,Alberta,Téléphone,Maison,Lampe,1,441.5,0.1
ORD-101812,CUST-0930,2024-09-10,Alberta,En ligne,Électronique,Clavier,1,139.68,0.15
ORD-105221,CUST-1167,2024-05-16,Manitoba,Magasin,Électronique,Tablette,1,279.8,0.05
ORD-101800,CUST-0309,2024-09-18,Manitoba,En ligne,Électronique,Souris,1,220.97,0.0
ORD-102429,CUST-0291,2024-05-15,Colombie-Britannique,Magasin,Maison,Mixeur,1,492.13,0.05
ORD-107046,CUST-1366,2024-10-31,Manitoba,Magasin,Sports,Sac sport,1,298.33,0.0
ORD-107310,CUST-0218,2024-08-21,Manitoba,En ligne,Vêtements,Manteau,1,242.04,0.0
ORD-106974,CUST-0312,2025-05-15,Colombie-Britannique,Téléphone,Maison,Chaise,2,346.89,0.0
ORD-105633,CUST-0549,2024-12-18,Ontario,En ligne,Beauté,Maquillage,1,164.61,0.05
ORD-105380,CUST-1101,2024-11-10,Alberta,Magasin,Électronique,Clavier,1,304.65,0.0
ORD-107703,CUST-1087,2025-12-18,Colombie-Britannique,Téléphone,Maison,Aspirateur,1,83.79,0.1
ORD-101159,CUST-0641,2024-11-09,Alberta,En ligne,Électronique,Écran,3,396.68,0.15
ORD-101213,CUST-0196,2025-11-08,Manitoba,Téléphone,Vêtements,Chaussures,1,162.53,0.05
ORD-101325,CUST-0652,2024-03-11,Manitoba,En ligne,Sports,Ballon,2,457.48,0.2
ORD-104981,CUST-0539,2024-10-17,Colombie-Britannique,En ligne,Maison,Aspirateur,3,202.97,0.0
ORD-101455,CUST-0805,2025-05-12,Québec,Téléphone,Électronique,Tablette,5,207.7,0.0
ORD-104742,CUST-1357,2024-07-26,Manitoba,Téléphone,Sports,Raquette,1,475.33,0.05
ORD-106351,CUST-0868,2025-10-26,Manitoba,Magasin,Vêtements,T-shirt,1,91.11,0.05
ORD-101644,CUST-0375,2025-05-14,Colombie-Britannique,Magasin,Vêtements,T-shirt,5,132.15,0.1
ORD-102140,CUST-1056,2025-10-18,Québec,Magasin,Maison,Chaise,1,174.96,0.0
ORD-104536,CUST-0972,2024-11-22,Ontario,En ligne,Électronique,Souris,3,95.4,0.1
ORD-104457,CUST-0396,2024-01-05,Colombie-Britannique,Magasin,Beauté,Maquillage,1,43.41,0.05
ORD-106525,CUST-0770,2024-09-15,Manitoba,Magasin,Vêtements,Manteau,3,61.22,0.0
ORD-104378,CUST-0839,2024-08-08,Colombie-Britannique,En ligne,Vêtements,Veste,3,293.54,0.05
ORD-100729,CUST-1276,2025-05-17,Ontario,En ligne,Vêtements,Jean,3,130.46,0.0
ORD-104357,CUST-0394,2025-02-21,Alberta,Magasin,Vêtements,Manteau,2,31.2,0.15
ORD-101936,CUST-1085,2025-11-08,Colombie-Britannique,Magasin,Beauté,Crème,1,101.34,0.1
ORD-103793,CUST-0231,2025-12-02,Québec,Téléphone,Sports,Raquette,2,384.47,0.0
ORD-107539,CUST-1281,2025-07-17,Ontario,Téléphone,Maison,Chaise,2,433.65,0.0
ORD-107106,CUST-1001,2024-08-03,Alberta,Magasin,Beauté,Crème,1,65.22,0.05
ORD-105770,CUST-0403,2025-05-05,Colombie-Britannique,En ligne,Sports,Ballon,1,401.93,0.1
ORD-101110,CUST-1436,2025-05-22,Ontario,En ligne,Beauté,Parfum,1,151.81,0.15
ORD-106562,CUST-0688,2024-08-06,Québec,Téléphone,Électronique,Casque audio,3,357.79,0.15
ORD-102998,CUST-1375,2024-12-04,Manitoba,Magasin,Sports,Vélo,1,383.6,0.0
ORD-102394,CUST-0661,2024-05-02,Manitoba,En ligne,Vêtements,Chaussures,2,266.4,0.0
ORD-101185,CUST-1223,2025-08-14,Alberta,En ligne,Vêtements,Manteau,2,59.27,0.1
ORD-102007,CUST-1214,2025-10-24,Manitoba,En ligne,Maison,Chaise,3,193.27,0.0
ORD-100193,CUST-0588,2024-12-10,Colombie-Britannique,Magasin,Maison,Aspirateur,1,418.82,0.15
ORD-106611,CUST-0965,2025-06-05,Ontario,Téléphone,Maison,Mixeur,1,251.53,0.1
ORD-100578,CUST-0693,2024-09-11,Manitoba,Magasin,Sports,Tapis yoga,2,582.63,0.1
ORD-100771,CUST-1309,2025-08-24,Manitoba,Magasin,Maison,Chaise,1,46.25,0.0
ORD-102395,CUST-1293,2025-05-07,Colombie-Britannique,Téléphone,Électronique,Écran,2,435.44,0.0
ORD-107999,CUST-0186,2024-11-18,Manitoba,Magasin,Vêtements,Veste,3,51.25,0.0
ORD-101846,CUST-0188,2025-01-19,Alberta,En ligne,Maison,Cafetière,3,172.74,0.0
ORD-107905,CUST-0587,2024-07-26,Ontario,Magasin,Vêtements,Veste,1,224.85,0.15
ORD-104274,CUST-0441,2025-03-29,Colombie-Britannique,Magasin,Sports,Raquette,1,618.73,0.15
ORD-103740,CUST-0705,2024-06-29,Manitoba,Magasin,Vêtements,Jean,1,26.16,0.15
ORD-104600,CUST-0554,2025-09-27,Manitoba,En ligne,Électronique,Casque audio,4,284.54,0.0
ORD-105192,CUST-1131,2025-09-26,Québec,Magasin,Sports,Sac sport,4,370.99,0.0
ORD-105369,CUST-1284,2025-11-07,Colombie-Britannique,En ligne,Maison,Lampe,3,360.31,0.05
ORD-102073,CUST-0226,2024-11-03,Colombie-Britannique,Téléphone,Maison,Aspirateur,2,53.36,0.05
ORD-101896,CUST-1057,2024-10-25,Alberta,Magasin,Sports,Raquette,1,58.37,0.2
ORD-105952,CUST-0542,2025-07-14,Ontario,Téléphone,Beauté,Crème,2,174.64,0.0
ORD-103659,CUST-0944,2025-07-18,Québec,En ligne,Sports,Ballon,1,667.22,0.05
ORD-102379,CUST-0263,2024-03-10,Manitoba,En ligne,Vêtements,Veste,1,94.12,0.15
ORD-101447,CUST-0143,2024-07-07,Colombie-Britannique,Magasin,Beauté,Soin visage,1,223.3,0.0
ORD-100342,CUST-0781,2025-06-16,Alberta,Magasin,Beauté,Soin visage,3,141.76,0.0
ORD-107126,CUST-1376,2025-11-20,Ontario,Téléphone,Vêtements,Manteau ,3,70.38,0.05
ORD-102527,CUST-1098,2025-08-24,Québec,En ligne,Maison,Chaise,3,471.43,0.0
ORD-100727,CUST-0217,2024-01-01,Québec,Téléphone,Sports,Sac sport,1,87.89,0.15
ORD-104577,CUST-1316,2024-12-05,Québec,En ligne,Beauté,Maquillage,1,138.42,0.0
ORD-100976,CUST-0859,2025-10-01,Ontario,Magasin,Électronique,Tablette,1,679.31,0.0
ORD-106195,CUST-0280,2025-04-21,Alberta,En ligne,Maison,Chaise,1,376.87,0.0
ORD-103516,CUST-1243,2025-08-06,Manitoba,Magasin,Beauté,Shampoing,1,201.37,0.1
ORD-105283,CUST-0824,2024-03-03,Colombie-Britannique,Téléphone,Maison,Mixeur,3,336.48,0.1
ORD-107751,CUST-0880,2025-07-03,Alberta,Téléphone,Beauté,Soin visage,3,190.22,0.1
ORD-103940,CUST-1343,2024-01-14,Ontario,En ligne,Sports,Vélo,2,263.36,0.1
ORD-101299,CUST-1045,2024-03-13,Ontario,Téléphone,Maison,Chaise,1,328.0,0.1
ORD-107418,CUST-0953,2024-05-03,Alberta,Magasin,Sports,Sac sport,1,194.45,0.0
ORD-100660,CUST-0073,2024-01-14,Québec,Magasin,Maison,Aspirateur,1,459.91,0.0
ORD-101492,CUST-1055,2025-06-01,Alberta,Téléphone,Sports,Sac sport,1,614.37,0.1
ORD-106115,CUST-0796,2025-01-02,Ontario,En ligne,Maison,Lampe,1,377.35,0.05
ORD-105627,CUST-0878,2024-10-12,Colombie-Britannique,Téléphone,Électronique,Tablette,1,188.77,0.05
ORD-107864,CUST-1424,2025-09-15,Colombie-Britannique,Magasin,Électronique,Souris,1,47.15,0.15
ORD-102315,CUST-0298,2025-07-10,Alberta,Téléphone,Maison,Chaise,2,49.79,0.0
ORD-107500,CUST-0317,2025-12-17,Colombie-Britannique,Magasin,Électronique,Souris,1,60.68,0.0
ORD-107440,CUST-0696,2025-02-12,Québec,Téléphone,Beauté,Crème,4,74.08,0.05
ORD-101085,CUST-0086,2025-04-20,Colombie-Britannique,En ligne,Beauté,Maquillage,1,90.72,0.0
ORD-107622,CUST-0851,2025-11-22,Manitoba,Téléphone,Sports,Sac sport,4,531.27,0.1
ORD-103198,CUST-0944,2024-07-27,Ontario,Téléphone,Beauté,Crème,1,100.04,0.1
ORD-105471,CUST-1462,2025-04-02,Ontario,Magasin,Sports,Tapis yoga,2,542.8,0.2
ORD-105485,CUST-0781,2024-11-15,Manitoba,En ligne,Vêtements,Jean,1,207.4,0.05
ORD-100067,CUST-0925,2025-07-11,Alberta,Magasin,Électronique,Casque audio,1,738.93,0.1
ORD-106421,CUST-0425,2025-07-30,Ontario,Magasin,Sports,Raquette,4,565.62,0.0
ORD-102269,CUST-1260,2024-10-17,Alberta,Magasin,Maison,Mixeur,2,486.67,0.2
ORD-105709,CUST-0603,2025-03-22,Colombie-Britannique,Magasin,Sports,Ballon,1,350.45,0.0
ORD-105137,CUST-0374,2024-01-24,Ontario,En ligne,Beauté,Maquillage,3,144.76,0.0
ORD-106367,CUST-0092,2024-01-08,Alberta,Téléphone,Vêtements,Veste,3,33.04,0.1
ORD-103447,CUST-0580,2025-11-29,Colombie-Britannique,En ligne,Sports,Ballon,1,474.39,0.05
ORD-102367,CUST-1053,2025-05-08,Colombie-Britannique,En ligne,Électronique,Tablette,1,141.59,0.0
ORD-104810,CUST-1381,2024-06-05,Québec,Magasin,Beauté,Shampoing,2,99.79,0.0
ORD-105398,CUST-0028,2025-06-21,Colombie-Britannique,Téléphone,Beauté,Shampoing,1,83.1,0.2
ORD-102512,CUST-1383,2024-10-03,Alberta,Magasin,Sports,Vélo,3,566.11,0.15
ORD-102723,CUST-0877,2025-12-08,Alberta,Magasin,Beauté,Crème,3,37.44,0.1
ORD-106877,CUST-0134,2024-10-19,Ontario,Téléphone,Beauté,Maquillage,1,248.96,0.0
ORD-105982,CUST-1385,2025-06-11,Québec,En ligne,Électronique,Clavier,1,824.44,0.05
ORD-101143,CUST-0068,2024-12-09,Manitoba,Magasin,Électronique,Tablette,4,195.74,0.2
ORD-107668,CUST-0901,2024-03-08,Alberta,Magasin,Sports,Ballon,1,337.34,0.0
ORD-105609,CUST-1343,2025-10-18,Manitoba,En ligne,Sports,Sac sport,1,517.34,0.0
ORD-106926,CUST-0351,2024-11-17,Alberta,En ligne,Électronique,Clavier,1,190.76,0.15
ORD-105013,CUST-0006,2024-09-23,Alberta,Téléphone,Électronique,Clavier,1,606.48,0.1
ORD-103789,CUST-1129,2025-01-15,Ontario,Magasin,Maison,Mixeur,1,141.78,0.05
ORD-102220,CUST-1230,2025-11-06,Alberta,Magasin,Sports,Tapis yoga,1,429.59,0.0
ORD-102331,CUST-0328,2024-08-12,Ontario,Magasin,Vêtements,Chaussures,1,33.66,0.15
ORD-107790,CUST-0460,2025-08-23,Ontario,Magasin,Maison,Lampe,1,453.18,0.05
ORD-105339,CUST-0374,2024-12-01,Alberta,En ligne,Sports,Tapis yoga,2,363.72,0.0
ORD-107094,CUST-0009,2024-12-11,Manitoba,Téléphone,Électronique,Tablette,2,660.69,0.05
ORD-104088,CUST-0731,2024-08-07,Colombie-Britannique,Magasin,Vêtements,Jean,3,185.83,0.05
ORD-101967,CUST-0464,2024-11-09,Ontario,Magasin,Maison,Mixeur,1,320.74,0.0
ORD-106321,CUST-0830,2024-07-16,Québec,Magasin,Maison,Lampe,1,21.74,0.05
ORD-107461,CUST-0867,2025-04-04,Québec,Magasin,Maison,Lampe,1,62.28,0.0
ORD-104365,CUST-0539,2024-03-25,Québec,En ligne,Vêtements,Manteau,2,181.19,0.0
ORD-100423,CUST-1212,2025-11-10,Colombie-Britannique,En ligne,Maison,Cafetière,2,322.52,0.0
ORD-106998,CUST-0202,2025-07-29,Manitoba,Magasin,Électronique,Tablette,1,602.13,0.1
ORD-101904,CUST-1332,2025-05-30,Alberta,En ligne,Beauté,Shampoing,2,28.55,0.0
ORD-107331,CUST-0198,2025-02-24,Ontario,Magasin,Vêtements,T-shirt,2,62.1,0.2
ORD-103917,CUST-0329,2024-12-08,Alberta,Magasin,Vêtements,Manteau,2,164.61,0.1
ORD-103618,CUST-0959,2025-11-15,Manitoba,Téléphone,Sports,Raquette,1,382.3,0.1
ORD-100839,CUST-1098,2024-07-09,Colombie-Britannique,Téléphone,Vêtements,Chaussures,2,269.18,0.0
ORD-104596,CUST-1429,2025-10-15,Colombie-Britannique,Téléphone,Sports,Tapis yoga,1,530.48,0.0
ORD-106595,CUST-0267,2024-09-30,Québec,En ligne,Électronique,Casque audio,4,493.72,0.05
ORD-100141,CUST-0577,2025-11-19,Alberta,Magasin,Électronique,Écran,1,325.96,0.05
ORD-106669,CUST-0842,2025-11-24,Québec,Téléphone,Maison,Cafetière,3,306.69,0.0
ORD-101377,CUST-0265,2025-04-12,Ontario,Magasin,Beauté,Maquillage,1,184.28,0.05
ORD-103674,CUST-0369,2024-11-28,Ontario,En ligne,Vêtements,Jean,3,213.59,0.15
ORD-106824,CUST-1235,2025-07-22,Ontario,Magasin,Beauté,Maquillage,1,132.99,0.05
ORD-107915,CUST-0072,2025-05-13,Colombie-Britannique,En ligne,Sports,Sac sport,3,514.37,0.15
ORD-104741,CUST-1063,2025-09-10,Colombie-Britannique,Magasin,Électronique,Tablette,2,225.67,0.1
ORD-103808,CUST-0808,2024-04-11,Alberta,En ligne,Maison,Aspirateur,1,446.92,0.05
ORD-101138,CUST-0697,2025-02-22,Québec,Magasin,Électronique,Clavier,1,852.41,0.0
ORD-102257,CUST-0155,2025-07-20,Manitoba,Téléphone,Maison,Aspirateur,1,324.0,0.1
ORD-101787,CUST-0880,2025-11-18,Québec,En ligne,Maison,Cafetière,1,250.22,0.15
ORD-103938,CUST-0548,2024-01-18,Manitoba,Magasin,Maison,Aspirateur,1,228.32,0.05
ORD-105239,CUST-0839,2025-09-10,Québec,En ligne,Sports,Raquette,1,106.4,0.0
ORD-107438,CUST-0487,2025-10-12,Colombie-Britannique,En ligne,Sports,Vélo,1,619.77,0.1
ORD-100459,CUST-0508,2024-10-30,Manitoba,Téléphone,Électronique,Clavier,1,346.77,0.1
ORD-107386,CUST-0436,2025-01-17,Québec,En ligne,Beauté,Parfum,1,245.67,0.0
ORD-100948,CUST-0014,2024-09-13,Ontario,En ligne,Sports,Ballon,2,97.03,0.1
ORD-103700,CUST-0820,2025-05-02,Alberta,Téléphone,Sports,Tapis yoga,1,268.86,0.0
ORD-101336,CUST-0444,2025-04-15,Ontario,En ligne,Vêtements,Chaussures,2,294.75,0.15
ORD-104628,CUST-0240,2025-03-02,Québec,Magasin,Vêtements,Jean,1,189.09,0.1
ORD-107931,CUST-0043,2025-09-10,Manitoba,Magasin,Électronique,,4,555.06,0.0
ORD-101602,CUST-0052,2024-04-12,Québec,Téléphone,Maison,Mixeur,1,135.01,0.15
ORD-102238,CUST-0735,2024-04-02,Manitoba,En ligne,Sports,Sac sport,1,440.14,0.1
ORD-100639,CUST-1320,2025-08-04,Ontario,Magasin,Maison,Aspirateur,2,494.64,0.05
ORD-107795,CUST-1314,2024-09-12,Alberta,Magasin,Électronique,Écran,3,508.31,0.1
ORD-103830,CUST-0269,2025-04-14,Colombie-Britannique,Téléphone,Beauté,Soin visage,1,145.77,0.05
ORD-105288,CUST-0962,2024-01-29,Alberta,En ligne,Beauté,Maquillage,1,18.42,0.15
ORD-105589,CUST-0595,2025-04-02,Alberta,En ligne,Beauté,Maquillage,1,237.42,0.05
ORD-107224,CUST-0263,2024-01-24,Colombie-Britannique,Téléphone,Sports,Vélo,1,316.07,0.05
ORD-101070,CUST-0494,2024-11-06,Alberta,Magasin,Électronique,Casque audio,1,156.85,0.1
ORD-100155,CUST-0448,2024-12-30,Alberta,En ligne,Sports,Ballon,2,94.35,0.05
ORD-102295,CUST-0614,2024-01-22,Alberta,Téléphone,Vêtements,Veste,3,81.74,0.05
ORD-105155,CUST-0490,2024-10-06,Québec,Magasin,Vêtements,T-shirt,1,66.57,0.15
ORD-104578,CUST-0323,2025-04-21,Ontario,Magasin,Beauté,Maquillage,2,197.11,0.05
ORD-101089,CUST-1092,2024-03-17,Colombie-Britannique,En ligne,Vêtements,Veste,4,222.96,0.0
ORD-102940,CUST-0501,2024-11-18,Colombie-Britannique,Téléphone,Sports,Tapis yoga,2,622.59,0.0
ORD-106828,CUST-1361,2024-12-15,Colombie-Britannique,Magasin,Vêtements,Manteau,1,246.23,0.1
ORD-104384,CUST-1085,2024-02-23,Alberta,Magasin,Maison,Chaise,2,456.05,0.0
ORD-100930,CUST-0205,2025-01-15, québec ,Magasin,Vêtements,Veste,1,176.28,0.1
ORD-102909,CUST-0901,2025-04-17,Ontario,Téléphone,Maison,Cafetière,1,248.8,0.2
ORD-105396,CUST-0871,2024-05-19,Ontario,En ligne,Électronique,Casque audio,1,752.48,0.0
ORD-107410,CUST-1108,2024-02-13,Colombie-Britannique,Magasin,Beauté,Parfum,4,131.43,0.1
ORD-103247,CUST-1371,2025-01-18,Québec,En ligne,Vêtements,Veste,2,205.74,0.15
ORD-107625,CUST-0011,2025-03-29,Alberta,Téléphone,Beauté,Soin visage,1,196.03,0.1
ORD-106005,CUST-0864,2025-06-02,Manitoba,En ligne,Électronique,Casque audio,2,496.85,0.0
ORD-105927,CUST-1182,2025-10-12,Québec,Téléphone,Électronique,Écran,2,429.95,0.0
ORD-107711,CUST-1138,2025-05-06,Manitoba,Magasin,Vêtements,Jean,1,93.62,0.1
ORD-103805,CUST-1026,2024-06-09,Colombie-Britannique,Magasin,Électronique,Écran,3,131.5,0.2
ORD-107529,CUST-0686,2024-10-16,Colombie-Britannique,Téléphone,Maison,Cafetière,1,24.39,0.05
ORD-101698,CUST-0778,2024-11-03,Ontario,Téléphone,Vêtements,Jean,1,224.76,0.0
ORD-106862,CUST-0984,2024-10-17,Alberta,Magasin,Vêtements,Manteau,1,230.15,0.05
ORD-103078,CUST-0431,2025-11-20,Colombie-Britannique,En ligne,Beauté,Soin visage,3,37.21,0.0
ORD-105465,CUST-0293,2024-08-04,Québec,En ligne,Beauté,Crème,2,35.0,0.0
ORD-103831,CUST-0268,2025-05-01,Alberta,En ligne,Sports,Sac sport,1,124.56,0.15
ORD-107362,CUST-1460,2025-03-25,Alberta,En ligne,Beauté,Maquillage,1,224.41,0.15
ORD-107351,CUST-0326,2025-08-10,Manitoba,Magasin,Électronique,Écran ,2,66.6,0.05
ORD-100985,CUST-0012,2025-02-18,Québec,Téléphone,Sports,Vélo,3,468.19,0.0
ORD-101821,CUST-0826,2024-09-28,Alberta,Téléphone,Électronique,Écran,1,253.88,0.15
ORD-107104,CUST-0765,2025-12-11,Québec,En ligne,Beauté,Maquillage,1,226.59,0.05
ORD-100587,CUST-0904,2025-06-03,Ontario,Téléphone,Sports,Sac sport,1,365.52,0.05
ORD-107704,CUST-0422,2025-06-12,Colombie-Britannique,Magasin,Électronique,Souris,1,438.5,0.1
ORD-105613,CUST-0936,2025-09-05,Alberta,Magasin,Sports,Sac sport,1,325.52,0.05
ORD-107356,CUST-0592,2024-04-24,Québec,Magasin,Sports,Sac sport,4,430.48,0.0
ORD-103854,CUST-1028,2024-03-23,Québec,Magasin,Beauté,Soin visage,1,244.87,0.0
ORD-106306,CUST-0531,2024-11-07,Ontario,Magasin,Vêtements,Veste,2,293.3,0.0
ORD-106412,CUST-1372,2024-02-19,Manitoba,Téléphone,Beauté,Crème,1,249.6,0.1
ORD-103557,CUST-0436,2024-04-23,Colombie-Britannique,Téléphone,Vêtements,Veste,1,261.57,0.0
ORD-101395,CUST-1024,2025-06-05,Québec,Téléphone,Maison,Chaise,1,401.82,0.0
ORD-100264,CUST-0792,2024-11-08,Colombie-Britannique,En ligne,Maison,Mixeur,1,453.88,0.15
ORD-103547,CUST-1282,2025-07-11,Ontario,En ligne,Beauté,Maquillage,2,43.98,0.1
ORD-105060,CUST-0249,2024-12-16,Manitoba,En ligne,Beauté,Shampoing,1,137.52,0.0
ORD-107374,CUST-0562,2024-06-25,Alberta,Magasin,Sports,Ballon,4,524.5,0.1
ORD-105711,CUST-1356,2024-02-13,,Magasin,Beauté,Crème,1,75.45,0.0
ORD-103864,CUST-0098,2025-05-01,Manitoba,Magasin,Maison,Aspirateur,3,492.7,0.15
ORD-106703,CUST-0919,2025-04-25,Colombie-Britannique,En ligne,Vêtements,Veste,3,125.33,0.1
ORD-102400,CUST-1234,2025-04-28,Manitoba,Magasin,Sports,Ballon,3,693.9,0.0
ORD-105845,CUST-0472,2025-10-09,Colombie-Britannique,En ligne,Vêtements,Manteau,1,252.68,0.0
ORD-103711,CUST-1053,2025-06-27,Ontario,Magasin,Sports,Tapis yoga,3,126.64,0.1
ORD-100246,CUST-0122,2025-06-27,Québec,Magasin,Vêtements,Manteau,2,156.37,0.0
ORD-101594,CUST-0507,2025-06-04,Québec,Magasin,Électronique,Écran,3,459.38,0.0
ORD-106781,CUST-0023,2024-03-16,Québec,Téléphone,Maison,Aspirateur,1,388.42,0.0
ORD-105464,CUST-0708,2024-05-05,Alberta,Magasin,Électronique,Souris,1,287.88,0.0
ORD-100923,CUST-0973,2024-03-25,Ontario,Téléphone,Maison,Aspirateur,2,479.83,0.05
ORD-105006,CUST-1121,2024-06-13,Ontario,Téléphone,Sports,Tapis yoga,2,375.55,0.0
ORD-107504,CUST-1112,2024-02-22,Ontario,Téléphone,Électronique,Tablette,2,131.18,0.05
ORD-100669,CUST-0304,2025-01-14,Ontario,Téléphone,Maison,Lampe,1,180.16,0.05
ORD-103604,CUST-0200,2024-06-26,Alberta,Magasin,Vêtements,T-shirt,1,86.17,0.0
ORD-101910,CUST-0113,2025-02-28,Alberta,Magasin,Sports,Vélo,3,425.13,0.1
ORD-105638,CUST-0208,2024-12-13,Manitoba,Téléphone,Sports,Tapis yoga,1,68.51,0.2
ORD-103958,CUST-0736,2024-05-10,Alberta,En ligne,Vêtements,T-shirt,1,164.31,0.05
ORD-102696,CUST-0853,2024-08-06,Ontario,En ligne,Sports,Vélo,1,145.31,0.05
ORD-102591,CUST-1010,2024-05-11,Ontario,Téléphone,Beauté,Crème,1,214.51,0.1
ORD-101781,CUST-1374,2025-12-28,Québec,Téléphone,Sports,Vélo,1,520.98,0.2
ORD-103013,CUST-0158,2024-06-03,Colombie-Britannique,Téléphone,Beauté,Shampoing,3,125.12,0.15
ORD-102307,CUST-0094,2025-12-23,Manitoba,Téléphone,Beauté,Shampoing,1,106.07,
ORD-104840,CUST-0579,2024-11-08,Québec,Téléphone,Sports,Tapis yoga,1,604.03,0.2
ORD-103690,CUST-1178,2024-03-08,Colombie-Britannique,Magasin,Électronique,,2,743.41,0.1
ORD-100687,CUST-0792,2025-06-29,Manitoba,Magasin,Sports,Tapis yoga,3,208.11,0.0
ORD-100612,CUST-1213,2024-04-04,Québec,Téléphone,Maison,Aspirateur,3,29.09,0.1
ORD-103200,CUST-0334,2025-04-27,Alberta,Magasin,Beauté,Parfum,1,24.73,0.0
ORD-102267,CUST-0918,2025-08-02,Ontario,Téléphone,Maison,Cafetière,1,319.83,0.0
ORD-107743,CUST-0190,2024-01-12,Alberta,Magasin,Beauté,Shampoing,1,159.53,0.1
ORD-106143,CUST-1115,2025-11-28,Ontario,Téléphone,Vêtements,Veste,2,218.01,0.1
ORD-101898,CUST-0336,2025-08-28,Colombie-Britannique,Téléphone,Électronique,Casque audio,2,644.67,0.0
ORD-107881,CUST-1236,2025-06-08,Manitoba,Téléphone,Sports,Sac sport,1,243.19,0.15
ORD-100258,CUST-0740,2024-12-15,Québec,Téléphone,Maison,Chaise,3,268.29,0.05
ORD-102924,CUST-1304,2024-02-13,Ontario,En ligne,Sports,Sac sport,1,138.87,0.0
ORD-102822,CUST-1461,2025-10-28,Manitoba,En ligne,Électronique,Souris,1,899.08,0.05
ORD-103339,CUST-1303,2025-08-26,Ontario,Magasin,Sports,Ballon,1,480.43,0.0
ORD-103525,CUST-0197,2025-05-06,Ontario,Téléphone,Sports,Sac sport,4,131.62,0.0
ORD-104563,CUST-0317,2024-05-17,Ontario,En ligne,Beauté,Soin visage,4,45.69,0.1
ORD-102285,CUST-0989,2025-02-22,Colombie-Britannique,Magasin,Électronique,Clavier,2,239.71,0.0
ORD-106823,CUST-0335,2024-12-07,Alberta,En ligne,Électronique,Écran,1,886.91,0.05
ORD-100484,CUST-0247,2024-03-12,Québec,En ligne,Beauté,Crème,4,154.92,0.05
ORD-102211,CUST-1408,2024-08-14,Québec,En ligne,Vêtements,T-shirt,2,76.09,0.05
ORD-105014,CUST-0616,2024-03-05,Québec,Magasin,Beauté,Soin visage,2,23.54,0.05
ORD-102555,CUST-1340,2025-05-14,Alberta,EN LIGNE,Vêtements,Chaussures,4,60.92,0.05
ORD-100007,CUST-0764,2024-07-06,Colombie-Britannique,Magasin,Beauté,Soin visage,1,208.9,0.05
ORD-103657,CUST-0909,2024-05-21,Québec,Magasin,Beauté,Maquillage,2,20.75,0.15
ORD-106844,CUST-1422,2024-05-04,Québec,Magasin,Beauté,Parfum,1,165.59,0.1
ORD-104402,CUST-0874,2024-09-14,Ontario,Téléphone,Beauté,Soin visage,1,33.57,0.05
ORD-102426,CUST-0056,2025-04-16,Colombie-Britannique,En ligne,Vêtements,Manteau,1,30.1,0.05
ORD-101814,CUST-0614,2024-06-24,Ontario,Magasin,Maison,Mixeur,1,217.45,0.0
ORD-102274,CUST-1265,2024-06-04,Colombie-Britannique,En ligne,Électronique,Tablette,1,442.67,0.05
ORD-101011,CUST-0012,2025-10-04,Colombie-Britannique,Téléphone,Beauté,Crème,2,206.94,0.0
ORD-105472,CUST-0822,2025-06-13,Québec,Magasin,Vêtements,Veste,5,290.8,0.0
ORD-101067,CUST-0623,2025-11-10,Québec,En ligne,Sports,Ballon,1,599.54,0.15
ORD-101991,CUST-0517,2025-10-18,Manitoba,En ligne,Sports,Tapis yoga,1,626.48,0.05
ORD-103970,CUST-0410,2024-02-23,Manitoba,En ligne,Sports,Vélo,2,17.97,0.0
ORD-105751,CUST-0658,2024-01-14,Ontario,En ligne,Sports,Sac sport,3,115.25,0.15
ORD-106519,CUST-0877,2025-10-03,Alberta,En ligne,Électronique,Tablette,2,196.15,0.0
ORD-103867,CUST-0165,2025-04-30,Manitoba,En ligne,Sports,Tapis yoga,1,428.56,0.1
ORD-107209,CUST-0223,2025-07-20,Colombie-Britannique,En ligne,Sports,Sac sport,1,576.72,0.05
ORD-103048,CUST-0271,2025-06-24,Colombie-Britannique,En ligne,Beauté,Parfum,1,215.49,0.15
ORD-100781,,2025-05-29,Colombie-Britannique,Magasin,Sports,Tapis yoga,1,75.55,0.0
ORD-107837,CUST-0055,2025-10-04,Alberta,Magasin,Maison,Cafetière,1,162.38,0.1
ORD-101749,CUST-0556,2024-03-22,Ontario,En ligne,Maison,Aspirateur,4,344.17,0.05
ORD-102791,CUST-1078,2025-03-22,Québec,Téléphone,Sports,Raquette,1,230.48,0.1
ORD-101091,CUST-0834,2024-09-01,Ontario,En ligne,Vêtements,Chaussures,2,71.58,0.05
ORD-105587,CUST-0045,2024-10-17,Ontario,Téléphone,Sports,Tapis yoga,1,275.43,0.0
ORD-106826,CUST-0509,2025-07-17,Manitoba,En ligne,Sports,Tapis yoga,2,45.47,0.1
ORD-106875,CUST-0524,2025-12-04,Québec,En ligne,Sports,Sac sport,1,459.16,0.1
ORD-106553,CUST-0257,2025-05-20,Ontario,Téléphone,Maison,Aspirateur,3,309.92,0.1
ORD-102608,CUST-0720,2024-11-14,Ontario,Magasin,Maison,Chaise,5,105.81,0.05
ORD-106622,CUST-0287,2024-02-22,Manitoba,Magasin,Vêtements,Veste,2,175.7,0.0
ORD-102290,CUST-1194,2024-07-28,Alberta,Magasin,Sports,Vélo,1,77.05,0.05
ORD-101727,CUST-0027,2024-03-13,Québec,Magasin,Beauté,Parfum,2,208.87,0.05
ORD-100610,CUST-0479,2024-01-15,Colombie-Britannique,Téléphone,Électronique,Souris,2,47.64,0.05
ORD-104666,CUST-1282,2025-05-06,Colombie-Britannique,Magasin,Beauté,Soin visage,3,29.38,0.05
ORD-100343,CUST-0544,2025-03-21,Ontario,En ligne,Sports,Ballon,3,143.67,0.1
ORD-105654,CUST-0867,2025-10-03,Colombie-Britannique,Magasin,Électronique,Tablette,1,869.12,0.05
ORD-106301,CUST-0490,2024-06-30,Québec,En ligne,Beauté,Soin visage,1,211.98,0.15
ORD-103750,CUST-1356,2025-05-13,Québec,En ligne,Beauté,Soin visage,1,201.72,0.05
ORD-106841,CUST-0214,2025-09-11,Alberta,Magasin,Électronique,Souris,1,492.8,0.0
ORD-107052,CUST-1223,2025-01-17,Colombie-Britannique,En ligne,Beauté,Shampoing,2,81.6,0.0
ORD-103215,CUST-0033,2025-01-22,Québec,En ligne,Beauté,Parfum,1,53.98,0.1
ORD-100097,CUST-1066,2024-03-29,Ontario,Téléphone,Beauté,Parfum,2,135.54,0.05
ORD-106540,CUST-1361,2024-10-21,Colombie-Britannique,Téléphone,Électronique,Casque audio,1,893.39,0.05
ORD-101537,CUST-1176,2024-12-30,Québec,Téléphone,Sports,Raquette,1,319.08,0.05
ORD-103588,CUST-0709,2024-09-02,Colombie-Britannique,En ligne,Vêtements,Jean,1,160.68,0.15
ORD-103648,CUST-0791,2024-05-24,Manitoba,En ligne,Électronique,Clavier,3,305.22,0.0
ORD-106429,CUST-1020,2025-02-07,Ontario,Magasin,Sports,Sac sport,2,676.18,
ORD-105007,CUST-0037,2025-06-16,Ontario,En ligne,Vêtements,Manteau,2,137.51,0.1
ORD-101517,CUST-1161,2025-10-08,Québec,En ligne,Maison,Chaise,3,40.32,0.0
ORD-107111,CUST-0857,2025-04-06,Ontario,En ligne,Électronique,Casque audio,2,704.92,0.0
ORD-104624,CUST-0041,2024-06-15,Manitoba,En ligne,Maison,Lampe,2,110.96,0.0
ORD-104272,CUST-1361,2024-06-06,Manitoba,Magasin,Sports,Vélo,2,605.97,0.1
ORD-103669,CUST-0667,2024-11-19,Québec,En ligne,Maison,Chaise,3,63.52,0.0
ORD-102090,CUST-0882,2025-03-31,Ontario,Téléphone,Sports,Tapis yoga,1,72.91,0.0
ORD-100572,CUST-0576,2024-09-02,Colombie-Britannique,En ligne,Beauté,Shampoing,1,102.95,0.1
ORD-107346,CUST-0057,2024-06-21,Ontario,Magasin,Vêtements,Jean,1,52.4,0.15
ORD-106123,CUST-0065,2025-08-14,Colombie-Britannique,Magasin,Sports,Sac sport,2,143.1,0.0
ORD-106705,CUST-0957,2025-07-10,Québec,Téléphone,Maison,Lampe,5,494.46,0.05
ORD-103062,CUST-0857,2024-09-30,Ontario,En ligne,Maison,Lampe,2,367.9,0.2
ORD-106641,CUST-1072,2025-10-24,Ontario,Téléphone,Beauté,Maquillage,1,35.17,0.05
ORD-107594,CUST-1477,2025-11-23,Ontario,En ligne,Sports,Sac sport,1,312.95,0.0
ORD-105255,CUST-0566,2025-09-11,Alberta,Magasin,Vêtements,Chaussures,1,251.35,0.0
ORD-105661,CUST-1194,2025-02-07,Ontario,En ligne,Sports,Ballon,2,227.89,0.05
ORD-105410,CUST-1370,2024-12-14,Alberta,En ligne,Sports,Tapis yoga,1,662.87,0.05
ORD-104479,CUST-1126,2024-02-11,Colombie-Britannique,Téléphone,Vêtements,Jean,1,108.86,0.0
ORD-100370,CUST-0520,2025-03-03,Manitoba,Téléphone,Maison,Chaise,2,289.22,0.15
ORD-101938,CUST-0484,2025-03-22,Ontario,Magasin,Sports,Tapis yoga,1,565.58,0.15
ORD-105722,CUST-0886,2024-10-17,Colombie-Britannique,Téléphone,Électronique,Casque audio,2,392.05,0.0
ORD-106972,CUST-1332,2025-07-12,Ontario,Magasin,Sports,Vélo,2,160.38,0.0
ORD-103670,CUST-0458,2024-07-26,Ontario,En ligne,Maison,Cafetière,1,426.42,0.1
ORD-103652,CUST-0778,2024-04-20,Colombie-Britannique,Magasin,Vêtements,Chaussures,1,249.24,0.2
ORD-102361,CUST-1365,2025-12-11,,En ligne,Sports,Sac sport,2,253.09,0.2
ORD-104260,CUST-0013,2025-11-01,Manitoba,Magasin,Maison,Aspirateur,2,20.49,0.05
ORD-105041,CUST-0164,2024-04-13,Ontario,Téléphone,Sports,Tapis yoga,1,372.68,0.1
ORD-107806,CUST-1195,2024-10-20,Manitoba,En ligne,Électronique,Souris,4,752.48,0.2
ORD-103737,CUST-0566,2025-04-07,Québec,Magasin,Sports,Ballon,3,295.34,0.2
ORD-104985,CUST-0127,2025-03-31, québec ,Téléphone,Beauté,Parfum,1,36.88,0.2
ORD-105577,CUST-0899,2024-04-10,Manitoba,Magasin,Électronique,Écran,3,476.12,0.0
ORD-105612,CUST-1304,2024-10-11,Manitoba,Magasin,Vêtements,Veste,1,122.08,0.05
ORD-101171,CUST-0233,2025-08-20,Québec,Magasin,Sports,Sac sport,4,299.74,0.05
ORD-105265,CUST-0244,2024-02-26,Colombie-Britannique,Téléphone,Vêtements,Chaussures,1,40.64,0.0
ORD-101422,CUST-1069,2024-10-19,Ontario,Magasin,Électronique,Souris,5,443.52,0.05
ORD-107249,CUST-0533,2024-03-20,Colombie-Britannique,Magasin,Maison,Lampe,1,155.01,0.0
ORD-107112,CUST-0850,2024-09-14,Colombie-Britannique,En ligne,Sports,Tapis yoga,2,145.51,0.0
ORD-106921,CUST-0955,2025-09-01,Ontario,Magasin,Électronique,Souris,3,606.06,0.0
ORD-100874,CUST-1314,2025-03-30,Alberta,Téléphone,Sports,Tapis yoga,4,156.55,0.15
ORD-102297,CUST-1438,2025-10-26,Ontario,Téléphone,Électronique,Écran,1,69.23,0.2
ORD-102643,CUST-1218,2025-11-23,Québec,Magasin,Électronique,Souris,1,353.82,0.0
ORD-106999,CUST-1298,2024-08-18,Québec,En ligne,Électronique,Souris,1,303.95,0.0
ORD-100840,CUST-1418,2024-12-04,Alberta,Magasin,Sports,Sac sport,2,587.86,0.0
ORD-100581,CUST-0271,2025-11-22,Manitoba,En ligne,Beauté,Maquillage,3,77.28,0.0
ORD-100204,CUST-1375,2024-04-17,Ontario,Téléphone,Électronique,Tablette,1,140.43,0.0
ORD-101641,CUST-0968,2024-10-18,Ontario,Téléphone,Vêtements,Chaussures,3,271.0,0.0
ORD-102014,CUST-0734,2025-12-08,Ontario,Téléphone,Maison,Aspirateur,1,442.97,0.0
ORD-103253,CUST-1073,2024-06-09,Colombie-Britannique,En ligne,Beauté,Soin visage,1,137.26,0.0
ORD-104997,CUST-1279,2025-06-12,Québec,Magasin,Vêtements,Jean,2,270.32,0.05
ORD-100905,CUST-0833,2024-02-11,Manitoba,Magasin,Sports,Ballon,2,605.36,0.05
ORD-100631,CUST-0306,2025-09-25,Québec,Téléphone,Électronique,Tablette,2,390.26,0.1
ORD-105737,CUST-0523,2024-12-05,Ontario,Magasin,Vêtements,Veste,1,277.65,0.1
ORD-105677,CUST-0830,2025-05-16,Québec,En ligne,Sports,Vélo,1,306.0,0.0
ORD-101974,CUST-1269,2024-06-08,Manitoba,Magasin,Vêtements,T-shirt,2,280.26,0.15
ORD-100162,CUST-0303,2024-03-24,Alberta,Magasin,Sports,Ballon,5,36.44,0.1
ORD-105517,CUST-1344,2025-04-23,Ontario,Magasin,Vêtements,Chaussures,3,73.82,0.05
ORD-107257,CUST-1332,2025-02-21,Colombie-Britannique,En ligne,Vêtements,Manteau,1,201.87,0.1
ORD-107856,CUST-1324,2025-07-22,Alberta,En ligne,Sports,Sac sport,4,312.55,0.05
ORD-104713,CUST-0069,2025-02-18,Alberta,En ligne,Maison,Aspirateur,2,273.83,0.05
ORD-100875,CUST-0196,2024-01-29,Ontario,Magasin,Beauté,Soin visage,3,60.26,0.05
ORD-101431,CUST-0234,2024-01-24,Ontario,Magasin,Électronique,Souris,1,843.39,0.05
ORD-104643,CUST-0769,2024-07-11,Alberta,Magasin,Vêtements,Chaussures,4,159.63,0.05
ORD-106800,CUST-0755,2024-08-11,Alberta,Téléphone,Beauté,Crème,5,230.12,0.1
ORD-106244,CUST-0144,2024-06-14,Alberta,Téléphone,Sports,Ballon,1,329.71,0.0
ORD-105144,CUST-0310,2025-04-18,Colombie-Britannique,En ligne,Électronique,Écran,1,470.42,0.0
ORD-102856,CUST-0426,2025-06-20,Québec,Magasin,Maison,Mixeur,1,283.01,0.1
ORD-101861,CUST-0773,2025-05-20,Ontario,Téléphone,Beauté,Crème,4,183.71,0.1
ORD-102659,CUST-1296,2024-03-06,Colombie-Britannique,Téléphone,Maison,Chaise,1,228.32,0.0
ORD-103384,CUST-0035,2024-04-28,Alberta,Magasin,Vêtements,T-shirt,3,20.57,0.0
ORD-107415,CUST-1252,2024-04-03,Manitoba,Magasin,Maison,Aspirateur,2,413.9,0.05
ORD-107737,CUST-0815,2025-09-04,Ontario,Magasin,Vêtements,Veste,4,48.76,0.0
ORD-107196,CUST-1333,2025-01-13,Ontario,Téléphone,Vêtements,T-shirt,3,133.74,0.0
ORD-104733,CUST-0884,2024-10-11,Manitoba,En ligne,Sports,Ballon,2,20.14,0.0
ORD-103331,CUST-1129,2024-03-29,Québec,En ligne,Maison,Aspirateur,1,448.44,0.1
ORD-106605,CUST-0365,2025-10-14,Québec,Magasin,Électronique,Écran,1,225.96,0.0
ORD-106081,CUST-0612,2024-04-28,Manitoba,En ligne,Sports,Ballon,2,262.77,0.0
ORD-105639,CUST-0905,2024-02-29,Ontario,Téléphone,Maison,Aspirateur,1,20.82,0.15
ORD-102096,CUST-1234,2024-07-29,Manitoba,Magasin,Vêtements,Jean,1,169.08,0.05
ORD-102003,CUST-0164,2025-08-28,Québec,Téléphone,Électronique,Souris,5,77.55,0.05
ORD-107841,CUST-1479,2024-06-05,Québec,Téléphone,Maison,,5,476.08,0.0
ORD-100546,CUST-0795,2024-06-30,Ontario,Magasin,Maison,Cafetière,5,84.84,0.0
ORD-101449,CUST-0918,2024-06-05,Québec,Magasin,Maison,Aspirateur,1,24.23,0.1
ORD-105606,CUST-0575,2025-01-31,Manitoba,Magasin,Électronique,Souris,4,281.24,0.1
ORD-102610,CUST-1146,2024-03-05,Ontario,En ligne,Sports,Sac sport,2,270.1,0.0
ORD-101900,CUST-1203,2024-02-27,Québec,Téléphone,Beauté,Crème,2,232.37,0.0
ORD-106366,CUST-0289,2025-09-23,Québec,Magasin,Électronique,Casque audio,3,415.96,0.1
ORD-102757,CUST-1448,2024-11-19,Alberta,Téléphone,Électronique,Souris,2,371.84,0.0
ORD-101885,CUST-1121,2025-10-26,Ontario,Magasin,Électronique,Souris,3,172.68,0.0
ORD-107804,CUST-0088,2024-12-10,Alberta,Magasin,Vêtements,Manteau,4,100.81,0.05
ORD-102097,CUST-0850,2024-08-25,Alberta,Magasin,Sports,Ballon,1,545.32,0.0
ORD-107028,CUST-0772,2025-01-30,Québec,Téléphone,Sports,Vélo,3,107.77,0.15
ORD-107256,CUST-0221,2024-02-18,Ontario,En ligne,Vêtements,Jean,1,224.87,0.0
ORD-100836,CUST-0668,2024-07-15,Alberta,Téléphone,Vêtements,Jean,3,126.22,0.05
ORD-103471,CUST-1322,2024-11-28,Colombie-Britannique,Magasin,Sports,Ballon,1,428.15,0.05
ORD-104697,CUST-0228,2025-05-31,Québec,Téléphone,Maison,Lampe,1,241.0,0.2
ORD-106426,CUST-0710,2024-11-21,Québec,Magasin,Électronique,Clavier,1,671.93,0.0
ORD-102171,CUST-0970,2024-12-08,Colombie-Britannique,En ligne,Beauté,Maquillage,1,129.46,0.05
ORD-107045,CUST-1355,2025-06-10,Québec,Magasin,Maison,Cafetière,2,242.24,0.2
ORD-106874,CUST-0737,2024-05-25,Alberta,En ligne,Électronique,Tablette,1,306.41,0.1
ORD-100398,CUST-1294,2025-11-04,Manitoba,Téléphone,Sports,Vélo,3,22.82,0.1
ORD-102010,CUST-0924,2024-10-04,Manitoba,Magasin,Sports,Tapis yoga,1,482.83,0.0
ORD-107757,CUST-1232,2025-01-28,Colombie-Britannique,Magasin,Électronique,Écran,4,600.24,0.05
ORD-101283,CUST-1399,2024-03-26,Ontario,En ligne,Vêtements,Chaussures,1,27.57,0.05
ORD-105702,CUST-0574,2024-01-03,Colombie-Britannique,Magasin,Vêtements,Veste,4,253.86,0.0
ORD-105910,CUST-0039,2025-04-17,Manitoba,Téléphone,Maison,Lampe,4,472.55,0.0
ORD-104256,CUST-0982,2025-08-05,Manitoba,En ligne,Beauté,Soin visage,1,242.56,0.1
ORD-101836,CUST-0666,2024-05-09,Alberta,Magasin,Électronique,Écran,5,518.12,0.05
ORD-101019,CUST-0320,2025-12-02,Colombie-Britannique,Téléphone,Vêtements,Chaussures,2,216.41,0.0
ORD-101326,CUST-1024,2024-08-31,Ontario,En ligne,Maison,Chaise,1,212.15,0.05
ORD-105015,CUST-0314,2025-04-22,Colombie-Britannique,Téléphone,Maison,Cafetière,2,247.85,0.0
ORD-100475,CUST-1037,2024-02-05,Manitoba,En ligne,Beauté,Maquillage,3,97.74,0.05
ORD-102810,CUST-0839,2024-12-28,Québec,Magasin,Sports,Sac sport,4,88.38,0.05
ORD-107492,CUST-0081,2025-04-06,Alberta,Téléphone,Vêtements,Veste,3,102.23,0.1
ORD-101651,CUST-1487,2024-03-22,Québec,Téléphone,Beauté,Soin visage,1,55.16,0.0
ORD-107496,CUST-1482,2025-11-21,Colombie-Britannique,Téléphone,Électronique,Tablette,2,129.76,0.15
ORD-106901,CUST-0901,2025-11-24,Manitoba,Magasin,Vêtements,Veste,3,259.63,0.1
ORD-102528,CUST-1468,2024-08-18,Colombie-Britannique,Téléphone,Électronique,Casque audio,1,614.41,0.05
ORD-101206,CUST-0532,2024-10-15,Québec,En ligne,Électronique,Souris,2,272.86,0.0
ORD-106989,CUST-1493,2025-10-18,Colombie-Britannique,En ligne,Électronique,Casque audio,1,699.51,0.0
ORD-107157,CUST-1500,2024-07-08,Manitoba,Magasin,Sports,Sac sport,2,297.49,0.0
ORD-106217,CUST-0725,2025-12-15,Québec,En ligne,Maison,Mixeur,1,225.7,0.15
ORD-105461,CUST-0670,2025-10-20,Ontario,En ligne,Sports,Vélo,3,352.59,0.05
ORD-100867,CUST-0827,2025-01-28,Alberta,En ligne,Vêtements,Jean,5,211.97,0.15
ORD-102974,CUST-0477,2024-01-25,Alberta,Magasin,Maison,Chaise,1,376.25,0.0
ORD-100541,CUST-0478,2024-06-07,Alberta,Magasin,Maison,Lampe,1,494.44,0.2
ORD-101132,CUST-1220,2024-10-26,Alberta,Téléphone,Beauté,Soin visage,1,10.38,0.05
ORD-107823,CUST-0888,2025-04-01,Québec,Téléphone,Vêtements,T-shirt,1,122.7,0.1
ORD-106372,CUST-1384,2025-09-18,Québec,Magasin,Vêtements,Manteau,3,197.16,0.1
ORD-103390,CUST-0926,2024-08-03,Alberta,En ligne,Électronique,Clavier,2,625.49,0.0
ORD-105815,CUST-1115,2025-10-15,Colombie-Britannique,Magasin,Vêtements,Chaussures,1,125.71,0.0
ORD-102962,CUST-0274,2024-06-03,Alberta,Téléphone,Sports,Tapis yoga,4,363.56,0.0
ORD-104155,CUST-0872,2025-11-29,Manitoba,Magasin,Maison,Aspirateur,2,493.98,0.05
ORD-103259,CUST-0644,2025-06-14,Québec,Téléphone,Sports,Raquette,2,273.9,0.15
ORD-105250,CUST-1181,2025-06-13,Colombie-Britannique,Magasin,Vêtements,Manteau,3,175.95,0.1
ORD-107976,CUST-1372,2025-10-07,Alberta,Téléphone,Vêtements,Jean,2,49.27,0.0
ORD-102583,CUST-1415,2024-10-23,Colombie-Britannique,Téléphone,Électronique,Tablette,1,393.23,0.0
ORD-102813,CUST-0534,2024-04-14,Ontario,Magasin,Maison,,3,438.0,0.0
ORD-107015,CUST-0866,2025-08-06,Ontario,En ligne,Maison,Mixeur,1,369.4,0.0
ORD-107000,CUST-0534,2024-05-04,Manitoba,Magasin,Vêtements,T-shirt,3,27.53,0.05
ORD-106719,CUST-1033,2024-05-31,Colombie-Britannique,En ligne,Maison,Aspirateur,4,288.07,0.1
ORD-103586,CUST-1413,2024-07-16,Ontario,Téléphone,Maison,Chaise,4,102.99,0.05
ORD-107116,CUST-0402,2025-08-08,Alberta,En ligne,Électronique,Clavier,1,306.08,0.05
ORD-105434,CUST-1047,2024-12-29,Ontario,En ligne,Sports,Raquette,1,664.73,0.15
ORD-106870,CUST-0208,2024-12-09,Alberta,Téléphone,Beauté,Shampoing,3,167.73,0.05
ORD-102630,CUST-0010,2025-01-26,Colombie-Britannique,Magasin,Beauté,Maquillage,1,71.88,0.0
ORD-106832,CUST-0878,2025-03-30,Manitoba,Magasin,Vêtements,Jean,2,163.71,0.05
ORD-105156,CUST-0640,2024-06-03,Ontario,Téléphone,Maison,Aspirateur,1,464.32,0.05
ORD-105036,CUST-1318,2024-05-23,Québec,En ligne,Maison,Mixeur,1,485.43,0.1
ORD-101080,CUST-0416,2024-05-27,Ontario,Magasin,Maison,Aspirateur,2,118.97,0.0
ORD-104283,CUST-0115,2025-06-05,Manitoba,Téléphone,Sports,Raquette,5,227.8,0.05
ORD-102085,CUST-0166,2025-11-02,Manitoba,Téléphone,Maison,Mixeur,1,478.09,0.1
ORD-102452,CUST-0130,2024-04-24,Ontario,En ligne,Électronique,Clavier,5,292.73,0.2
ORD-104966,CUST-0115,2024-12-22,Ontario,Téléphone,Beauté,Soin visage,2,123.58,0.1
ORD-102023,CUST-1056,2024-05-12,Alberta,Téléphone,Sports,Tapis yoga,1,421.1,0.05
ORD-105341,CUST-0983,2024-09-29,Manitoba,En ligne,Électronique,Écran,2,879.62,0.0
ORD-106209,CUST-1036,2024-09-06,Ontario,Magasin,Beauté,Soin visage,2,130.65,0.1
ORD-100226,CUST-0128,2025-08-30,Colombie-Britannique,Magasin,Vêtements,T-shirt,1,37.79,0.1
ORD-101013,CUST-0815,2024-07-21,Québec,Magasin,Maison,Lampe,2,144.54,0.0
ORD-101929,CUST-0032,2025-05-07,Ontario,Téléphone,Beauté,Parfum,3,135.56,0.15
ORD-105706,CUST-0800,2025-02-21,Ontario,Téléphone,Beauté,Maquillage,2,183.28,0.0
ORD-101404,CUST-1170,2025-06-07,Alberta,Magasin,Sports,Vélo,2,662.35,0.0
ORD-102179,CUST-0525,2024-11-14,Ontario,En ligne,Maison,Aspirateur,1,372.63,0.15
ORD-100697,CUST-0768,2024-11-02,Ontario,Téléphone,Vêtements,Manteau,1,214.73,0.1
ORD-101124,CUST-0256,2024-03-21,Colombie-Britannique,En ligne,Maison,Mixeur,1,481.91,0.15
ORD-103895,CUST-1223,2025-06-09,Colombie-Britannique,En ligne,Beauté,Soin visage,2,93.31,0.15
ORD-101778,CUST-0637,2024-04-21,Québec,En ligne,Sports,Ballon,1,247.33,0.05
ORD-105162,CUST-0460,2025-02-28,Québec,Magasin,Sports,Tapis yoga,5,91.33,0.2
ORD-102634,CUST-1405,2025-05-30,Québec,En ligne,Maison,Mixeur,1,421.08,0.05
ORD-103489,CUST-0978,2025-06-18,Manitoba,Magasin,Électronique,Écran,2,515.57,0.0
ORD-101037,CUST-0223,2024-01-09,Manitoba,Magasin,Vêtements,Veste,2,232.18,0.05
ORD-102256,CUST-0729,2024-12-23,Manitoba,En ligne,Électronique,Casque audio,1,648.01,0.0
ORD-105412,CUST-0183,2024-01-19,Alberta,En ligne,Beauté,Soin visage,1,119.91,0.1
ORD-107984,CUST-0611,2024-11-20,Québec,En ligne,Beauté,Parfum,1,15.91,0.1
ORD-100313,CUST-0629,2025-05-28,Manitoba,En ligne,Électronique,Casque audio,1,183.65,0.1
ORD-102649,CUST-0117,2024-01-04,Ontario,Magasin,Beauté,Maquillage,1,126.69,0.05
ORD-102281,CUST-0686,2025-11-11,Colombie-Britannique,En ligne,Beauté,Maquillage,2,53.49,0.0
ORD-106419,CUST-0114,2025-10-06,Alberta,Téléphone,Maison,Lampe,3,373.52,0.1
ORD-102547,CUST-0755,2025-12-24,Colombie-Britannique,Téléphone,Vêtements,T-shirt,1,216.84,0.0
ORD-102159,CUST-0054,2024-09-13,Manitoba,En ligne,Sports,Sac sport,2,376.78,0.15
ORD-103137,CUST-1111,2025-12-16,Manitoba,Magasin,Beauté,Crème,2,192.05,0.0
ORD-106712,CUST-0723,2024-06-23,Colombie-Britannique,Magasin,Sports,Vélo,2,53.5,0.1
ORD-103967,CUST-0819,2025-09-13,Ontario,Magasin,Maison,Chaise,1,403.7,0.05
ORD-101428,CUST-1040,2025-12-09,Ontario,Magasin,Vêtements,Jean,2,190.93,0.05
ORD-105740,CUST-1485,2025-12-21,Ontario,En ligne,Électronique,Souris,5,567.29,0.05
ORD-102520,CUST-0001,2025-11-15,Ontario,Téléphone,Sports,Raquette,4,385.91,0.15
ORD-105198,CUST-0235,2025-12-02,Québec,En ligne,Électronique,Souris,1,861.37,0.0
ORD-106852,CUST-1026,2024-10-30,Manitoba,Magasin,Électronique,Clavier,4,469.76,0.1
ORD-105978,CUST-0680,2025-11-15,Alberta,En ligne,Électronique,Écran,4,136.65,0.05
ORD-100448,CUST-1289,2024-08-07,Manitoba,En ligne,Beauté,Parfum,2,188.14,0.0
ORD-107348,CUST-1139,2025-09-28,Alberta,En ligne,Sports,Vélo,1,606.87,0.05
ORD-101284,CUST-1406,2024-03-06,Manitoba,Magasin,Vêtements,Veste,1,284.69,0.1
ORD-103727,CUST-1304,2025-12-17,Québec,Magasin,Maison,Cafetière,4,303.56,0.1
ORD-100361,CUST-0484,2025-10-08,Colombie-Britannique,Téléphone,Vêtements,T-shirt,1,15.39,0.0
ORD-106507,CUST-1129,2024-04-12,Manitoba,Magasin,Maison,Cafetière,1,257.62,0.0
ORD-106438,CUST-0499,2025-09-17,Ontario,Magasin,Sports,Sac sport,1,382.63,0.0
ORD-102460,CUST-0176,2025-06-23,Alberta,Magasin,Sports,Tapis yoga,4,382.56,0.1
ORD-100022,CUST-0551,2024-12-03,Québec,Téléphone,Sports,Sac sport,2,134.44,0.1
ORD-102066,CUST-0497,2024-11-01,Manitoba,Téléphone,Vêtements,T-shirt,1,114.71,0.1
ORD-101653,CUST-1377,2025-01-25,Alberta,Magasin,Maison,Chaise,1,69.73,0.0
ORD-100702,CUST-0433,2024-02-28,Québec,Téléphone,Maison,Aspirateur,2,339.07,0.05
ORD-106462,CUST-0361,2024-09-01,Ontario,Magasin,Électronique,Écran,1,38.12,0.0
ORD-102743,CUST-0915,2024-05-03,Alberta,En ligne,Électronique,Écran,1,633.94,0.2
ORD-101376,CUST-1305,2025-01-25,Colombie-Britannique,En ligne,Vêtements,Manteau,1,113.91,0.05
ORD-106744,CUST-1179,2024-12-01,Québec,En ligne,Sports,Sac sport,3,358.62,0.1
ORD-102468,CUST-1388,2025-12-08,Manitoba,Téléphone,Beauté,Soin visage,1,117.99,0.0
ORD-103754,CUST-0472,2024-11-29,Manitoba,Téléphone,Sports,Tapis yoga,2,695.71,0.05
ORD-102325,CUST-1066,2024-07-12,Manitoba,Magasin,Maison,Mixeur,2,382.46,0.0
ORD-100460,CUST-1259,2025-03-17,Alberta,Téléphone,Maison,Lampe,3,38.69,0.15
ORD-104183,CUST-0547,2025-07-11,,Téléphone,Beauté,Parfum,2,195.34,0.1
ORD-104082,CUST-0378,2024-02-08,Colombie-Britannique,En ligne,Vêtements,Chaussures,1,277.84,0.1
ORD-101486,CUST-0351,2025-08-05,Québec,En ligne,Vêtements,T-shirt,4,62.61,0.1
ORD-103678,CUST-1204,2024-03-27,Colombie-Britannique,Téléphone,Beauté,Soin visage,1,165.46,0.05
ORD-100282,CUST-1040,2024-05-08,Manitoba,Téléphone,Vêtements,Veste,4,244.03,0.05
ORD-104558,CUST-0208,2024-10-01,Québec,En ligne,Vêtements,Jean,2,267.3,0.0
ORD-104308,CUST-0057,2024-05-18,Québec,Magasin,Maison,Mixeur,3,38.83,0.05
ORD-104865,CUST-0404,2025-07-08,Ontario,Magasin,Électronique,Casque audio,1,402.08,0.2
ORD-103537,CUST-1473,2025-03-13,Manitoba,Magasin,Beauté,Parfum,1,167.79,0.0
ORD-107796,CUST-0563,2024-02-17,Colombie-Britannique,Téléphone,Sports,Tapis yoga,5,603.91,0.05
ORD-102581,CUST-0559,2024-12-14,Québec,En ligne,Électronique,Souris,3,816.64,0.1
ORD-101368,CUST-0627,2024-02-08,Ontario,Magasin,Sports,Raquette,2,487.4,0.05
ORD-107287,CUST-0167,2024-07-16,Ontario,En ligne,Beauté,Maquillage,2,16.57,0.05
ORD-105426,CUST-1139,2025-02-04,Alberta,Magasin,Électronique,Souris,1,245.46,0.0
ORD-100597,CUST-1313,2025-06-23,Alberta,Magasin,Sports,Tapis yoga,3,201.77,0.1
ORD-104351,CUST-0528,2024-04-16,Alberta,En ligne,Beauté,Parfum,2,33.76,0.0
ORD-106561,CUST-0566,2025-01-22,Ontario,Téléphone,Électronique,Casque audio,2,832.64,0.05
ORD-104758,CUST-0449,2025-11-09,Alberta,Magasin,Beauté,Soin visage,1,25.71,0.05
ORD-100754,CUST-0747,2024-05-28,Ontario,En ligne,Sports,Sac sport,2,681.36,0.2
ORD-107612,CUST-1170,2025-07-22,Ontario,En ligne,Beauté,Parfum,4,183.82,0.1
ORD-105272,CUST-1084,2024-08-15,Ontario,Téléphone,Maison,Cafetière,1,308.41,0.0
ORD-103468,CUST-0538,2025-03-11,Colombie-Britannique,En ligne,Sports,Tapis yoga,1,390.06,0.2
ORD-105169,CUST-0164,2025-03-16,Manitoba,Magasin,Électronique,Casque audio,1,846.85,0.05
ORD-102990,CUST-0726,2024-07-06,Québec,Téléphone,Maison,Chaise,1,240.76,0.1
ORD-107189,CUST-0677,2025-02-20,Québec,Magasin,Vêtements,Manteau,2,34.64,0.0
ORD-107920,CUST-0754,2024-06-30,Colombie-Britannique,Magasin,Maison,Chaise,2,434.09,0.0
ORD-102544,CUST-1156,2024-10-15,Colombie-Britannique,En ligne,Beauté,Parfum,1,49.25,0.1
ORD-106247,CUST-0971,2024-06-29,Ontario,Téléphone,Électronique,Tablette,1,72.6,0.1
ORD-105922,CUST-0500,2025-11-05,Alberta,Téléphone,Électronique,Clavier,3,372.03,0.1
ORD-104066,CUST-1092,2025-01-06,,Magasin,Beauté,Shampoing,1,59.83,0.1
ORD-103988,CUST-1426,2025-01-26,Québec,En ligne,Maison,Aspirateur,1,134.21,0.15
ORD-107800,CUST-1007,2024-12-18,Ontario,En ligne,Beauté,Parfum,1,206.14,0.2
ORD-100685,CUST-0309,2024-12-08,Colombie-Britannique,Magasin,Maison,Chaise,2,179.56,0.0
ORD-105160,CUST-0258,2024-09-29,Québec,Téléphone,Sports,Tapis yoga,3,125.54,0.0
ORD-103243,CUST-0786,2025-08-07,Colombie-Britannique,En ligne,Électronique,Souris,1,332.5,0.05
ORD-106255,CUST-0801,2025-10-08,Québec,Téléphone,Électronique,Souris,1,161.56,0.15
ORD-104083,CUST-0322,2025-08-12,Ontario,En ligne,Beauté,Crème,3,100.77,0.0
ORD-102837,CUST-0087,2024-04-04,Colombie-Britannique,En ligne,Beauté,Shampoing,2,115.05,0.0
ORD-103697,CUST-0887,2025-11-21,Colombie-Britannique,En ligne,Sports,Tapis yoga,1,203.41,0.15
ORD-104941,CUST-0513,2024-07-30,Québec,Téléphone,Vêtements,Manteau,1,221.88,0.05
ORD-107083,CUST-0559,2024-04-09,Québec,En ligne,Beauté,Parfum,2,184.96,0.0
ORD-104040,CUST-0836,2024-01-21,Alberta,En ligne,Électronique,Casque audio,1,121.9,0.0
ORD-102230,CUST-0171,2024-11-02,Alberta,En ligne,Maison,Lampe,1,123.44,0.0
ORD-105901,CUST-1213,2025-07-27,Colombie-Britannique,Téléphone,Sports,Tapis yoga,1,405.0,0.1
ORD-102320,CUST-0265,2024-08-14,Québec,En ligne,Électronique,Écran,1,605.13,0.05
ORD-104878,CUST-0187,2024-01-08,Québec,Téléphone,Vêtements,Chaussures,1,165.05,0.0
ORD-100521,CUST-0201,2025-05-01,Manitoba,En ligne,Maison,Cafetière,1,261.17,0.1
ORD-100522,CUST-0798,2025-04-02,Ontario,En ligne,Vêtements,Veste,1,105.23,0.0
ORD-106308,CUST-0658,2025-03-25,Alberta,Magasin,Électronique,Casque audio,2,192.79,0.0
ORD-106501,CUST-0848,2024-03-02,Québec,Téléphone,Électronique,Clavier,1,620.54,0.0
ORD-106498,CUST-1335,2024-06-16,Ontario,Téléphone,Maison,Mixeur,3,414.5,0.2
ORD-106099,CUST-1446,2024-09-01,Alberta,En ligne,Vêtements,Jean,1,39.08,0.1
ORD-100780,CUST-0542,2024-04-23,Colombie-Britannique,Magasin,Beauté,Soin visage,5,49.29,0.0
ORD-106319,CUST-0752,2025-08-01,Colombie-Britannique,En ligne,Beauté,Soin visage,1,179.29,0.0
ORD-106480,CUST-0185,2024-04-04,Québec,Magasin,Vêtements,Manteau,1,212.26,0.15
ORD-100651,,2025-06-30,Alberta,Téléphone,Maison,Lampe,2,317.72,0.05
ORD-107441,CUST-0649,2025-01-11,Québec,Magasin,Beauté,Shampoing,1,70.73,0.0
ORD-102196,CUST-1327,2025-11-01,Alberta,Magasin,Maison,Mixeur,1,182.28,0.0
ORD-100369,CUST-0453,2025-01-24,Ontario,En ligne,Sports,Tapis yoga,1,357.91,0.1
ORD-107244,CUST-0006,2025-01-15,Alberta,Téléphone,Maison,Lampe,1,167.3,0.0
ORD-104214,CUST-1169,2025-08-13,Manitoba,En ligne,Vêtements,T-shirt,1,197.26,0.05
ORD-100377,CUST-0456,2025-08-25,Manitoba,Téléphone,Sports,Raquette,1,235.34,0.15
ORD-105686,CUST-0586,2025-10-12,Colombie-Britannique,Téléphone,Beauté,Shampoing,1,149.27,0.05
ORD-102216,CUST-0441,2024-05-12,Alberta,En ligne,Beauté,Crème,1,48.35,0.05
ORD-106153,CUST-0064,2025-11-20,Colombie-Britannique,Téléphone,Électronique,Souris,1,621.96,0.0
ORD-101613,CUST-1090,2025-04-24,Alberta,En ligne,Beauté,Soin visage,1,132.43,0.1
ORD-107250,CUST-0156,2024-09-16,Colombie-Britannique,Téléphone,Sports,Tapis yoga,1,23.02,0.1
ORD-103632,CUST-1172,2025-03-15,Colombie-Britannique,Magasin,Sports,Raquette,2,64.07,0.05
ORD-100962,CUST-0604,2025-09-28,Alberta,Magasin,Vêtements,T-shirt,2,223.02,0.05
ORD-103409,CUST-1305,2025-12-16,Alberta,En ligne,Électronique,Souris ,3,141.7,0.05
ORD-107582,CUST-0588,2024-06-07,Manitoba,Téléphone,Sports,Raquette,2,312.53,0.0
ORD-106159,CUST-0924,2025-10-05,Ontario,Téléphone,Vêtements,T-shirt,3,211.99,0.05
ORD-105478,CUST-1490,2025-02-27,Québec,Téléphone,Maison,Mixeur,4,56.01,0.05
ORD-100359,CUST-0698,2025-05-16,Manitoba,En ligne,Électronique,Souris,2,266.17,0.0
ORD-103839,CUST-0317,2024-12-26,Manitoba,En ligne,Vêtements,Chaussures,1,107.77,0.1
ORD-105409,CUST-1390,2025-06-14,Ontario,En ligne,Sports,Tapis yoga,2,446.41,0.15
ORD-101246,CUST-1463,2025-07-21,Québec,Magasin,Maison,Aspirateur,1,270.5,0.1
ORD-105642,CUST-1044,2025-08-19,Colombie-Britannique,Magasin,Beauté,Parfum,1,64.07,0.05
ORD-105087,CUST-0834,2025-03-02,Ontario,En ligne,Beauté,Shampoing,1,36.81,0.15
ORD-103694,CUST-0319,2024-04-20,Ontario,Téléphone,Beauté,Maquillage,3,84.29,0.05
ORD-106818,CUST-0608,2024-06-10,Québec,Téléphone,Maison,Aspirateur,2,165.94,0.0
ORD-102567,CUST-1243,2024-04-11,Québec,Téléphone,Maison,Lampe,4,499.37,0.15
ORD-103423,CUST-0382,2024-02-14, manitoba ,Magasin,Sports,Vélo,2,53.82,0.0
ORD-102037,CUST-1458,2024-12-24,Alberta,Téléphone,Beauté,Maquillage,2,31.39,0.0
ORD-100772,CUST-0176,2024-08-25,Alberta,Magasin,Vêtements,Veste,3,297.61,0.0
ORD-107422,CUST-0603,2024-05-05,Ontario,Téléphone,Électronique,Clavier,2,56.76,0.0
ORD-103562,CUST-0018,2025-02-12,Manitoba,Téléphone,Vêtements,Manteau,1,71.85,0.15
ORD-107645,CUST-0528,2024-04-09,Québec,Magasin,Maison,Aspirateur,4,318.54,0.0
ORD-107384,CUST-0912,2025-06-04,Alberta,Magasin,Beauté,Parfum,2,245.32,0.1
ORD-106913,CUST-0813,2025-05-07,Manitoba,Magasin,Vêtements,Jean,1,285.62,0.15
ORD-104531,CUST-1238,2024-11-25,Colombie-Britannique,Magasin,Beauté,Crème,1,146.55,0.1
ORD-101674,CUST-0055,2025-07-31,Alberta,En ligne,Maison,Aspirateur,1,374.64,0.0
ORD-100365,CUST-1465,2024-01-26,Québec,En ligne,Vêtements,T-shirt,1,221.8,0.1
ORD-105310,CUST-1018,2025-10-20,Québec,En ligne,Beauté,Crème,1,229.51,0.0
ORD-106364,CUST-0174,2024-12-09,,Téléphone,Électronique,Écran,3,141.6,0.1
ORD-104327,CUST-0969,2025-11-06,Ontario,Magasin,Sports,,3,287.01,0.1
ORD-100147,CUST-1113,2024-11-24,Colombie-Britannique,En ligne,Électronique,Clavier,3,229.14,0.0
ORD-102790,CUST-0915,2025-07-02,Ontario,Magasin,Beauté,Maquillage,1,112.61,0.0
ORD-103088,CUST-1397,2024-01-24,Québec,Téléphone,Beauté,Parfum,1,171.74,0.05
ORD-107875,CUST-0564,2025-01-19,Colombie-Britannique,Téléphone,Beauté,Maquillage,2,113.1,0.05
ORD-100407,CUST-1342,2025-11-11,Manitoba,En ligne,Beauté,Crème,1,242.96,0.0
ORD-107459,CUST-1046,2024-05-16,Manitoba,Téléphone,Vêtements,Manteau,3,106.54,0.0
ORD-103456,CUST-1068,2024-11-15,Ontario,En ligne,Sports,Raquette,2,678.22,0.1
ORD-104182,CUST-0538,2025-06-18,Manitoba,Téléphone,Vêtements,Veste,3,298.88,0.0
ORD-103576,CUST-1283,2025-06-25,Ontario,Téléphone,Sports,Tapis yoga,3,268.02,0.15
ORD-103271,CUST-0546,2025-04-30,Ontario,Magasin,Sports,Sac sport,4,639.03,0.0
ORD-104940,CUST-0651,2024-04-20,Colombie-Britannique,Magasin,Beauté,Soin visage,1,81.95,0.0
ORD-101031,CUST-1232,2024-07-31,Ontario,En ligne,Beauté,Soin visage,2,95.8,0.0
ORD-106134,CUST-0090,2025-01-27,Colombie-Britannique,Magasin,Beauté,Parfum,1,139.41,0.15
ORD-100855,CUST-0859,2025-10-26,Manitoba,Téléphone,Vêtements,Manteau,1,281.62,0.15
ORD-103926,CUST-0687,2025-09-29,Alberta,En ligne,Maison,Chaise,3,215.18,0.1
ORD-100078,CUST-0111,2025-10-24,Alberta,En ligne,Maison,Chaise,1,120.38,0.05
ORD-102247,CUST-0612,2025-03-11,Manitoba,En ligne,Beauté,Shampoing,2,215.81,0.05
ORD-107100,CUST-0711,2024-08-15,Ontario,En ligne,Électronique,Clavier,2,587.2,0.1
ORD-107378,CUST-0269,2025-12-15,Ontario,En ligne,Vêtements,Veste,1,120.51,0.15
ORD-107427,CUST-0791,2025-06-28,Colombie-Britannique,Téléphone,Beauté,Soin visage,2,166.83,0.1
ORD-106253,CUST-0931,2024-11-18,Colombie-Britannique,En ligne,Sports,Ballon,2,559.33,0.1
ORD-105563,CUST-0572,2024-03-06,Colombie-Britannique,Magasin,Électronique,Casque audio,3,562.53,0.1
ORD-100788,CUST-0413,2024-06-15,Colombie-Britannique,Magasin,Sports,Tapis yoga,1,374.73,0.0
ORD-102279,CUST-0589,2025-11-17,Québec,En ligne,Maison,Aspirateur,3,165.31,0.15
ORD-104095,CUST-0273,2024-09-09,Colombie-Britannique,En ligne,Électronique,Clavier,1,105.66,0.0
ORD-103897,CUST-0298,2024-01-21,Ontario,En ligne,Maison,Mixeur,1,355.58,0.15
ORD-107202,CUST-0440,2025-08-07,Manitoba,Magasin,Maison,Aspirateur,1,228.24,0.15
ORD-106708,CUST-0551,2025-07-09,Alberta,Magasin,Sports,Sac sport,2,585.71,0.1
ORD-103631,CUST-0320,2025-10-18,Manitoba,En ligne,Vêtements,Jean,2,155.4,0.15
ORD-106053,CUST-1494,2025-04-07,Manitoba,En ligne,Sports,Tapis yoga,2,545.28,0.05
ORD-100424,CUST-0512,2024-05-18,Ontario,Magasin,Vêtements,Veste,4,33.24,0.15
ORD-100392,CUST-0521,2025-10-12,Ontario,En ligne,Sports,Tapis yoga,2,129.62,0.1
ORD-106036,CUST-1087,2025-06-19,Québec,Téléphone,Beauté,Parfum,3,223.21,0.0
ORD-107626,CUST-0349,2024-10-15,Manitoba,En ligne,Beauté,Soin visage,1,46.97,0.0
ORD-104200,CUST-0553,2025-03-04,Manitoba,En ligne,Beauté,Maquillage,2,219.8,0.0
ORD-102672,CUST-1475,2024-07-18,Manitoba,Téléphone,Beauté,Soin visage,4,96.97,0.0
ORD-107389,CUST-0655,2025-11-22,Alberta,Téléphone,Beauté,Shampoing,1,123.49,0.05
ORD-105938,CUST-0067,2025-10-14,Manitoba,En ligne,Sports,Sac sport,1,39.78,0.0
ORD-103493,CUST-0758,2025-02-20,Manitoba,Magasin,Sports,Raquette,1,458.8,0.05
ORD-101459,CUST-0210,2025-05-13,Ontario,Magasin,Vêtements,T-shirt,2,138.25,0.1
ORD-105836,CUST-0844,2025-09-29,Ontario,En ligne,Sports,Tapis yoga,3,411.63,0.15
ORD-105459,CUST-0348,2025-09-09,Québec,En ligne,Vêtements,Veste,4,241.67,0.0
ORD-105360,CUST-1121,2024-10-09,Alberta,En ligne,Électronique,Écran,4,583.78,0.0
ORD-103835,CUST-1225,2024-01-03,Colombie-Britannique,En ligne,Sports,Raquette,1,193.48,0.05
ORD-107061,CUST-0581,2024-06-18,Ontario,Magasin,Électronique,Clavier,2,253.11,0.15
ORD-106256,CUST-0372,2025-12-02,Alberta,Magasin,Électronique,Clavier,3,493.66,0.05
ORD-107687,CUST-1462,2025-02-03,Québec,En ligne,Sports,Sac sport,1,22.86,0.15
ORD-104724,CUST-0959,2024-09-01,Ontario,En ligne,Électronique,Casque audio,1,324.74,0.0
ORD-106272,CUST-0858,2024-06-30,Alberta,Téléphone,Électronique,Casque audio,4,632.39,0.1
ORD-102355,CUST-1121,2025-12-27,Colombie-Britannique,Téléphone,Électronique,Tablette,2,51.2,0.05
ORD-107980,CUST-0220,2025-01-17,Québec,Téléphone,Sports,Ballon,3,564.53,0.2
ORD-102442,CUST-0221,2024-03-09,Manitoba,Téléphone,Sports,Raquette,2,695.32,0.05
ORD-106267,CUST-0189,2025-10-08,Ontario,Téléphone,Électronique,Clavier,1,599.35,0.1
ORD-107411,CUST-0339,2025-10-11,Ontario,Téléphone,Électronique,Casque audio,1,610.56,0.05
ORD-106285,CUST-1465,2025-11-19,Québec,Téléphone,Vêtements,Veste,1,125.49,0.0
ORD-100464,CUST-0694,2025-12-22,Alberta,Magasin,Électronique,Clavier,4,755.4,0.05
ORD-100163,CUST-1186,2024-06-11,Québec,Magasin,Beauté,Parfum,1,86.98,0.1
ORD-106992,CUST-0673,2025-05-22,Ontario,Téléphone,Électronique,Souris,1,185.6,0.1
ORD-107236,CUST-0170,2024-01-13,Québec,Magasin,Sports,Raquette,1,532.46,0.0
ORD-107739,CUST-0884,2025-05-26,Québec,Téléphone,Maison,Lampe,3,96.08,0.05
ORD-100906,CUST-0553,2024-08-02,Colombie-Britannique,Magasin,Vêtements,Veste,1,96.91,0.05
ORD-102009,CUST-0678,2024-09-01,Alberta,En ligne,Électronique,Clavier,2,240.41,0.05
ORD-103084,CUST-0251,2024-03-25,Québec,Téléphone,Beauté,Maquillage,2,31.53,0.15
ORD-100900,CUST-0979,2024-12-21,Colombie-Britannique,Magasin,Électronique,Écran,3,725.69,0.0
ORD-106323,CUST-0458,2024-07-01,Alberta,Magasin,Électronique,Tablette,2,226.74,0.1
ORD-104837,CUST-0763,2025-09-09,Québec,Téléphone,Beauté,Crème,2,48.38,0.05
ORD-102293,CUST-0414,2025-01-02,Manitoba,Magasin,Vêtements,Chaussures,3,234.5,0.0
ORD-104481,CUST-1103,2024-12-22,Ontario,Magasin,Vêtements,Manteau,2,273.68,0.05
ORD-104605,CUST-0762,2024-08-29,Alberta,Magasin,Beauté,Maquillage,1,72.26,0.15
ORD-103716,CUST-1009,2024-10-07,Manitoba,En ligne,Maison,Chaise,2,496.16,0.0
ORD-106702,CUST-0964,2024-08-03,Colombie-Britannique,Magasin,Électronique,Casque audio,1,700.45,0.05
ORD-101764,CUST-0510,2025-10-28,Colombie-Britannique,En ligne,Sports,Raquette,2,338.68,0.0
ORD-101549,CUST-0736,2025-11-21,Ontario,En ligne,Vêtements,Jean,1,271.85,0.0
ORD-103029,CUST-1123,2025-11-10,Québec,Téléphone,Beauté,Maquillage,2,24.65,0.15
ORD-106513,CUST-1367,2025-05-31,Alberta,Téléphone,Maison,Mixeur,1,55.13,0.05
ORD-102044,CUST-1243,2025-10-16,Alberta,En ligne,Beauté,Soin visage,3,163.89,0.15
ORD-100767,CUST-1026,2025-03-30,Colombie-Britannique,En ligne,Sports,Sac sport,1,628.63,0.0
ORD-101508,CUST-0623,2025-08-25,Québec,Magasin,Vêtements,Jean,2,283.69,0.0
ORD-107845,CUST-0299,2024-04-22,Québec,En ligne,Électronique,Casque audio,2,693.76,0.15
ORD-104517,CUST-0879,2024-03-15,Ontario,En ligne,Beauté,Maquillage,2,183.22,0.15
ORD-104219,CUST-0221,2024-10-01,Colombie-Britannique,En ligne,Sports,Raquette,1,631.46,0.0
ORD-106711,CUST-0846,2024-10-30,Manitoba,En ligne,Vêtements,Manteau,4,128.51,0.05
ORD-105292,CUST-0408,2025-08-11,Colombie-Britannique,En ligne,Maison,Cafetière,1,84.33,0.0
ORD-103292,CUST-0622,2024-08-04,Colombie-Britannique,Téléphone,Beauté,Crème,2,133.64,0.05
ORD-100819,CUST-0506,2024-06-30,Ontario,Téléphone,Beauté,Crème,2,121.03,0.1
ORD-101403,CUST-1083,2024-04-05,Ontario,En ligne,Maison,Cafetière,1,414.92,0.15
ORD-101382,CUST-0502,2024-12-13,Ontario,En ligne,Vêtements,Jean,2,28.84,0.1
ORD-102148,CUST-0089,2024-05-15,Alberta,Téléphone,Maison,Cafetière,4,37.03,0.15
ORD-101638,CUST-1062,2025-12-02,Québec,En ligne,Beauté,Crème,1,172.69,0.05
ORD-107765,CUST-0416,2024-10-12,Alberta,En ligne,Vêtements,Veste,1,163.68,0.1
ORD-100399,CUST-1192,2024-12-04,Manitoba,Magasin,Vêtements,Veste,2,216.27,0.05
ORD-100882,CUST-1080,2024-08-15,Québec,Magasin,Beauté,Shampoing,3,141.94,0.05
ORD-103565,CUST-1484,2024-12-11,Québec,Téléphone,Beauté,Shampoing,1,185.34,0.1
ORD-107219,CUST-0811,2024-04-14,Colombie-Britannique,Magasin,Sports,Sac sport,1,170.23,0.05
ORD-101179,CUST-1259,2025-10-23,Manitoba,Magasin,Électronique,Tablette,3,254.02,0.0
ORD-104244,CUST-1450,2025-11-19,Alberta,Téléphone,Vêtements,Jean,1,152.73,0.15
ORD-105218,CUST-1485,2025-07-18,Manitoba,Magasin,Beauté,Maquillage,3,83.04,0.0
ORD-105516,CUST-0505,2024-10-14,Québec,Téléphone,Vêtements,Veste,2,80.58,0.05
ORD-102130,CUST-0839,2025-07-30,Colombie-Britannique,Magasin,Vêtements,Jean,1,30.83,0.1
ORD-105078,CUST-0898,2024-09-11,Ontario,En ligne,Électronique,Clavier,2,821.56,0.05
ORD-100456,CUST-1241,2024-02-25,Alberta,Téléphone,Sports,Raquette,2,602.81,0.1
ORD-106964,CUST-0003,2024-08-30,Manitoba,Téléphone,Électronique,Clavier,2,680.52,0.0
ORD-101950,CUST-1116,2025-10-12,Manitoba,Magasin,Vêtements,T-shirt,2,114.11,0.05
ORD-100689,CUST-0594,2025-08-11,Manitoba,En ligne,Maison,Aspirateur,3,454.99,0.1
ORD-106384,CUST-0230,2025-05-20,Québec,Magasin,Électronique,Clavier,2,317.69,0.0
ORD-107798,CUST-0968,2025-07-12,Colombie-Britannique,Magasin,Vêtements,Jean,1,43.39,0.1
ORD-101953,CUST-0044,2025-05-24,Québec,Magasin,Maison,Chaise,2,492.16,0.05
ORD-102710,CUST-0090,2024-01-06,Québec,Téléphone,Sports,Sac sport,2,362.86,0.15
ORD-105969,CUST-1316,2024-11-15,Québec,Téléphone,Maison,Lampe,2,407.38,0.1
ORD-106003,CUST-0805,2025-08-14,Manitoba,Magasin,Sports,Vélo,1,477.22,0.05
ORD-104349,CUST-0637,2025-12-24,Alberta,Magasin,Maison,Mixeur,1,216.65,0.15
ORD-107013,CUST-0662,2025-09-11,Alberta,En ligne,Vêtements,Manteau,2,72.25,0.0
ORD-101884,CUST-0170,2025-11-28,Québec,Magasin,Sports,,1,302.01,0.1
ORD-106087,CUST-1000,2025-11-27,Manitoba,Magasin,Beauté,Soin visage,2,68.7,0.15
ORD-107142,CUST-1256,2024-07-11,Colombie-Britannique,En ligne,Sports,Vélo,2,388.57,0.05
ORD-102494,CUST-0246,2025-08-11,Manitoba,Téléphone,Beauté,Parfum,1,205.65,0.15
ORD-103036,CUST-1128,2024-07-31,Manitoba,Téléphone,Vêtements,Manteau,1,207.31,0.1
ORD-103603,CUST-0313,2025-05-10,Colombie-Britannique,Magasin,Électronique,Clavier,1,643.62,0.0
ORD-100845,CUST-0942,2024-05-31,Ontario,En ligne,Beauté,Maquillage,2,80.51,0.1
ORD-100542,CUST-0187,2024-05-17,Ontario,En ligne,Beauté,Soin visage,2,246.44,0.1
ORD-103724,CUST-1197,2024-05-08,Alberta,Téléphone,Sports,Vélo,3,545.26,0.0
ORD-104187,CUST-1407,2025-09-08,Québec,Téléphone,Vêtements,Veste,2,83.33,0.15
ORD-103679,CUST-1425,2025-11-03,Manitoba,Téléphone,Maison,Chaise,4,320.4,0.1
ORD-106449,CUST-0629,2025-12-22,Ontario,Magasin,Beauté,Shampoing,2,164.85,0.0
ORD-106606,CUST-0863,2024-10-25,Colombie-Britannique,Magasin,Maison,,2,289.88,0.15
ORD-106835,CUST-1077,2025-09-03,Alberta,En ligne,Sports,Vélo,1,44.19,0.0
ORD-102964,CUST-1310,2024-10-10,Manitoba,Téléphone,Beauté,Soin visage,1,139.02,0.0
ORD-102529,CUST-0675,2024-02-26,Colombie-Britannique,Téléphone,Beauté,Crème,4,125.33,0.0
ORD-101048,CUST-1057,2024-09-16,Ontario,Téléphone,Beauté,Soin visage,2,104.07,0.0
ORD-101960,CUST-1007,2025-02-14,Ontario,Magasin,Sports,Tapis yoga,3,165.46,0.05
ORD-102530,CUST-0750,2024-06-13,Alberta,En ligne,Maison,Chaise,1,334.38,0.0
ORD-105953,CUST-0088,2025-05-20, manitoba ,En ligne,Vêtements,Chaussures,3,44.03,0.1
ORD-100237,CUST-1308,2025-12-15,Ontario,Téléphone,Électronique,Écran,4,253.9,0.1
ORD-104917,CUST-0994,2025-03-27,Manitoba,En ligne,Électronique,Écran,1,411.37,0.05
ORD-101133,CUST-0875,2024-07-26,Québec,Téléphone,Sports,Sac sport,4,623.09,0.0
ORD-106680,CUST-0366,2024-12-04,Ontario,En ligne,Maison,Aspirateur,3,151.84,0.15
ORD-104259,CUST-0682,2025-02-19,Québec,En ligne,Beauté,Maquillage,1,209.99,0.0
ORD-105976,CUST-0268,2025-09-06,Alberta,En ligne,Sports,Ballon,1,561.31,0.0
ORD-106075,CUST-0953,2025-11-04,Ontario,Téléphone,Beauté,Crème,1,15.31,0.05
ORD-106232,CUST-1096,2024-10-16,Alberta,En ligne,Vêtements,Chaussures,4,245.8,0.1
ORD-102978,CUST-0005,2024-12-22,Colombie-Britannique,En ligne,Beauté,Shampoing,1,249.88,0.05
ORD-107387,CUST-0586,2025-07-18,Ontario,Téléphone,Maison,Cafetière,2,198.12,0.15
ORD-106213,CUST-0914,2025-09-14,Colombie-Britannique,Magasin,Maison,Lampe,1,461.44,0.05
ORD-105457,,2025-08-01,Alberta,Téléphone,Vêtements,T-shirt,2,178.47,0.0
ORD-106027,CUST-0674,2024-11-08,Manitoba,En ligne,Sports,Tapis yoga,3,27.54,0.15
ORD-103919,CUST-1040,2025-02-14,Ontario,Magasin,Vêtements,Veste,0,74.58,0.0
ORD-103138,CUST-1057,2025-08-22,Alberta,Téléphone,Électronique,Clavier,1,835.85,0.1
ORD-107210,CUST-0269,2025-01-14,Manitoba,En ligne,Vêtements,Chaussures,1,118.7,0.05
ORD-104073,CUST-1300,2024-09-13,Québec,Magasin,Vêtements,Manteau,2,229.04,0.0
ORD-106940,CUST-1269,2025-08-09,Ontario,Magasin,Vêtements,T-shirt,2,161.81,0.0
ORD-103229,CUST-0043,2025-05-18,Manitoba,Téléphone,Sports,Tapis yoga,1,48.0,0.1
ORD-101826,CUST-1261,2024-10-13,Manitoba,Téléphone,Électronique,Casque audio,4,207.09,0.1
ORD-100593,CUST-0814,2024-09-05,Ontario,Téléphone,Sports,Ballon,1,31.44,0.0
ORD-102725,CUST-1298,2025-10-24,Manitoba,Téléphone,Sports,Vélo,1,556.17,0.05
ORD-104137,CUST-0334,2024-03-11,Québec,Magasin,Beauté,Maquillage,1,29.16,0.0
ORD-100560,CUST-1461,2024-04-20,Québec,Magasin,Maison,Cafetière,4,242.63,0.0
ORD-106330,CUST-0274,2025-07-02,Manitoba,Téléphone,Vêtements,T-shirt,1,93.74,0.05
ORD-105694,CUST-0174,2025-05-13,Ontario,En ligne,Maison,Chaise,1,369.6,0.1
ORD-100243,CUST-0652,2025-05-02,Ontario,En ligne,Électronique,Écran,2,809.88,0.0
ORD-104437,CUST-0456,2025-02-26,Colombie-Britannique,Magasin,Maison,Cafetière,2,81.98,0.05
ORD-105608,CUST-0982,2024-09-08,,Téléphone,Maison,Aspirateur,2,490.34,0.05
ORD-100405,CUST-0215,2025-06-09,Alberta,En ligne,Maison,Mixeur,5,396.73,0.1
ORD-101442,CUST-0013,2025-12-02,Alberta,Magasin,Sports,Raquette,3,348.19,0.0
ORD-100261,CUST-0050,2025-09-10,Québec,En ligne,Électronique,Écran,2,194.57,0.05
ORD-105419,CUST-1404,2024-05-27,Alberta,Téléphone,Électronique,Souris,1,208.53,0.15
ORD-107369,CUST-0049,2024-04-28,Colombie-Britannique,En ligne,Beauté,Soin visage,3,24.66,0.15
ORD-101689,CUST-0048,2025-08-14,Colombie-Britannique,Magasin,Maison,Aspirateur,1,35.1,0.1
ORD-101725,CUST-1223,2025-03-02,Alberta,Magasin,Vêtements,T-shirt,2,110.25,0.0
ORD-107246,CUST-0550,2024-09-12,Colombie-Britannique,Téléphone,Beauté,Soin visage,1,13.74,0.0
ORD-104930,CUST-0778,2024-01-09,Colombie-Britannique,Magasin,Beauté,Crème,3,66.2,0.05
ORD-102496,CUST-0816,2025-01-03,Ontario,Magasin,Sports,Tapis yoga,1,376.95,0.0
ORD-105433,CUST-1259,2024-12-06,Manitoba,En ligne,Électronique,Tablette,1,705.43,0.0
ORD-100340,CUST-1382,2024-07-06,Ontario,En ligne,Sports,Tapis yoga,1,357.93,0.1
ORD-106073,CUST-1132,2024-12-16,Alberta,Téléphone,Maison,Lampe,2,218.71,0.0
ORD-101601,CUST-1066,2024-12-30,Ontario,En ligne,Électronique,Tablette,1,195.55,0.1
ORD-104576,CUST-0398,2025-04-13,Québec,Magasin,Maison,Cafetière,1,193.28,0.05
ORD-103725,CUST-0587,2025-08-25,Québec,En ligne,Vêtements,Manteau,4,263.53,0.1
ORD-107997,CUST-1154,2024-01-04,,Magasin,Sports,Ballon,1,646.3,0.0
ORD-102785,CUST-0329,2025-09-01,Ontario,Téléphone,Électronique,Clavier,3,313.68,0.0
ORD-101523,CUST-0778,2024-12-25,Colombie-Britannique,En ligne,Maison,Cafetière,2,376.64,0.15
ORD-106025,CUST-0782,2024-08-15,Manitoba,Magasin,Beauté,Maquillage,1,46.95,0.0
ORD-107174,CUST-0106,2025-08-29,Québec,Téléphone,Vêtements,Manteau,1,38.76,0.0
ORD-107484,CUST-1406,2024-04-22,Ontario,En ligne,Maison,Aspirateur,1,369.43,0.2
ORD-105698,CUST-0412,2024-08-01,Québec,Téléphone,Sports,Vélo,1,176.33,0.1
ORD-107222,CUST-1397,2025-07-27,Ontario,En ligne,Vêtements,Chaussures,2,227.6,0.05
ORD-101766,CUST-0052,2024-01-15,Colombie-Britannique,Magasin,Électronique,Écran,1,441.75,0.05
ORD-107969,CUST-0526,2025-09-05,Manitoba,Téléphone,Vêtements,T-shirt,1,92.4,0.1
ORD-104037,CUST-1435,2024-11-11,Ontario,Magasin,Beauté,Maquillage,1,198.34,0.2
ORD-106831,CUST-0801,2025-08-29,Manitoba,En ligne,Vêtements,Manteau,2,168.25,0.15
ORD-106385,CUST-0937,2024-11-25,Québec,Magasin,Beauté,Shampoing,1,218.53,0.15
ORD-106547,CUST-1034,2024-08-27,Colombie-Britannique,En ligne,Vêtements,Chaussures,2,143.11,0.15
ORD-107556,CUST-0023,2025-11-26,Alberta,Magasin,Sports,Vélo,3,527.9,0.15
ORD-100363,CUST-1148,2025-04-15,Colombie-Britannique,En ligne,Beauté,Shampoing,4,154.79,0.05
ORD-105367,CUST-0636,2024-01-16,Manitoba,Téléphone,Électronique,Casque audio,1,311.24,0.15
ORD-107989,CUST-0155,2024-04-01,Colombie-Britannique,Magasin,Beauté,Parfum,1,172.41,0.05
ORD-107308,CUST-1456,2025-05-16,Alberta,Téléphone,Vêtements,Chaussures,1,126.89,0.0
ORD-104725,CUST-1330,2025-04-21,Québec,En ligne,Vêtements,Jean,1,19.22,0.0
ORD-104443,CUST-0659,2025-01-14,Colombie-Britannique,Téléphone,Sports,Tapis yoga,2,512.63,0.0
ORD-107963,CUST-1424,2025-04-06,Colombie-Britannique,Magasin,Vêtements,T-shirt,1,125.4,0.0
ORD-107460,CUST-1156,2025-11-15,Colombie-Britannique,En ligne,Vêtements,Manteau,1,254.82,0.05
ORD-102562,CUST-1274,2025-03-22,Québec,Téléphone,Beauté,Parfum,2,180.86,0.0
ORD-101504,CUST-0340,2025-02-15,Manitoba,Magasin,Vêtements,Manteau,1,154.1,0.15
ORD-107405,CUST-0391,2025-09-08,Québec,Magasin,Vêtements,Jean,1,165.37,0.0
ORD-107498,CUST-1342,2024-12-12,Manitoba,Téléphone,Beauté,Crème,1,223.57,0.05
ORD-103083,CUST-0182,2024-06-17,Québec,Magasin,Vêtements,Jean,1,92.51,0.0
ORD-107443,CUST-0844,2024-09-17,Ontario,En ligne,Vêtements,Jean,1,139.58,0.05
ORD-102102,CUST-1100,2025-04-16,Ontario,Téléphone,Sports,Ballon,2,391.44,0.1
ORD-100632,CUST-0862,2025-01-24,Québec,Téléphone,Électronique,Écran,1,840.16,0.1
ORD-102493,CUST-0170,2024-05-25,Colombie-Britannique,En ligne,Beauté,Crème,3,202.82,0.05
ORD-102665,CUST-0898,2025-12-08,Colombie-Britannique,Magasin,Beauté,Parfum,1,30.63,0.0
ORD-105860,CUST-0036,2025-06-11,Ontario,Magasin,Maison,Aspirateur,2,89.51,0.0
ORD-104406,CUST-0034,2025-11-02,Manitoba,En ligne,Beauté,Crème,4,173.56,0.05
ORD-105942,CUST-0314,2024-08-15,Ontario,En ligne,Électronique,Clavier,2,806.94,0.1
ORD-106718,CUST-1418,2024-06-12,Ontario,Téléphone,Vêtements,T-shirt,1,169.13,0.15
ORD-102334,CUST-0996,2025-04-14,Québec,Magasin,Vêtements,T-shirt,2,105.82,0.1
ORD-106198,CUST-0634,2024-07-30,Colombie-Britannique,En ligne,Sports,Sac sport,1,684.23,0.0
ORD-103619,CUST-0941,2024-04-01,Québec,Magasin,Vêtements,Chaussures,1,116.19,0.0
ORD-103883,CUST-1072,2024-05-26,Ontario,En ligne,Maison,Lampe,4,92.14,0.15
ORD-105489,CUST-1158,2024-09-18,Colombie-Britannique,En ligne,Maison,Lampe,2,381.23,0.15
ORD-104211,CUST-1425,2025-10-30,Québec,Téléphone,Électronique,Tablette,2,476.97,0.0
ORD-101494,CUST-0400,2024-04-18,Manitoba,Magasin,Beauté,Maquillage,2,220.39,0.15
ORD-102401,CUST-0213,2024-10-05,Colombie-Britannique,Magasin,Vêtements,Jean,2,177.46,0.1
ORD-103874,CUST-1028,2024-07-12,Manitoba,Magasin,Électronique,Clavier,2,638.55,0.05
ORD-101232,CUST-0821,2025-04-28,Manitoba,En ligne,Beauté,Crème,3,51.33,0.0
ORD-102661,CUST-0363,2024-07-28,Alberta,Magasin,Maison,Cafetière,2,491.59,0.1
ORD-102817,CUST-1130,2024-04-10,Alberta,Magasin,Électronique,Tablette,5,239.85,0.1
ORD-105523,CUST-0931,2025-11-10,Ontario,Magasin,Électronique,Écran,2,784.49,0.1
ORD-107381,CUST-0404,2024-12-12,Colombie-Britannique,Magasin,Beauté,Shampoing,5,107.28,0.15
ORD-107789,CUST-1242,2024-10-09,Manitoba,Téléphone,Vêtements,Jean,5,267.77,0.0
ORD-106415,CUST-0483,2024-08-03,Alberta,Téléphone,Vêtements,T-shirt,3,63.28,0.0
ORD-104153,CUST-1045,2025-11-18,Alberta,Téléphone,Vêtements,Chaussures,2,127.2,0.1
ORD-106026,CUST-0881,2024-05-13,Alberta,Magasin,Beauté,Crème,1,166.11,0.05
ORD-103061,CUST-1019,2025-10-01,Ontario,Magasin,Beauté,Shampoing,3,159.25,0.1
ORD-106904,CUST-0127,2024-09-16,Colombie-Britannique,Magasin,Électronique,Casque audio,3,130.22,0.05
ORD-107990,CUST-1436,2025-01-29,Manitoba,Téléphone,Sports,Tapis yoga,2,415.27,0.0
ORD-101735,CUST-1047,2024-02-13,Colombie-Britannique,EN LIGNE,Beauté,Soin visage,1,112.33,0.15
ORD-102823,CUST-0397,2025-11-30,Alberta,Magasin,Électronique,Écran,3,755.11,0.15
ORD-106165,CUST-0956,2024-07-28,Ontario,Téléphone,Sports,Sac sport,1,176.41,0.0
ORD-105550,CUST-0568,2025-09-15,,En ligne,Beauté,Shampoing,2,128.25,0.15
ORD-102475,CUST-0529,2024-10-31,Colombie-Britannique,EN LIGNE,Vêtements,Veste,3,227.1,0.15
ORD-102564,CUST-1081,2025-10-05,Colombie-Britannique,Téléphone,Sports,Ballon,1,223.3,0.0
ORD-104432,CUST-1024,2024-09-25,Québec,En ligne,Vêtements,T-shirt,1,140.01,0.0
ORD-107286,CUST-0845,2025-06-26,Manitoba,Téléphone,Sports,Raquette,3,49.49,0.05
ORD-106252,CUST-0558,2025-03-15,Manitoba,Magasin,Beauté,Parfum,1,139.53,0.2
ORD-100707,CUST-1426,2024-07-24,Colombie-Britannique,Téléphone,Beauté,Shampoing,2,215.89,0.0
ORD-103046,CUST-1303,2025-11-30,Manitoba,En ligne,Maison,Lampe,5,23.36,-0.1
ORD-107650,CUST-0112,2024-12-20,Ontario,En ligne,Vêtements,Manteau,3,113.93,0.05
ORD-105189,CUST-0711,2024-05-17,Québec,En ligne,Vêtements,Chaussures,1,104.62,0.0
ORD-106171,CUST-0057,2024-10-15,Manitoba,Magasin,Sports,Ballon,1,48.59,0.0
ORD-100072,CUST-0051,2025-11-15,Manitoba,En ligne,Maison,Cafetière,1,236.26,0.0
ORD-104448,CUST-0510,2024-08-15,Québec,Magasin,Beauté,Maquillage,1,78.32,0.15
ORD-104839,CUST-0592,2024-07-08,Alberta,Téléphone,Maison,Chaise,1,313.21,0.15
ORD-107559,CUST-0755,2025-09-14,Colombie-Britannique,Téléphone,Vêtements,Chaussures,1,28.92,0.15
ORD-105101,CUST-1054,2025-04-10,Québec,Magasin,Beauté,Maquillage,1,195.98,0.0
ORD-101190,CUST-1061,2025-11-19,Manitoba,Téléphone,Beauté,Parfum,2,248.14,0.1
ORD-102601,CUST-0474,2025-01-15,Manitoba,Téléphone,Sports,Sac sport,3,318.73,0.0
ORD-101125,CUST-1048,2025-04-17,Colombie-Britannique,En ligne,Sports,Vélo,4,337.27,0.05
ORD-101241,CUST-1448,2024-05-13,Colombie-Britannique,Téléphone,Vêtements,Chaussures,1,30.87,0.1
ORD-107239,CUST-1028,2024-06-29,Manitoba,En ligne,Beauté,Maquillage,1,112.84,0.0
ORD-106663,CUST-0175,2025-08-31,Colombie-Britannique,En ligne,Électronique,Clavier,1,218.3,0.05
ORD-106066,CUST-1131,2024-08-10,Colombie-Britannique,Magasin,Électronique,Souris,4,686.2,0.1
ORD-103351,CUST-0248,2024-12-26,Manitoba,En ligne,Vêtements,Manteau,3,71.93,0.1
ORD-105094,CUST-0562,2024-12-25,Ontario,Téléphone,Beauté,Parfum,1,138.93,0.05
ORD-104008,CUST-0943,2024-09-10,Alberta,Magasin,Électronique,Tablette,2,384.99,0.15
ORD-101577,CUST-0934,2024-09-13,Québec,Magasin,Maison,Mixeur,2,362.75,0.0
ORD-103906,CUST-1256,2025-06-25,Manitoba,Téléphone,Beauté,Parfum,2,163.91,0.0
ORD-103729,CUST-0169,2025-06-28,Manitoba,Téléphone,Beauté,Maquillage,4,248.43,0.05
ORD-104358,CUST-1333,2025-02-06,Ontario,En ligne,Vêtements,Manteau,1,158.4,1.1
ORD-101343,CUST-1280,2025-11-16,Québec,Téléphone,Vêtements,T-shirt,3,174.1,0.0
ORD-102266,CUST-1240,2025-09-27,Québec,En ligne,Maison,Cafetière,1,98.63,0.0
ORD-106760,CUST-0583,2024-02-25,Manitoba,Téléphone,Beauté,Parfum ,1,219.23,0.1
ORD-100440,CUST-0336,2025-02-28,Alberta,Téléphone,Vêtements,T-shirt,2,253.29,0.15
ORD-101100,CUST-0823,2025-09-22,Colombie-Britannique,Magasin,Sports,Ballon,3,564.75,0.05
ORD-102637,CUST-1492,2025-09-27,Manitoba,Téléphone,Beauté,Maquillage,1,121.9,0.0
ORD-105708,CUST-0898,2025-12-15,Québec,Magasin,Électronique,Casque audio,2,128.87,0.0
ORD-100649,CUST-0461,2025-01-25,Colombie-Britannique,Téléphone,Sports,Tapis yoga,1,142.38,0.2
ORD-101546,CUST-1026,2024-07-12,Alberta,Magasin,Électronique,Écran,1,324.97,0.0
ORD-107725,CUST-0573,2025-08-17,Manitoba,Téléphone,Beauté,Maquillage,2,168.88,0.15
ORD-107641,CUST-0975,2024-09-25,Colombie-Britannique,En ligne,Beauté,Shampoing,2,169.59,0.0
ORD-102852,CUST-0367,2024-12-16,Alberta,Magasin,Beauté,Shampoing,2,48.08,0.0
ORD-103503,CUST-0997,2025-07-14,Alberta,En ligne,Maison,Lampe,1,223.31,0.0
ORD-105828,CUST-0054,2024-07-27,Colombie-Britannique,En ligne,Électronique,Écran,2,225.62,0.05
ORD-100630,CUST-0386,2024-07-27,Manitoba,En ligne,Beauté,Soin visage,1,25.15,0.05
ORD-104768,CUST-0191,2025-02-24,Ontario,En ligne,Maison,Aspirateur,1,263.32,0.05
ORD-101249,CUST-0972,2025-04-28,Québec,Magasin,Beauté,Shampoing,2,14.28,0.05
ORD-107689,CUST-0884,2024-05-04,Colombie-Britannique,En ligne,Maison,Lampe,2,365.26,0.05
ORD-100482,CUST-0270,2025-08-29,Colombie-Britannique,Téléphone,Électronique,Casque audio,1,526.08,0.05
ORD-101584,CUST-0106,2024-07-14,Québec,Magasin,Sports,Vélo,2,612.34,0.0
ORD-104676,CUST-0995,2024-09-02,Ontario,En ligne,Vêtements,Veste,3,128.6,0.0
ORD-101462,CUST-0531,2024-04-29,Colombie-Britannique,Magasin,Sports,Sac sport ,1,159.25,0.05
ORD-103040,CUST-1206,2025-12-26,Québec,Téléphone,Vêtements,Chaussures,1,78.27,0.05
ORD-105010,CUST-0601,2025-04-30,Alberta,Magasin,Maison,Chaise,4,243.49,0.05
ORD-106220,CUST-1107,2024-09-13,Québec,En ligne,Beauté,Parfum,1,16.14,0.05
ORD-103273,CUST-1050,2024-03-10,Manitoba,En ligne,Électronique,Souris,2,376.76,0.0
ORD-103683,CUST-1005,2024-12-23,Ontario,Magasin,Sports,Vélo,1,488.04,0.1
ORD-104145,CUST-0339,2024-02-26,Alberta,En ligne,Électronique,Tablette,1,471.31,0.0
ORD-105707,CUST-1190,2025-01-13,Manitoba,Magasin,Sports,Tapis yoga,1,42.89,0.0
ORD-104954,CUST-0071,2024-03-01,Colombie-Britannique,Magasin,Électronique,Écran,1,126.46,0.1
ORD-103225,CUST-0141,2024-01-27,Alberta,Magasin,Beauté,Parfum,4,196.65,0.1
ORD-101072,CUST-0756,2025-02-26,Colombie-Britannique,Magasin,Vêtements,Veste,1,265.48,0.0
ORD-104815,CUST-0748,2025-03-27,Manitoba,Magasin,Sports,Sac sport,1,430.55,0.15
ORD-102631,CUST-0264,2025-06-12,Colombie-Britannique,En ligne,Beauté,Crème,1,154.26,0.1
ORD-101660,CUST-0540,2024-12-21,Colombie-Britannique,Magasin,Vêtements,Jean,2,73.6,0.1
ORD-102425,CUST-1318,2025-06-30,Ontario,En ligne,Beauté,Shampoing,3,221.89,0.0
ORD-105079,CUST-0146,2025-09-16,Québec,Magasin,Beauté,Soin visage,1,158.85,0.05
ORD-106808,CUST-0605,2024-07-07,Colombie-Britannique,En ligne,Maison,Mixeur,1,429.83,0.05
ORD-106145,CUST-0622,2024-06-16,Colombie-Britannique,Magasin,Vêtements,T-shirt,1,122.75,0.15
ORD-103097,CUST-1138,2025-11-09,Ontario,Téléphone,Vêtements,Chaussures,3,127.63,0.15
ORD-103976,CUST-0226,2025-03-22,Colombie-Britannique,Téléphone,Électronique,Écran,3,244.75,0.1
ORD-107233,CUST-0585,2025-03-01,Ontario,En ligne,Sports,Ballon,4,307.5,0.2
ORD-107667,CUST-0079,2025-04-19,Ontario,En ligne,Électronique,Clavier,1,201.83,0.05
ORD-105755,CUST-1098,2025-03-13,Alberta,Téléphone,Vêtements,Veste,2,108.82,0.0
ORD-105481,CUST-1473,2025-11-29,Québec,Téléphone,Électronique,Écran,2,354.08,0.0
ORD-106466,CUST-0934,2024-05-26,Manitoba,En ligne,Vêtements,Manteau,1,197.52,0.05
ORD-105495,CUST-0263,2024-07-24,Québec,Magasin,Beauté,Shampoing,2,143.85,0.05
ORD-105291,CUST-0127,2025-10-19,Ontario,Magasin,Sports,Vélo,1,590.11,0.05
ORD-101408,CUST-0761,2024-05-26,Québec,Téléphone,Sports,Tapis yoga,1,49.26,0.05
ORD-101845,CUST-0796,2024-04-16,Ontario,En ligne,Électronique,Écran,1,423.8,0.15
ORD-101798,CUST-0050,2024-10-21,Québec,En ligne,Électronique,Souris,1,187.77,0.05
ORD-103957,CUST-1364,2024-05-29,Alberta,Magasin,Vêtements,Chaussures,2,198.22,0.1
ORD-101475,CUST-0308,2024-11-29,Ontario,En ligne,Électronique,Souris,3,422.63,0.15
ORD-105861,CUST-1317,2025-01-10,Colombie-Britannique,Téléphone,Beauté,Parfum,2,50.25,0.05
ORD-100035,CUST-0246,2024-06-24,Manitoba,En ligne,Sports,Tapis yoga,3,522.43,0.1
ORD-106152,CUST-0494,2025-11-11,Alberta,Magasin,Sports,Raquette,4,275.69,0.0
ORD-100444,CUST-0206,2024-02-09,Alberta,Téléphone,Vêtements,Manteau,2,106.53,0.0
ORD-102359,CUST-1410,2024-05-17,Colombie-Britannique,En ligne,Beauté,Shampoing,2,119.37,0.05
ORD-103654,CUST-0705,2024-01-09,Manitoba,En ligne,Beauté,Crème,1,168.17,0.05
ORD-107993,CUST-0380,2024-01-09,Alberta,Téléphone,Maison,Aspirateur,3,108.71,0.0
ORD-103179,CUST-0331,2025-09-20,Manitoba,Magasin,Électronique,Écran,4,636.82,0.0
ORD-101286,CUST-0410,2025-04-18,Colombie-Britannique,Magasin,Vêtements,Manteau,2,217.32,0.0
ORD-105998,CUST-0720,2024-06-20,Québec,En ligne,Électronique,Tablette,1,258.83,0.1
ORD-104445,CUST-0171,2024-02-01,Ontario,Magasin,Maison,Mixeur,2,404.0,0.0
ORD-103416,CUST-0093,2024-01-31,Ontario,Magasin,Beauté,Maquillage,2,167.17,0.05
ORD-102137,CUST-0068,2024-04-23,Colombie-Britannique,Magasin,Sports,Ballon,1,662.91,0.0
ORD-102636,CUST-1465,2024-03-18,Colombie-Britannique,En ligne,Sports,Tapis yoga,2,384.89,0.05
ORD-104016,CUST-0619,2024-07-04,Ontario,Magasin,Maison,Lampe,1,95.29,0.0
ORD-107799,CUST-1062,2025-03-10,Colombie-Britannique,Magasin,Électronique,Souris,2,814.81,0.0
ORD-101681,CUST-1359,2024-07-30,Colombie-Britannique,Magasin,Beauté,Maquillage,2,168.82,0.1
ORD-107694,CUST-0025,2024-05-21,Colombie-Britannique,Magasin,Électronique,Casque audio,5,747.02,0.05
ORD-106510,CUST-0824,2024-03-16,Manitoba,En ligne,Électronique,Écran,2,201.78,0.15
ORD-105275,CUST-0948,2024-07-05,Colombie-Britannique,Téléphone,Vêtements,Veste,3,261.61,0.0
ORD-101692,CUST-1432,2025-04-01,Colombie-Britannique,En ligne,Électronique,Tablette,2,749.85,0.05
ORD-107636,CUST-0485,2024-03-11,Alberta,En ligne,Maison,Mixeur,1,358.36,0.1
ORD-106434,CUST-0009,2025-06-20,Québec,En ligne,Sports,Vélo,4,479.17,0.1
ORD-103635,CUST-1420,2025-09-06,Colombie-Britannique,Magasin,Beauté,Maquillage,2,49.88,0.2
ORD-100372,CUST-1114,2025-03-21,Québec,Téléphone,Électronique,Souris,4,895.52,0.1
ORD-106692,CUST-0667,2024-01-21,Manitoba,Téléphone,Électronique,Tablette,2,79.74,0.0
ORD-105453,CUST-0428,2025-08-09,Manitoba,En ligne,Électronique,Clavier,3,755.31,0.1
ORD-104882,CUST-0620,2024-11-11,Colombie-Britannique,Téléphone,Sports,Ballon,1,410.71,0.0
ORD-107653,CUST-0038,2025-05-28,Alberta,Téléphone,Sports,Tapis yoga,1,500.72,0.1
ORD-100140,CUST-0697,2024-09-28,Colombie-Britannique,Téléphone,Vêtements,Manteau,3,129.55,0.05
ORD-104884,CUST-0128,2025-09-25,Manitoba,Téléphone,Vêtements,Manteau,4,126.28,0.0
ORD-104419,CUST-1135,2025-10-08,Ontario,Téléphone,Sports,Ballon,1,231.29,0.05
ORD-107833,CUST-0876,2024-02-09,Colombie-Britannique,Téléphone,Vêtements,Jean,1,52.88,0.05
ORD-106639,CUST-1426,2025-05-24,Ontario,Magasin,Maison,Cafetière,2,72.11,0.0
ORD-100714,CUST-1081,2025-08-27,Alberta,Magasin,Électronique,Souris,1,443.49,0.0
ORD-105243,CUST-1047,2025-11-28,Alberta,Magasin,Sports,Raquette,2,176.49,0.15
ORD-103188,CUST-0973,2024-09-14,Colombie-Britannique,Téléphone,Maison,Mixeur,1,474.31,0.0
ORD-107137,CUST-0154,2024-12-15,Ontario,Magasin,Sports,Raquette,1,243.58,0.0
ORD-104431,CUST-0414,2025-11-22,Manitoba,Téléphone,Maison,Cafetière,1,303.85,0.05
ORD-105669,CUST-0117,2025-02-09, québec ,En ligne,Vêtements,Jean,4,16.36,0.2
ORD-100406,CUST-0569,2025-01-26,Ontario,En ligne,Beauté,Maquillage,1,76.32,0.05
ORD-100020,CUST-0752,2024-05-23,Québec,Magasin,Électronique,Tablette,2,583.0,0.05
ORD-101004,CUST-0055,2024-11-02,Québec,Magasin,Sports,Sac sport,1,277.72,0.15
ORD-104986,,2025-01-19,Ontario,Magasin,Électronique,Tablette,3,766.92,0.0
ORD-102411,CUST-0764,2024-08-19,Québec,En ligne,Beauté,,2,172.09,0.1
ORD-102545,CUST-0836,2025-12-02,Ontario,Téléphone,Vêtements,Veste,1,191.23,0.0
ORD-106062,CUST-0249,2025-08-29,Ontario,Téléphone,Vêtements,Chaussures,1,148.55,0.05
ORD-102390,CUST-0812,2025-08-25,Alberta,En ligne,Vêtements,Manteau,1,150.84,0.0
ORD-107220,CUST-1181,2024-08-12,Ontario,Magasin,Sports,Raquette,1,585.79,0.1
ORD-100042,CUST-1261,2024-09-28,Manitoba,Téléphone,Électronique,Écran,1,116.2,0.0
ORD-102830,CUST-0692,2025-06-26,Ontario,Téléphone,Vêtements,Chaussures,3,159.01,0.15
ORD-103371,CUST-0308,2025-02-06,Manitoba,Magasin,Électronique,Casque audio,1,446.36,0.0
ORD-103022,CUST-1296,2024-02-03,Colombie-Britannique,Magasin,Beauté,Parfum,3,234.53,0.1
ORD-103364,CUST-1295,2025-03-04,Ontario,Téléphone,Beauté,Parfum,4,139.25,0.15
ORD-104399,CUST-1419,2025-07-09,Colombie-Britannique,Téléphone,Électronique,Clavier,1,553.49,0.05
ORD-105252,CUST-0819,2025-09-14,Manitoba,Téléphone,Maison,Aspirateur,2,208.6,0.0
ORD-100011,CUST-1029,2024-08-05,Alberta,Magasin,Sports,Vélo,2,96.92,0.1
ORD-104760,CUST-0855,2024-09-17,Ontario,Téléphone,Maison,Lampe,2,205.86,0.0
ORD-101177,CUST-0579,2024-06-23,Alberta,En ligne,Sports,Sac sport,2,117.44,0.0
ORD-101947,CUST-1415,2025-06-02,Alberta,Magasin,Électronique,Clavier,1,631.45,0.15
ORD-102501,CUST-0348,2025-04-25,Ontario,Téléphone,Sports,Tapis yoga,3,320.75,0.1
ORD-107017,CUST-1176,2025-03-14,Québec,Téléphone,Électronique,Casque audio,3,767.17,0.15
ORD-102863,CUST-1239,2024-10-13,Manitoba,Magasin,Électronique,Tablette,1,897.48,0.0
ORD-103865,CUST-0876,2024-11-04,Québec,Téléphone,Maison,Mixeur,1,271.45,0.05
ORD-101026,CUST-0393,2025-05-03,Ontario,En ligne,Sports,Vélo,1,481.52,0.05
ORD-103848,CUST-0607,2024-03-23,Manitoba,En ligne,Électronique,Écran,1,897.77,0.05
ORD-102989,CUST-1318,2024-09-29,Alberta,En ligne,Sports,Vélo,1,305.62,0.15
ORD-100961,CUST-0590,2025-10-20,Alberta,En ligne,Électronique,Souris,5,805.04,0.0
ORD-102889,CUST-0505,2024-12-22,Ontario,En ligne,Vêtements,Veste,4,262.18,0.1
ORD-103015,CUST-0928,2024-01-30,Alberta,En ligne,Vêtements,T-shirt,2,231.79,0.0
ORD-103338,CUST-0176,2024-10-18,Québec,Téléphone,Maison,Aspirateur,2,366.31,0.0
ORD-106133,CUST-1335,2025-10-03,Québec,En ligne,Beauté,Maquillage,4,166.0,0.1
ORD-100735,CUST-0820,2024-12-13,Alberta,Téléphone,Sports,Ballon,2,21.73,0.05
ORD-104400,CUST-0165,2025-09-29,Ontario,En ligne,Beauté,Parfum,2,132.12,0.1
ORD-101440,CUST-0216,2024-10-16,Manitoba,Téléphone,Maison,Aspirateur,1,264.32,0.15
ORD-107686,CUST-0606,2024-02-06,Ontario,En ligne,Maison,Aspirateur,1,244.21,0.0
ORD-102875,CUST-0785,2025-12-21,Ontario,En ligne,Beauté,Parfum,1,57.66,0.15
ORD-103986,CUST-0603,2024-06-16,Manitoba,En ligne,Électronique,Clavier,1,261.14,0.0
ORD-100916,CUST-1154,2024-12-15,Ontario,En ligne,Vêtements,Jean,4,234.52,0.1
ORD-106740,CUST-1348,2024-06-16,Alberta,Magasin,Maison,Lampe,4,436.28,0.2
ORD-106526,CUST-0613,2025-12-31,Ontario,Magasin,Beauté,Crème,3,214.77,0.05
ORD-104089,CUST-0933,2024-01-09,Manitoba,En ligne,Électronique,Souris,3,463.26,0.1
ORD-107462,CUST-0161,2025-10-27,Alberta,Téléphone,Sports,Raquette,2,362.91,0.15
ORD-106314,CUST-1374,2024-07-23,Ontario,Magasin,Électronique,Écran,2,50.66,0.1
ORD-102772,CUST-1392,2024-12-05,Québec,Magasin,Beauté,Crème,1,234.97,0.0
ORD-101624,CUST-0813,2024-11-25,Alberta,En ligne,Vêtements,Chaussures,1,248.72,0.2
ORD-106406,CUST-0309,2024-12-27,Manitoba,Téléphone,Électronique,Clavier,3,311.54,0.0
ORD-100821,CUST-1061,2024-05-16,Colombie-Britannique,Téléphone,Sports,Ballon,1,38.74,0.0
ORD-101367,CUST-0755,2025-04-01,Manitoba,En ligne,Électronique,Écran,2,430.85,0.05
ORD-103712,CUST-0851,2025-05-20,Ontario,Magasin,Maison,Aspirateur,4,293.42,0.15
ORD-107851,CUST-0610,2025-10-20,Ontario,En ligne,Sports,Raquette,3,378.36,0.2
ORD-107259,CUST-0092,2025-10-11,Québec,En ligne,Maison,Mixeur,3,147.76,0.1
ORD-100850,CUST-0053,2024-08-05,Québec,En ligne,Électronique,Casque audio,1,655.36,0.05
ORD-101000,CUST-0890,2025-01-22,Québec,En ligne,Beauté,Parfum,1,77.1,0.0
ORD-107663,CUST-0896,2024-11-01,Colombie-Britannique,Téléphone,Électronique,Écran,2,609.23,0.0
ORD-104114,CUST-0276,2024-01-29,Alberta,Magasin,Sports,Raquette,1,499.82,0.15
ORD-101637,CUST-0755,2025-07-21,Québec,En ligne,Sports,Sac sport,2,196.37,0.1
ORD-101667,CUST-0911,2024-08-29,Manitoba,En ligne,Vêtements,Manteau,2,86.85,0.2
ORD-104589,CUST-0758,2025-02-11,Québec,Magasin,Sports,Sac sport,2,450.58,0.05
ORD-103173,CUST-1123,2025-07-10,Québec,Téléphone,Beauté,Shampoing,5,115.96,0.0
ORD-106155,CUST-0614,2024-10-10,Québec,Téléphone,Vêtements,Manteau,1,238.54,0.2
ORD-101347,CUST-1134,2025-08-28,Ontario,En ligne,Sports,Vélo,1,398.74,0.05
ORD-106311,CUST-0365,2024-02-06,Québec,Téléphone,Vêtements,Jean,1,192.99,0.15
ORD-103230,CUST-1490,2024-06-02,Ontario,En ligne,Sports,Raquette,1,27.74,0.05
ORD-105700,CUST-0995,2024-03-18,Ontario,Magasin,Vêtements,Jean,3,140.88,0.0
ORD-106214,CUST-0055,2025-08-26,Manitoba,Magasin,Maison,Cafetière,1,124.61,0.05
ORD-104783,CUST-0495,2025-09-10,Ontario,Téléphone,Sports,Vélo,1,677.71,0.1
ORD-106834,CUST-0400,2024-12-21,Colombie-Britannique,Téléphone,Sports,Raquette,4,267.26,0.0
ORD-103232,CUST-0523,2025-10-12,Manitoba,Magasin,Beauté,Shampoing,4,118.52,0.0
ORD-106608,CUST-1495,2025-10-13,Alberta,En ligne,Électronique,Clavier,1,297.15,0.05
ORD-100703,CUST-0927,2025-01-01,Alberta,Téléphone,Maison,Lampe,2,337.44,0.0
ORD-105105,CUST-1307,2024-04-28,Alberta,Téléphone,Vêtements,T-shirt,2,237.3,0.05
ORD-106440,CUST-0214,2025-10-27,Alberta,Magasin,Vêtements,T-shirt,1,167.96,0.0
ORD-103291,CUST-0872,2024-03-21,Manitoba,En ligne,Électronique,Tablette,1,121.82,0.0
ORD-103673,CUST-0783,2025-07-30,Alberta,TÉLÉPHONE,Vêtements,T-shirt,3,72.59,0.15
ORD-102408,CUST-0077,2024-10-23,Ontario,Téléphone,Beauté,Parfum,2,220.31,0.0
ORD-107452,CUST-0202,2025-08-20,Manitoba,Magasin,Sports,Sac sport,1,227.98,0.15
ORD-101327,CUST-0296,2024-04-16,Colombie-Britannique,En ligne,Électronique,Tablette,1,205.83,0.15
ORD-107519,CUST-1385,2024-12-31,Manitoba,En ligne,Beauté,Soin visage,2,202.83,0.15
ORD-105406,CUST-0408,2024-05-27,Québec,Téléphone,Beauté,Crème,1,228.54,0.05
ORD-106623,CUST-0914,2024-11-02,Manitoba,Téléphone,Maison,Cafetière,3,41.84,0.1
ORD-104909,CUST-0670,2024-08-22,Alberta,Magasin,Vêtements,T-shirt,3,36.42,0.0
ORD-104440,CUST-0545,2025-01-11,Ontario,Téléphone,Électronique,Tablette,2,821.71,0.0
ORD-106749,CUST-0457,2025-03-29,Québec,Magasin,Électronique,Écran,2,592.81,0.05
ORD-100986,CUST-0647,2025-04-17,Alberta,En ligne,Beauté,Parfum,2,94.55,0.0
ORD-106417,CUST-0913,2025-07-29,Ontario,Magasin,Électronique,Tablette,2,83.11,0.0
ORD-107333,CUST-1328,2025-05-07,Ontario,Téléphone,Vêtements,Chaussures,1,56.19,0.0
ORD-106948,CUST-0663,2025-11-02,Ontario,En ligne,Vêtements,Jean,2,112.41,0.15
ORD-106687,CUST-1111,2024-02-17,Québec,En ligne,Sports,Sac sport,2,633.28,0.0
ORD-104049,CUST-0741,2024-11-22,Manitoba,En ligne,Beauté,Crème,1,116.44,0.1
ORD-103485,CUST-0623,2025-05-23,Ontario,En ligne,Beauté,Parfum,1,244.95,0.05
ORD-102474,CUST-0581,2024-08-29,Colombie-Britannique,En ligne,Maison,Chaise,1,117.59,0.05
ORD-105238,CUST-0947,2025-12-09,Colombie-Britannique,Magasin,Vêtements,Manteau,1,-222.06,0.15
ORD-103873,CUST-0971,2025-11-03,Manitoba,Magasin,Électronique,Souris,1,195.36,0.0
ORD-101198,CUST-1384,2025-03-15,Ontario,En ligne,Beauté,Maquillage,2,246.74,0.1
ORD-104181,CUST-0079,2024-12-30,Colombie-Britannique,En ligne,Vêtements,Chaussures,1,98.24,0.05
ORD-101518,CUST-1267,2024-07-10,Colombie-Britannique,Magasin,Électronique,Écran,1,205.99,0.05
ORD-107861,CUST-1444,2024-06-26,Alberta,Magasin,Vêtements,Jean,2,105.93,
ORD-105477,CUST-1448,2024-05-07,Québec,Magasin,Beauté,Crème,3,65.83,0.0
ORD-101799,CUST-0098,2024-12-02,Colombie-Britannique,Téléphone,Vêtements,Chaussures ,1,149.07,0.0
ORD-101014,CUST-0275,2024-01-20,Ontario,Magasin,Vêtements,Jean,3,98.34,0.15
ORD-100128,CUST-0406,2024-03-09,Québec,En ligne,Sports,Vélo,4,286.7,0.2
ORD-101364,CUST-0690,2025-06-22,Québec,Magasin,Beauté,,1,27.08,0.15
ORD-106221,CUST-1348,2025-06-13, alberta ,En ligne,Maison,Cafetière,4,84.83,0.1
ORD-104470,CUST-0538,2024-01-04,Manitoba,Magasin,Électronique,Tablette,3,752.59,0.0
ORD-100891,CUST-0811,2025-02-18,Alberta,Téléphone,Beauté,Shampoing,1,172.64,0.0
ORD-102793,CUST-0091,2025-05-23,Manitoba,En ligne,Électronique,Casque audio,1,739.26,0.0
ORD-106782,CUST-0484,2024-06-24,Manitoba,Téléphone,Électronique,Écran,4,868.87,0.0
ORD-105455,CUST-0495,2024-03-22,Alberta,Magasin,Sports,Ballon,1,415.08,0.0
ORD-104403,CUST-0466,2024-08-12,Québec,Magasin,Sports,Raquette,2,316.38,0.1
ORD-107691,CUST-0862,2024-12-20,Colombie-Britannique,Magasin,Vêtements,Chaussures,2,97.13,0.1
ORD-105413,CUST-1446,2024-02-26,Colombie-Britannique,Téléphone,Électronique,Casque audio ,2,631.58,0.15
ORD-106930,CUST-0930,2025-04-09,Québec,En ligne,Vêtements,Jean,1,19.66,0.0
ORD-103249,CUST-0615,2024-07-27,Manitoba,Téléphone,Électronique,Tablette,1,654.44,0.0
ORD-106855,CUST-0372,2024-11-04,Québec,En ligne,Électronique,Clavier,2,58.06,0.1
ORD-101208,CUST-0691,2025-07-29,Manitoba,Téléphone,Sports,Sac sport,2,366.12,
ORD-103868,CUST-1073,2024-04-20,Ontario,Téléphone,Vêtements,Manteau,3,262.36,0.1
ORD-107457,CUST-0515,2024-01-04,Manitoba,Magasin,Beauté,Maquillage,1,18.09,0.1
ORD-104065,CUST-0891,2024-02-02,Colombie-Britannique,En ligne,Maison,Chaise,3,60.66,0.0
ORD-106911,CUST-0297,2025-07-15,Manitoba,Téléphone,Vêtements,Veste,3,160.02,0.0
ORD-107520,CUST-0330,2025-08-16,Québec,Magasin,Maison,Lampe,1,375.12,0.0
ORD-101239,CUST-0824,2025-11-24,Alberta,Téléphone,Beauté,Maquillage,1,151.42,0.05
ORD-102289,CUST-0368,2025-02-26,Colombie-Britannique,En ligne,Vêtements,T-shirt,1,54.02,0.0
ORD-102740,CUST-1361,2025-06-04,Colombie-Britannique,En ligne,Beauté,Parfum,3,41.51,0.1
ORD-100275,CUST-0383,2024-03-08,Colombie-Britannique,En ligne,Sports,Ballon,1,192.16,0.0
ORD-104585,CUST-0086,2024-11-04,Québec,Téléphone,Beauté,Maquillage,3,232.74,0.0
ORD-101035,CUST-0143,2025-09-18,Manitoba,En ligne,Maison,Mixeur,4,143.2,0.05
ORD-101229,CUST-0770,2024-08-23,,En ligne,Beauté,Parfum,1,131.96,0.0
ORD-101008,CUST-0309,2024-04-06,Manitoba,Magasin,Beauté,Soin visage,1,75.21,0.0
ORD-106584,CUST-0386,2025-11-13,Colombie-Britannique,Téléphone,Beauté,Soin visage,1,141.63,0.0
ORD-105178,CUST-0378,2024-04-29,Ontario,En ligne,Maison,Aspirateur,4,460.21,0.0
ORD-103828,CUST-0749,2025-02-18,Colombie-Britannique,Téléphone,Électronique,Tablette,2,320.43,0.15
ORD-102532,CUST-0970,2024-08-12,Ontario,Téléphone,Sports,Ballon,1,186.59,0.05
ORD-104293,CUST-0499,2024-01-06,Manitoba,En ligne,Vêtements,Chaussures,1,126.12,0.05
ORD-101058,CUST-0364,2024-07-20,Ontario,En ligne,Maison,Chaise,2,213.09,0.05
ORD-106183,CUST-1368,2025-08-09,Alberta,Téléphone,Vêtements,Chaussures,5,102.23,0.05
ORD-100281,CUST-0928,2025-11-18,Alberta,Magasin,Sports,Ballon,2,37.87,0.05
ORD-101043,CUST-0174,2025-04-14,Québec,Magasin,Vêtements,T-shirt,4,163.03,0.05
ORD-101316,CUST-0916,2024-04-18,Québec,En ligne,Vêtements,Veste,1,273.21,0.0
ORD-100968,CUST-1285,2024-07-17,Alberta,Téléphone,Maison,Aspirateur,1,459.24,0.0
ORD-102381,CUST-0202,2024-10-15,Ontario,En ligne,Maison,Aspirateur,4,240.14,0.0
ORD-106446,CUST-1439,2025-12-14,Québec,Magasin,Maison,Lampe,1,357.73,0.15
ORD-101939,CUST-0032,2024-06-25,Manitoba,Magasin,Beauté,Parfum,4,129.19,0.05
ORD-105812,CUST-0245,2024-08-30,Manitoba,Magasin,Électronique,Casque audio,1,671.18,0.05
ORD-101274,CUST-1367,2025-01-01,Québec,En ligne,Sports,Sac sport,2,565.96,0.15
ORD-100619,CUST-1297,2025-12-03,Manitoba,Magasin,Électronique,Clavier,1,309.16,0.1
ORD-105879,CUST-0883,2025-01-13,Québec,Téléphone,Électronique,Casque audio,3,84.11,0.15
ORD-101742,CUST-1414,2025-05-16,Québec,Magasin,Électronique,Tablette,3,314.56,0.2
ORD-101390,CUST-0610,2024-01-16,Ontario,En ligne,Maison,Lampe,1,358.3,0.15
ORD-106577,CUST-0178,2024-03-25,Manitoba,En ligne,Électronique,Casque audio,2,405.27,0.1
ORD-101579,CUST-0171,2024-02-20,Québec,Téléphone,Maison,Lampe,2,55.71,0.1
ORD-101655,CUST-1399,2024-05-18,Québec,Téléphone,Électronique,Clavier,3,90.56,0.0
ORD-103568,CUST-1188,2025-06-11,Québec,Magasin,Beauté,Crème,4,193.38,0.2
ORD-102352,CUST-1413,2025-01-08,Colombie-Britannique,Téléphone,Maison,Cafetière,3,429.49,0.1
ORD-102212,CUST-0973,2025-03-13,Colombie-Britannique,En ligne,Beauté,Soin visage,1,75.9,0.05
ORD-103652,CUST-0778,2024-04-20,Colombie-Britannique,Magasin,Vêtements,Chaussures,1,249.24,0.2
ORD-103178,CUST-0480,2024-07-07,Colombie-Britannique,Magasin,Sports,Tapis yoga,2,465.02,0.15
ORD-103192,,2025-07-21,Alberta,Magasin,Sports,Sac sport,3,582.57,0.0
ORD-101307,CUST-0178,2024-01-06,Manitoba,Téléphone,Maison,Lampe,2,222.44,0.0
ORD-100575,CUST-1202,2025-04-01,Manitoba,Téléphone,Vêtements,Veste,2,76.25,0.0
ORD-102360,CUST-1397,2024-06-10,Ontario,Magasin,Maison,Cafetière,1,270.87,0.0
ORD-101280,CUST-0556,2024-06-04,Ontario,Magasin,Vêtements,Veste,1,118.56,0.05
ORD-106571,CUST-0332,2024-02-21,Québec,En ligne,Sports,Ballon,1,507.56,0.05
ORD-104957,CUST-0411,2025-02-09,Manitoba,Téléphone,Sports,Vélo,4,538.42,0.15
ORD-106683,CUST-1445,2024-11-06,,En ligne,Sports,Ballon,2,540.98,0.1
ORD-105724,CUST-1113,2024-08-06,Ontario,En ligne,Électronique,Tablette,2,691.97,0.05
ORD-101993,CUST-0721,2024-01-21,Ontario,Magasin,Vêtements,Jean,3,105.09,0.1
ORD-102639,CUST-0107,2025-06-12,Québec,Magasin,Électronique,Clavier,1,699.04,0.1
ORD-100269,CUST-0165,2024-11-09,Manitoba,En ligne,Beauté,Crème,3,199.05,0.1
ORD-100629,CUST-0334,2024-12-14,Ontario,En ligne,Vêtements,T-shirt,1,31.01,0.0
ORD-106691,CUST-0802,2024-06-15,Colombie-Britannique,En ligne,Maison,Cafetière,2,229.11,0.15
ORD-103081,CUST-0014,2024-10-09,Alberta,Magasin,Sports,Ballon,1,153.05,0.1
ORD-103466,CUST-0048,2024-08-18,Alberta,Magasin,Vêtements,Chaussures,1,193.61,0.2
ORD-107059,CUST-0745,2024-06-20,Ontario,Magasin,Électronique,Tablette,4,831.99,0.05
ORD-104396,CUST-0330,2024-11-18,Québec,Magasin,Maison,Mixeur,1,81.0,0.0
ORD-104023,CUST-0172,2024-03-24,Québec,Magasin,Beauté,Crème,4,226.51,0.2
ORD-107655,CUST-1396,2024-10-27, colombie-britannique ,Téléphone,Beauté,Parfum,1,127.33,0.0
ORD-105543,CUST-1452,2024-09-13,Manitoba,En ligne,Beauté,Crème,2,35.07,0.15
ORD-105568,CUST-0853,2024-03-13,Québec,Magasin,Électronique,Écran,5,459.25,0.1
ORD-102046,CUST-0275,2024-12-23,Ontario,Téléphone,Électronique,Souris,1,98.86,0.1
ORD-104356,CUST-0753,2025-10-22,Colombie-Britannique,En ligne,Maison,Chaise,2,268.05,0.15
ORD-106346,CUST-0592,2024-02-19,Colombie-Britannique,Téléphone,Beauté,Crème,2,231.7,0.1
ORD-102113,CUST-1328,2025-06-24,Ontario,En ligne,Électronique,Clavier,4,590.97,0.0
ORD-100027,CUST-0957,2025-11-11,Colombie-Britannique,Magasin,Beauté,Crème,1,141.7,0.1
ORD-102040,CUST-0847,2025-06-04,Ontario,En ligne,Vêtements,Jean,1,261.76,0.15
ORD-103928,CUST-1224,2025-01-13,Manitoba,Téléphone,Sports,Vélo,1,406.03,0.0
ORD-107304,CUST-0004,2025-05-10,Alberta,En ligne,Électronique,Tablette,4,886.63,0.0
ORD-103216,CUST-0156,2025-06-03,Colombie-Britannique,Magasin,Maison,Chaise,2,176.23,0.05
ORD-107527,CUST-0370,2025-10-08,Québec,En ligne,Beauté,Shampoing,2,70.75,0.2
ORD-103814,CUST-0240,2024-03-13,Colombie-Britannique,En ligne,Vêtements,T-shirt,3,52.22,0.0
ORD-100129,CUST-0365,2025-04-26,Québec,En ligne,Vêtements,Chaussures,1,254.84,0.15
ORD-106000,CUST-1006,2025-05-27,Québec,Magasin,Vêtements,Jean,2,33.25,0.0
ORD-107927,CUST-0538,2025-02-22,Ontario,En ligne,Maison,Mixeur,3,241.86,0.1
ORD-104599,CUST-1438,2025-05-27,Alberta,En ligne,Électronique,Clavier,2,164.7,0.0
ORD-100013,CUST-1267,2024-03-26,Colombie-Britannique,En ligne,Beauté,Soin visage,2,58.73,0.15
ORD-106931,CUST-0875,2024-04-12,Ontario,Téléphone,Vêtements,T-shirt,1,82.65,0.0
ORD-104476,CUST-0282,2025-06-13,Alberta,Magasin,Sports,Ballon,1,295.79,0.05
ORD-101525,CUST-0091,2025-03-31,Colombie-Britannique,Téléphone,Beauté,Shampoing,1,241.44,0.05
ORD-102365,CUST-0939,2024-01-29,Alberta,En ligne,Vêtements,Chaussures,2,263.12,0.0
ORD-104648,CUST-0071,2025-12-26,Ontario,Magasin,Sports,Raquette,2,353.27,0.05
ORD-103052,CUST-0707,2025-08-10,Manitoba,Téléphone,Électronique,Clavier,2,843.08,0.0
ORD-104005,CUST-0536,2024-05-26,Alberta,Téléphone,Beauté,Crème,1,184.27,0.15
ORD-102340,CUST-1039,2025-09-05,Québec,En ligne,Vêtements,Jean,1,277.74,0.0
ORD-100374,CUST-0848,2025-03-25,Ontario,Téléphone,Beauté,Parfum,1,177.59,0.05
ORD-105899,CUST-0073,2024-01-19,Manitoba,Téléphone,Sports,Tapis yoga,2,399.55,0.05
ORD-107669,CUST-1249,2024-10-08,Alberta,Magasin,Vêtements,Veste,1,164.52,0.0
ORD-100939,CUST-0310,2024-10-18,Ontario,Téléphone,Beauté,Maquillage,3,93.7,0.1
ORD-107730,CUST-1250,2024-07-11,Ontario,En ligne,Beauté,Crème,2,80.71,0.15
ORD-105718,CUST-0716,2025-02-03,Colombie-Britannique,Magasin,Maison,Aspirateur,1,324.65,0.0
ORD-104573,CUST-0099,2025-08-29,Manitoba,Magasin,Sports,Raquette,4,660.92,0.1
ORD-102147,CUST-0582,2025-01-04,Colombie-Britannique,Téléphone,Maison,Mixeur,3,283.06,0.05
ORD-103591,CUST-0239,2025-12-11,Québec,Magasin,Maison,Cafetière,1,422.19,0.15
ORD-106607,CUST-0264,2025-10-22,Manitoba,En ligne,Vêtements,Veste,4,137.64,0.0
ORD-107337,CUST-1301,2025-02-22,Québec,Téléphone,Électronique,Casque audio,2,372.05,0.05
ORD-106792,CUST-1230,2024-12-22,Alberta,Magasin,Maison,Lampe,1,293.72,0.1
ORD-103623,CUST-1030,2024-08-08,Manitoba,Téléphone,Beauté,Parfum,3,77.38,0.05
ORD-100529,CUST-1049,2025-08-08,Ontario,Magasin,Vêtements,T-shirt,1,63.72,0.05
ORD-103714,CUST-1340,2025-06-25,Québec,En ligne,Électronique,Souris,1,216.24,0.0
ORD-106315,CUST-0102,2024-09-18,Québec,Magasin,Sports,Raquette,2,574.02,0.0
ORD-104732,CUST-0506,2024-05-09,Alberta,Téléphone,Maison,Cafetière,2,276.99,0.05
ORD-101269,CUST-0181,2025-06-09,Colombie-Britannique,Magasin,Vêtements,Manteau,1,291.61,0.1
ORD-104281,CUST-0796,2025-07-25,Ontario,En ligne,Beauté,Maquillage,4,104.21,0.15
ORD-101394,CUST-0811,2025-07-12,Alberta,En ligne,Vêtements,T-shirt,2,67.13,0.0
ORD-104850,CUST-0785,2025-04-08,Colombie-Britannique,Magasin,Beauté,Maquillage,4,63.23,0.1
ORD-104009,CUST-0821,2024-11-15,Alberta,Magasin,Sports,Ballon,3,521.15,0.0
ORD-104390,CUST-1480,2025-06-24,Ontario,Téléphone,Sports,Sac sport,2,269.1,0.05
ORD-101797,CUST-1269,2025-03-25,Ontario,Téléphone,Sports,Raquette,2,141.84,0.1
ORD-102979,CUST-0198,2025-11-13,Ontario,Magasin,Beauté,Shampoing,3,213.8,0.05
ORD-101441,CUST-1431,2025-01-04,Québec,Magasin,Électronique,Casque audio,2,349.99,0.15
ORD-106052,CUST-0289,2025-01-02,Colombie-Britannique,En ligne,Sports,Ballon,1,184.86,0.15
ORD-107863,CUST-0618,2025-02-24,Ontario,Téléphone,Maison,Lampe,2,423.0,0.2
ORD-103811,CUST-1299,2025-04-14,Québec,Magasin,Vêtements,Chaussures,2,87.14,0.1
ORD-105631,CUST-0046,2024-12-24,Québec,Téléphone,Beauté,Crème,3,243.78,0.15
ORD-101273,CUST-0265,2024-12-03,Manitoba,En ligne,Vêtements,Veste,3,293.97,0.15
ORD-104703,CUST-1270,2024-07-02,Manitoba,Magasin,Sports,Tapis yoga,1,635.29,0.1
ORD-101712,CUST-0821,2024-08-11,Colombie-Britannique,Téléphone,Maison,Lampe,1,317.87,0.05
ORD-100955,CUST-0105,2024-09-22,Ontario,Magasin,Vêtements,Jean,1,104.13,0.05
ORD-105994,CUST-0767,2025-03-08,Ontario,Magasin,Beauté,Parfum,2,32.22,0.1
ORD-106455,CUST-0211,2025-06-17,Manitoba,En ligne,Vêtements,Veste,2,178.52,0.0
ORD-107148,CUST-1345,2025-11-09,Ontario,Téléphone,Vêtements,T-shirt,2,169.55,0.0
ORD-107417,CUST-0953,2025-04-29,Québec,Magasin,Électronique,Casque audio,2,334.19,0.0
ORD-100403,CUST-1425,2024-04-06,Manitoba,Magasin,Électronique,Souris,1,300.36,0.05
ORD-102071,CUST-0788,2025-12-05,Colombie-Britannique,Téléphone,Électronique,Écran,3,53.86,0.1
ORD-107674,CUST-0303,2025-12-12,Ontario,Téléphone,Sports,Raquette,1,416.82,0.05
ORD-101977,CUST-1182,2024-02-25,Québec,Téléphone,Beauté,Parfum,1,247.94,0.0
ORD-100158,CUST-0687,2024-10-11,Colombie-Britannique,Téléphone,Électronique,Écran,1,772.34,0.2
ORD-103888,CUST-0109,2024-10-06,Québec,Téléphone,Maison,Mixeur,3,107.4,0.05
ORD-105451,CUST-0898,2025-06-15,Alberta,En ligne,Sports,Raquette,1,186.73,0.05
ORD-100902,CUST-0165,2024-05-04,Québec,En ligne,Sports,Raquette,2,622.49,0.15
ORD-100352,CUST-1479,2024-01-13,Ontario,Magasin,Sports,Tapis yoga,2,542.98,0.0
ORD-105326,CUST-0763,2025-04-21,Québec,Téléphone,Beauté,Parfum,2,15.27,0.15
ORD-104540,CUST-0595,2024-11-19,Manitoba,Magasin,Sports,Vélo,1,502.94,0.2
ORD-104130,CUST-0111,2024-07-27,Ontario,Téléphone,Beauté,Parfum,2,173.35,0.15
ORD-100754,CUST-0747,2024-05-28,Ontario,En ligne,Sports,Sac sport,2,681.36,0.2
ORD-102971,CUST-0956,2024-01-24,Ontario,En ligne,Vêtements,T-shirt,1,262.6,0.1
ORD-106933,CUST-1408,2024-11-15,Alberta,En ligne,Vêtements,Veste,2,112.31,0.05
ORD-102920,CUST-0018,2025-04-15,Alberta,Téléphone,Vêtements,Chaussures,2,264.67,0.0
ORD-100311,CUST-0332,2025-01-12,Alberta,Téléphone,Beauté,Parfum,2,141.9,0.15
ORD-104644,CUST-0813,2025-08-08,Colombie-Britannique,Téléphone,Beauté,Soin visage,1,105.38,0.0
ORD-100661,CUST-0265,2024-07-23,Alberta,Téléphone,Vêtements,Jean,2,181.19,0.05
ORD-101989,CUST-0273,2024-02-21,Manitoba,En ligne,Maison,Cafetière,1,182.52,0.0
ORD-103665,CUST-0029,2025-06-15,Manitoba,Magasin,Maison,Aspirateur,2,456.29,0.1
ORD-100306,CUST-0382,2024-08-20,Québec,Magasin,Maison,Chaise,1,124.88,0.05
ORD-102335,CUST-0074,2024-12-06,Québec,Magasin,Beauté,Maquillage,2,33.73,0.0
ORD-104790,CUST-0387,2025-08-05,Colombie-Britannique,Magasin,Sports,Raquette,1,598.93,0.05
ORD-102356,CUST-1069,2025-08-15,Alberta,Magasin,Beauté,Parfum,1,96.79,0.1
ORD-103702,CUST-0169,2024-03-10,Ontario,En ligne,Électronique,Casque audio,1,625.59,0.15
ORD-103804,CUST-0216,2024-03-30,Ontario,Magasin,Maison,Mixeur,1,469.48,0.15
ORD-101927,CUST-0447,2025-12-13,Alberta,Magasin,Électronique,Clavier,5,319.44,0.15
ORD-107088,CUST-0443,2024-07-29,Manitoba,Magasin,Vêtements,T-shirt,1,166.94,0.2
ORD-103427,CUST-1168,2024-07-10,Québec,Magasin,Vêtements,Jean,3,124.69,0.0
ORD-100749,CUST-1315,2025-11-01,Colombie-Britannique,Téléphone,Vêtements,Veste,2,265.61,0.05
ORD-103638,CUST-0891,2024-01-31,Alberta,Téléphone,Électronique,Tablette,1,684.31,0.15
ORD-105889,CUST-1002,2025-04-20,Colombie-Britannique,En ligne,Électronique,Souris,2,528.99,0.1
ORD-101266,CUST-1008,2024-10-02,Ontario,Magasin,Électronique,Tablette,4,707.27,0.0
ORD-105921,CUST-0002,2024-04-27,Ontario,Téléphone,Vêtements,Jean,2,34.67,0.05
ORD-106142,CUST-0888,2024-05-22,Manitoba,Magasin,Électronique,Clavier,1,144.43,0.0
ORD-107145,CUST-0204,2025-02-08,Colombie-Britannique,En ligne,Sports,Raquette,1,263.79,0.05
ORD-103595,CUST-0913,2025-12-30,Manitoba,En ligne,Maison,Chaise,2,416.63,0.0
ORD-102134,CUST-1106,2025-09-08,Manitoba,Magasin,Vêtements,Chaussures,4,22.28,0.05
ORD-105066,CUST-0850,2025-03-23,Colombie-Britannique,En ligne,Électronique,Casque audio,1,114.03,0.0
ORD-104109,CUST-0836,2025-09-03,Alberta,Magasin,Maison,Cafetière,1,281.03,0.0
ORD-104969,CUST-0896,2025-08-21,Ontario,En ligne,Beauté,Soin visage,2,102.76,0.0
ORD-104904,CUST-0776,2025-08-12,Colombie-Britannique,En ligne,Beauté,Maquillage,1,96.72,0.1
ORD-100514,CUST-1469,2025-10-16,Manitoba,Téléphone,Électronique,Tablette,3,226.37,0.05
ORD-107226,CUST-0213,2024-01-16,Manitoba,En ligne,Électronique,Tablette,1,527.53,0.0
ORD-100409,CUST-0022,2024-06-02,Alberta,Téléphone,Électronique,Clavier,1,283.65,0.1
ORD-107345,CUST-1459,2024-02-04,Colombie-Britannique,Magasin,Sports,Tapis yoga,2,69.17,0.0
ORD-103772,CUST-0141,2025-06-13,Colombie-Britannique,Téléphone,Maison,Lampe,1,341.46,0.15
ORD-107985,CUST-0578,2025-04-04,Manitoba,En ligne,Électronique,Casque audio,2,309.15,0.15
ORD-107043,CUST-0132,2025-03-28,Québec,Téléphone,Vêtements,Jean,5,234.84,0.0
ORD-100207,CUST-1073,2024-06-02,Alberta,Magasin,Maison,Aspirateur,1,454.83,0.1
ORD-106572,CUST-1298,2025-08-15,Alberta,En ligne,Électronique,Souris,2,881.14,0.1
ORD-100458,CUST-0351,2025-10-16,Manitoba,Magasin,Beauté,Parfum,3,215.93,0.2
ORD-102054,CUST-0391,2024-04-11,Québec,Magasin,Électronique,Souris,4,231.38,0.05
ORD-102430,CUST-0746,2024-11-24,Alberta,En ligne,Électronique,Souris,2,526.11,0.05
ORD-100250,CUST-1253,2024-04-20,Ontario,En ligne,Sports,Raquette,1,410.36,0.15
ORD-106898,CUST-1204,2024-10-26,Québec,Magasin,Sports,Sac sport,4,461.42,0.15
ORD-105437,CUST-0309,2024-01-04,Manitoba,En ligne,Sports,Tapis yoga,1,368.03,0.15
ORD-101107,CUST-1258,2024-02-28,Alberta,Téléphone,Maison,Chaise,4,187.95,0.05
ORD-106554,CUST-0559,2024-12-10,Alberta,Téléphone,Électronique,Souris,4,632.1,0.05
ORD-101713,CUST-0071,2024-09-29,Alberta,Téléphone,Vêtements,Chaussures,4,100.23,0.05
ORD-103911,CUST-0084,2024-09-19,Colombie-Britannique,Magasin,Électronique,Écran,2,75.65,0.0
ORD-106504,CUST-0713,2025-05-05,Alberta,Magasin,Beauté,Maquillage,5,168.66,0.05
ORD-100715,CUST-1347,2024-06-01,Manitoba,En ligne,Électronique,Tablette,1,535.44,0.0
ORD-100552,CUST-0622,2025-10-19,Ontario,En ligne,Vêtements,Manteau,2,175.72,0.05
ORD-101439,CUST-1294,2024-07-24,Québec,Téléphone,Sports,Ballon,4,537.02,0.2
ORD-102270,CUST-0024,2024-01-22,Colombie-Britannique,Téléphone,Vêtements,Veste,2,250.77,0.1
ORD-103144,CUST-0399,2024-12-02,Colombie-Britannique,Téléphone,Sports,Ballon,1,206.0,0.05
ORD-107710,CUST-0797,2024-08-23,Ontario,En ligne,Vêtements,Veste,3,241.73,0.15
ORD-101925,CUST-0740,2024-03-28,Ontario,En ligne,Maison,Mixeur,5,407.69,0.1
ORD-100634,CUST-1302,2025-11-04,Manitoba,En ligne,Maison,Lampe,1,285.84,0.05
ORD-100316,CUST-1475,2024-07-13,Colombie-Britannique,Téléphone,Beauté,Shampoing,1,199.36,0.05
ORD-107590,CUST-0819,2025-11-10,Manitoba,En ligne,Sports,Ballon,4,456.08,0.15
ORD-105424,CUST-0228,2024-04-16,Alberta,En ligne,Maison,Chaise,1,100.27,0.05
ORD-100427,CUST-0803,2024-03-09,Québec,Téléphone,Vêtements,Manteau,3,220.36,0.15
ORD-106008,CUST-0881,2025-06-15,Manitoba,En ligne,Sports,Ballon,2,631.64,0.2
ORD-100105,CUST-0888,2024-05-06,Ontario,Magasin,Vêtements,Veste,4,176.06,0.1
ORD-103041,CUST-0477,2024-01-22,Alberta,Magasin,Maison,Mixeur,1,265.95,0.0
ORD-104238,CUST-0258,2025-10-12,Manitoba,En ligne,Beauté,Parfum,1,104.33,0.0
ORD-102169,CUST-0955,2025-09-28,Ontario,Téléphone,Sports,Ballon,2,53.5,0.1
ORD-101709,CUST-0235,2024-09-19,Manitoba,Magasin,Vêtements,Veste,1,182.76,0.15
ORD-100089,CUST-0548,2024-08-10,Ontario,Téléphone,Sports,Ballon,1,374.29,0.05
ORD-102241,CUST-1113,2024-07-21,Ontario,En ligne,Maison,Cafetière,1,64.63,0.0
ORD-103174,CUST-1012,2024-02-11,Alberta,En ligne,Beauté,Parfum,4,247.98,0.05
ORD-106041,CUST-0521,2025-06-04,Manitoba,Téléphone,Vêtements,Chaussures,2,108.9,0.05
ORD-101949,CUST-0630,2024-06-13,Colombie-Britannique,Téléphone,Sports,Vélo,4,657.76,0.0
ORD-104044,CUST-0795,2025-06-22,Alberta,Téléphone,Maison,Aspirateur,4,449.53,0.0
ORD-107617,CUST-0100,2025-04-26,Alberta,Téléphone,Sports,Tapis yoga,1,369.76,0.0
ORD-102848,CUST-0718,2024-02-01,Ontario,Téléphone,Vêtements,Manteau,1,204.42,0.0
ORD-100001,CUST-0344,2025-05-06,Ontario,Magasin,Beauté,Maquillage,1,166.21,0.0
ORD-104337,CUST-1406,2025-07-23,Québec,En ligne,Maison,Cafetière,4,145.1,0.0
ORD-100935,CUST-1356,2025-06-10,Ontario,Téléphone,Électronique,Clavier,2,310.97,0.2
ORD-106917,CUST-0638,2025-04-02,Manitoba,Téléphone,Maison,Chaise,1,249.01,0.0
ORD-102720,CUST-1213,2025-10-04,Alberta,Téléphone,Sports,Tapis yoga,1,563.92,0.0
ORD-105205,CUST-0089,2024-04-22,Manitoba,En ligne,Vêtements,T-shirt,2,166.39,0.0
ORD-106194,CUST-0466,2025-05-26,Alberta,Téléphone,Sports,Ballon,3,324.21,0.2
ORD-100591,CUST-0889,2024-06-19,Manitoba,Téléphone,Électronique,Souris,1,483.56,0.0
ORD-107785,CUST-0727,2024-06-09,Québec,Téléphone,Électronique,Écran,1,392.64,0.15
ORD-106072,CUST-0576,2024-10-26,Alberta,Magasin,Maison,Aspirateur,1,177.57,0.05
ORD-102936,CUST-0232,2025-10-10,Québec,Magasin,Beauté,Maquillage,1,43.16,0.05
ORD-102448,CUST-0901,2024-08-01,Colombie-Britannique,Téléphone,Sports,Tapis yoga,1,463.38,0.05
ORD-101576,CUST-0021,2024-10-01,Colombie-Britannique,Magasin,Sports,Tapis yoga,2,294.04,0.1
ORD-106502,CUST-0323,2025-08-14,Québec,Magasin,Électronique,Tablette,3,662.18,0.0
ORD-106745,CUST-0718,2025-12-04,Colombie-Britannique,Magasin,Beauté,Soin visage,1,48.77,0.1
ORD-100213,CUST-1094,2025-02-28,Colombie-Britannique,Magasin,Vêtements,Manteau,4,69.68,0.0
ORD-100778,CUST-0255,2025-06-15,Ontario,Magasin,Maison,Aspirateur,1,28.12,0.15
ORD-106836,CUST-0239,2024-05-03,Québec,Magasin,Électronique,Tablette,3,790.91,0.0
ORD-103496,CUST-0207,2024-08-16,Manitoba,Téléphone,Sports,Vélo,1,535.0,0.15
ORD-106341,CUST-1283,2024-12-13,Colombie-Britannique,En ligne,Maison,Lampe,1,401.79,0.0
ORD-102043,CUST-0180,2024-01-16,Alberta,En ligne,Beauté,Maquillage,3,238.66,0.05
ORD-107329,CUST-0459,2024-04-11,Alberta,En ligne,Électronique,Casque audio,3,408.96,0.0
ORD-105420,CUST-0287,2024-06-28,Alberta,En ligne,Beauté,Parfum,2,15.64,0.05
ORD-101567,CUST-0257,2024-07-03,Québec,En ligne,Sports,Vélo,0,245.64,0.0
ORD-100165,CUST-0693,2025-06-19,Colombie-Britannique,En ligne,Sports,Tapis yoga,3,443.96,0.0
ORD-104702,CUST-0438,2024-08-18,Manitoba,En ligne,Beauté,Shampoing,1,58.8,0.15
ORD-103566,CUST-1157,2024-10-21,Colombie-Britannique,Magasin,Sports,Vélo,1,497.79,0.1
ORD-106191,CUST-0128,2025-03-08,Québec,En ligne,Sports,Vélo,4,575.99,0.05
ORD-107679,CUST-0930,2024-05-16,Ontario,Magasin,Maison,Cafetière,1,364.12,0.0
ORD-105439,CUST-1459,2024-08-29,Alberta,Magasin,Vêtements,Manteau,2,117.87,0.1
ORD-102013,CUST-0568,2025-02-16,Québec,En ligne,Sports,Ballon,2,147.04,0.1
ORD-100273,CUST-1081,2024-03-06,Ontario,En ligne,Maison,Lampe,1,87.66,0.1
ORD-103860,CUST-0566,2024-03-16,Québec,En ligne,Maison,Lampe,3,180.94,0.1
ORD-104167,CUST-1138,2025-06-08,Colombie-Britannique,Magasin,Maison,Mixeur,3,100.71,0.15
ORD-106447,CUST-0394,2024-11-19,Colombie-Britannique,En ligne,Maison,Chaise,1,231.26,0.05
ORD-103788,CUST-0697,2025-05-02,Colombie-Britannique,Magasin,Maison,Cafetière,1,414.97,0.0
ORD-105183,CUST-1382,2025-08-24,Manitoba,En ligne,Beauté,Maquillage,1,100.97,0.05
ORD-100394,CUST-0104,2024-04-05,Alberta,En ligne,Électronique,Clavier,1,841.98,0.15
ORD-100583,CUST-0605,2024-01-22,Ontario,Téléphone,Maison,Cafetière,3,302.24,0.05
ORD-107943,CUST-0072,2025-02-10,Alberta,En ligne,Vêtements,Manteau,4,38.95,0.0
ORD-106626,CUST-0485,2025-12-12,Québec,Magasin,Sports,Vélo,1,668.32,0.0
ORD-107489,CUST-0095,2024-09-24,Québec,En ligne,Sports,Raquette,2,393.27,0.15
ORD-107613,CUST-0889,2025-07-12,Ontario,Magasin,Électronique,Souris,4,99.88,0.0
ORD-107723,CUST-0512,2024-07-20,Manitoba,En ligne,Vêtements,T-shirt,3,38.8,0.05
ORD-106536,CUST-0848,2025-05-12,Colombie-Britannique,Téléphone,Maison,Chaise,1,231.37,0.1
ORD-100520,CUST-1412,2025-03-04,Ontario,Magasin,Beauté,Maquillage,2,17.0,0.15
ORD-101763,CUST-0225,2025-08-02,Manitoba,Téléphone,Beauté,Crème,2,16.52,0.0
ORD-101875,CUST-1115,2025-12-09,Manitoba,En ligne,Vêtements,Chaussures,1,78.49,0.1
ORD-105355,CUST-1027,2025-06-04,Québec,Magasin,Électronique,Clavier,2,469.29,0.1
ORD-103965,CUST-1233,2024-06-14,Ontario,Magasin,Beauté,Soin visage,1,24.21,0.0
ORD-103344,CUST-1228,2025-12-05,Ontario,En ligne,Sports,Sac sport,3,634.99,0.05
ORD-102253,CUST-0823,2024-10-10,Manitoba,Téléphone,Vêtements,Veste,3,220.86,0.0
ORD-103224,CUST-1229,2024-03-17,Alberta,En ligne,Vêtements,Manteau,2,295.47,0.15
ORD-100526,CUST-0416,2025-12-26,Alberta,En ligne,Électronique,Souris,1,237.32,0.0
ORD-102946,CUST-0294,2025-05-09,Alberta,En ligne,Sports,Ballon,5,209.86,0.1
ORD-104473,CUST-0702,2024-09-21,Ontario,Téléphone,Beauté,Maquillage,3,145.45,0.1
ORD-103899,CUST-0232,2025-08-22,Alberta,Téléphone,Sports,Ballon,3,157.71,0.05
ORD-105655,CUST-0361,2025-12-07,Colombie-Britannique,Téléphone,Sports,Raquette,2,355.96,0.0
ORD-100692,CUST-0577,2024-01-11,Colombie-Britannique,En ligne,Vêtements,Veste,1,67.45,0.1
ORD-107635,CUST-0515,2024-01-02,Colombie-Britannique,En ligne,Électronique,Tablette,1,791.2,0.15
ORD-104444,CUST-1249,2025-05-22,Québec,En ligne,Vêtements,Jean,2,124.93,0.15
ORD-103633,CUST-0863,2025-11-15,Ontario,En ligne,Électronique,Clavier,1,725.97,0.05
ORD-105805,CUST-0850,2024-05-23,Manitoba,Téléphone,Sports,Vélo,2,241.47,0.0
ORD-101050,CUST-1372,2024-01-18,Colombie-Britannique,Téléphone,Maison,Chaise,1,202.99,0.2
ORD-100590,CUST-1393,2024-11-01,Colombie-Britannique,Magasin,Vêtements,T-shirt,1,182.93,0.05
ORD-100519,CUST-1188,2024-05-20,Ontario,En ligne,Beauté,Shampoing,4,240.94,0.05
ORD-103380,CUST-1237,2025-06-03,Colombie-Britannique,En ligne,Beauté,Parfum,1,96.4,0.1
ORD-103676,CUST-0232,2024-04-10,Alberta,Magasin,Beauté,Parfum,1,136.54,0.0
ORD-105776,CUST-1409,2024-03-04,Colombie-Britannique,Magasin,Électronique,Casque audio,1,116.17,0.1
ORD-106656,CUST-0156,2025-05-18,Ontario,Téléphone,Sports,Tapis yoga,4,39.08,0.0
ORD-105179,CUST-0552,2024-02-23,Québec,Téléphone,Électronique,Casque audio,2,741.01,0.2
ORD-101607,CUST-0669,2024-03-25,Québec,Magasin,Sports,Ballon,3,321.57,0.15
ORD-103610,CUST-0095,2025-05-22,Manitoba,En ligne,Électronique,Tablette,2,122.18,0.15
ORD-107705,CUST-0475,2025-04-30,Québec,En ligne,Beauté,Crème,1,146.62,0.1
ORD-103201,CUST-0341,2024-04-17,Québec,En ligne,Beauté,Parfum,1,241.71,0.0
ORD-101809,CUST-1350,2025-08-12,Alberta,Magasin,Maison,Cafetière,3,36.48,0.2
ORD-100791,CUST-0551,2025-10-27,Québec,Magasin,Électronique,Clavier,2,83.2,0.15
ORD-100792,CUST-0658,2025-02-28,Colombie-Britannique,En ligne,Maison,Lampe,3,454.14,0.0
ORD-106644,CUST-1093,2024-04-20,Manitoba,En ligne,Maison,Chaise,1,232.64,0.1
ORD-101855,CUST-0450,2025-01-14,Alberta,En ligne,Vêtements,T-shirt,2,283.75,0.0
ORD-101980,CUST-0729,2024-02-15,Québec,En ligne,Vêtements,Manteau,3,149.54,0.05
ORD-103233,CUST-0460,2024-06-17,Alberta,En ligne,Électronique,Écran,4,318.72,0.05
ORD-103598,CUST-1090,2025-09-15,Colombie-Britannique,Magasin,Maison,Cafetière,1,59.03,0.1
ORD-100933,CUST-0152,2024-06-06,Manitoba,En ligne,Électronique,Tablette,1,97.62,0.0
ORD-103963,CUST-0384,2024-09-17,Alberta,Téléphone,Beauté,Shampoing,3,157.11,0.05
ORD-106017,CUST-0078,2025-12-12,Québec,En ligne,Sports,Ballon,1,155.56,-0.1
ORD-105626,CUST-1448,2024-01-19,Colombie-Britannique,Téléphone,Sports,Sac sport,1,657.3,0.05
ORD-105506,CUST-0298,2024-08-10,Québec,En ligne,Beauté,Maquillage,2,85.89,0.0
ORD-107499,CUST-1019,2025-10-24,Québec,Magasin,Maison,Chaise,1,384.25,0.05
ORD-104179,CUST-0383,2024-11-17,Alberta,En ligne,Vêtements,Chaussures,1,260.46,0.0
ORD-104026,CUST-0402,2024-07-06,Québec,Téléphone,Beauté,Soin visage,2,29.74,0.05
ORD-107159,CUST-0225,2025-12-28,Colombie-Britannique,Téléphone,Vêtements,Manteau,2,171.22,0.1
ORD-104116,CUST-0380,2024-11-19,Colombie-Britannique,En ligne,Beauté,Soin visage,1,206.55,0.05
ORD-100988,CUST-0147,2024-05-01,Québec,Magasin,Beauté,Shampoing,1,48.92,0.2
ORD-106236,CUST-0063,2024-04-26,Manitoba,En ligne,Maison,Lampe,4,228.41,0.0
ORD-103453,CUST-0367,2024-06-03,Alberta,En ligne,Vêtements,Veste,2,18.39,0.1
ORD-107380,CUST-0439,2024-11-06,Manitoba,En ligne,Beauté,Shampoing,3,182.34,0.1
ORD-103778,CUST-1427,2025-08-10,Québec,En ligne,Maison,Chaise,2,122.6,0.05
ORD-105658,CUST-0679,2025-07-22,Colombie-Britannique,En ligne,Vêtements,Jean,2,190.09,0.0
ORD-106778,CUST-0874,2024-05-23,Alberta,Téléphone,Beauté,Soin visage,3,82.3,0.15
ORD-103093,CUST-1321,2025-10-30,Alberta,Téléphone,Sports,Sac sport,3,509.35,0.05
ORD-103155,CUST-1146,2025-06-30,Québec,Téléphone,Vêtements,Manteau,1,178.63,0.2
ORD-105069,CUST-0977,2024-12-07,Ontario,Téléphone,Maison,Aspirateur,3,102.55,0.0
ORD-105806,CUST-1268,2025-11-09,Ontario,Téléphone,Électronique,Tablette,5,759.36,0.1
ORD-103201,CUST-0341,2024-04-17,Québec,En ligne,Beauté,Parfum,1,241.71,0.0
ORD-106521,CUST-1453,2024-03-15,Colombie-Britannique,Téléphone,Vêtements,Chaussures,1,185.67,0.0
ORD-101098,CUST-0181,2024-01-19,Ontario,Magasin,Maison,Aspirateur,1,213.1,0.1
ORD-106710,CUST-1133,2025-03-25,Alberta,Téléphone,Maison,Chaise,3,172.04,0.05
ORD-102844,CUST-0237,2024-12-04,Ontario,Magasin,Beauté,Soin visage,0,10.54,0.0
ORD-100886,CUST-0738,2024-07-20,Ontario,Téléphone,Électronique,Casque audio,2,851.96,0.0
ORD-107970,CUST-0776,2024-07-21,Manitoba,Magasin,Sports,Tapis yoga,2,48.14,0.15
ORD-106270,CUST-1130,2024-10-06,Colombie-Britannique,Magasin,Maison,Chaise,2,479.81,0.05
ORD-100515,CUST-0982,2025-07-23,Québec,Téléphone,Beauté,Shampoing,1,59.02,0.0
ORD-107586,CUST-0501,2024-02-18,Québec,En ligne,Maison,Cafetière,1,374.31,0.0
ORD-104833,CUST-0686,2024-05-11,Ontario,Téléphone,Beauté,Parfum,4,20.29,0.05
ORD-101453,CUST-0192,2025-09-09,Ontario,En ligne,Beauté,Parfum,2,47.42,0.1
ORD-103553,CUST-0744,2025-07-22,Manitoba,Magasin,Électronique,Tablette,2,356.79,0.15
ORD-103609,CUST-1367,2025-10-31,Alberta,Téléphone,Maison,Chaise,2,483.11,0.0
ORD-104665,CUST-0178,2024-11-13,Alberta,Téléphone,Sports,Raquette,1,222.56,0.0
ORD-102506,CUST-1468,2025-01-16,Alberta,En ligne,Vêtements,Veste,2,279.53,0.05
ORD-102994,CUST-1277,2024-09-30,Colombie-Britannique,Téléphone,Électronique,Tablette,2,69.72,0.15
ORD-103999,CUST-1231,2024-02-12,Ontario,Téléphone,Vêtements,T-shirt,2,110.39,0.1
ORD-107657,CUST-0774,2025-02-07,Ontario,Téléphone,Sports,Sac sport,5,438.16,0.05
ORD-100906,CUST-0553,2024-08-02,Colombie-Britannique,Magasin,Vêtements,Veste,1,96.91,0.05
ORD-100028,CUST-1416,2024-05-14,Alberta,Magasin,Vêtements,T-shirt,2,65.96,0.05
ORD-107465,CUST-0410,2025-11-28,Ontario,Magasin,Maison,Aspirateur,2,400.42,0.0
ORD-102507,CUST-0593,2025-04-12,Colombie-Britannique,Magasin,Beauté,Shampoing,2,191.19,0.15
ORD-102428,CUST-0557,2024-06-22,Manitoba,En ligne,Sports,Tapis yoga,2,304.12,0.1
ORD-105043,CUST-1169,2024-11-12,Alberta,Magasin,Beauté,Maquillage,1,140.3,0.1
ORD-105346,CUST-1257,2025-11-12,Alberta,Magasin,Beauté,Soin visage,1,27.0,0.0
ORD-100762,CUST-0662,2025-02-07,Colombie-Britannique,Magasin,Beauté,Crème,1,168.49,0.1
ORD-103747,CUST-0359,2025-09-18,Colombie-Britannique,Téléphone,Vêtements,Manteau,1,245.92,0.0
ORD-104811,CUST-1431,2025-09-03,Québec,Magasin,Sports,Tapis yoga,1,353.0,0.15
ORD-100284,CUST-1406,2025-10-06,Alberta,Magasin,Électronique,Clavier,2,657.24,0.15
ORD-100686,CUST-1066,2024-07-28,Manitoba,En ligne,Sports,Tapis yoga,5,607.57,0.1
ORD-107468,CUST-0179,2025-07-25,Ontario,En ligne,Sports,,1,242.06,0.15
ORD-102353,CUST-1421,2025-08-07,Manitoba,Téléphone,Sports,Ballon,2,200.79,0.1
ORD-106500,CUST-1466,2024-09-03,Québec,Magasin,Sports,Vélo,1,274.5,0.0
ORD-106943,CUST-0659,2025-11-05,Québec,En ligne,Sports,Ballon,1,106.61,0.0
ORD-100021,CUST-0955,2025-02-06,Ontario,Téléphone,Vêtements,Veste,1,26.62,0.05
ORD-102752,CUST-1351,2025-08-17,Colombie-Britannique,En ligne,Maison,Lampe,1,432.98,0.05
ORD-100885,CUST-1180,2025-11-14,Manitoba,Téléphone,Sports,Ballon,3,201.54,0.0
ORD-100917,CUST-0053,2025-06-03,Ontario,En ligne,Vêtements,T-shirt,1,280.49,0.0
ORD-101040,CUST-1161,2024-12-01,Manitoba,Magasin,Sports,Vélo,3,138.06,0.2
ORD-106411,CUST-1423,2025-12-02,Ontario,En ligne,Vêtements,Chaussures,3,199.14,0.05
ORD-101265,CUST-0813,2024-05-12,Ontario,Téléphone,Beauté,Soin visage,2,194.83,0.0
ORD-104579,CUST-0130,2025-01-19,Québec,Magasin,Sports,Raquette,2,32.58,0.0
ORD-107279,CUST-0736,2024-02-08,Manitoba,En ligne,Vêtements,,1,233.99,0.15
ORD-107514,CUST-0053,2025-02-06,Québec,En ligne,Beauté,Maquillage,1,97.69,0.1
ORD-100277,CUST-1012,2024-08-14,Colombie-Britannique,Téléphone,Maison,Lampe,1,184.96,0.0
ORD-105084,CUST-1033,2024-02-22,Colombie-Britannique,Téléphone,Maison,Mixeur,3,210.77,0.0
ORD-102084,CUST-1198,2025-03-16,Colombie-Britannique,En ligne,Vêtements,Manteau,2,77.53,0.1
ORD-101245,CUST-0723,2025-06-06,Manitoba,Magasin,Sports,Vélo,1,137.38,0.1
ORD-102382,CUST-0493,2025-03-08,Québec,En ligne,Vêtements,T-shirt,1,91.72,0.1
ORD-100571,CUST-0963,2025-12-20,Colombie-Britannique,Magasin,Électronique,Souris,1,87.86,0.05
ORD-101435,CUST-0342,2025-09-01,Québec,Magasin,Sports,Raquette,1,516.18,0.05
ORD-103902,CUST-1195,2025-08-10,Colombie-Britannique,Téléphone,Électronique,Écran,2,758.32,0.0
ORD-105089,CUST-1474,2024-03-19,Alberta,En ligne,Vêtements,Veste,1,199.9,0.0
ORD-101247,CUST-1072,2024-01-10,Québec,Magasin,Vêtements,Manteau,2,250.22,0.1
ORD-106069,CUST-0183,2024-11-10,Manitoba,Téléphone,Beauté,Soin visage,1,151.41,0.05
ORD-104681,CUST-1002,2025-05-05,Ontario,Téléphone,Beauté,Parfum,2,99.64,0.05
ORD-103526,CUST-1231,2024-11-08,Alberta,Téléphone,Beauté,Parfum,1,89.35,0.15
ORD-102514,CUST-0618,2025-08-18,Ontario,Magasin,Maison,Mixeur,2,393.07,0.1
ORD-105445,CUST-1142,2025-10-17,Colombie-Britannique,Téléphone,Électronique,Clavier,1,505.32,0.0
ORD-101007,CUST-0067,2025-07-26,Colombie-Britannique,Téléphone,Beauté,Soin visage,2,111.02,0.2
ORD-104770,CUST-0676,2025-04-01,Manitoba,En ligne,Électronique,Tablette,2,103.1,0.05
ORD-104543,CUST-0734,2024-01-26,Ontario,Magasin,Sports,Raquette,1,98.16,0.15
ORD-106093,CUST-0295,2025-01-30,Manitoba,En ligne,Beauté,,1,70.58,0.1
ORD-107001,CUST-0777,2024-12-28,Manitoba,Magasin,Beauté,Maquillage,2,190.63,0.0
ORD-102064,CUST-0174,2024-11-25,Colombie-Britannique,Magasin,Beauté,Parfum,2,159.48,0.0
ORD-105352,CUST-1108,2025-02-24,Ontario,En ligne,Beauté,Crème,1,95.07,0.0
ORD-106381,CUST-1113,2025-01-22,Colombie-Britannique,Magasin,Sports,Sac sport,5,528.89,0.1
ORD-101690,CUST-1000,2025-10-18,Québec,Magasin,Sports,Vélo,2,281.07,0.15
ORD-106976,CUST-0838,2024-07-30,Alberta,Magasin,Électronique,Souris,1,475.89,0.0
ORD-107340,CUST-0283,2024-12-29,Manitoba,En ligne,Maison,Mixeur,1,169.78,0.1
ORD-105343,CUST-0892,2025-02-10,Manitoba,En ligne,Sports,Ballon,3,439.79,0.05
ORD-101985,CUST-1419,2024-06-10,Colombie-Britannique,Magasin,Beauté,Soin visage,1,172.19,0.0
ORD-100294,CUST-0284,2024-06-21,Québec,Téléphone,Électronique,Clavier,5,749.52,0.1
ORD-101547,CUST-0421,2024-04-22,Ontario,Téléphone,Vêtements,Chaussures,1,244.12,0.1
ORD-102012,CUST-0380,2024-05-22,Colombie-Britannique,Magasin,Beauté,Shampoing,1,51.14,0.2
ORD-100588,CUST-1357,2024-07-13,Québec,En ligne,Vêtements,Veste,1,35.28,
ORD-103329,CUST-0925,2025-05-18,Alberta,Magasin,Vêtements,Jean,2,36.58,0.05
ORD-102403,CUST-1179,2025-09-18,Québec,Téléphone,Électronique,Casque audio,1,406.82,0.0
ORD-102129,CUST-0987,2025-06-13,Colombie-Britannique,En ligne,Maison,Aspirateur,1,274.48,0.05
ORD-103998,CUST-1118,2025-01-24,Alberta,Téléphone,Beauté,Soin visage,0,198.89,0.0
ORD-107078,CUST-1349,2024-12-03,Ontario,Téléphone,Beauté,Parfum,3,140.12,0.1
ORD-103741,CUST-0600,2024-04-11,Québec,Magasin,Maison,Chaise,1,77.69,0.05
ORD-103508,CUST-1050,2024-07-05,Ontario,En ligne,Électronique,Écran,1,742.46,0.05
ORD-102719,CUST-0677,2025-02-18,Alberta,Téléphone,Beauté,Parfum,1,192.19,0.05
ORD-104521,CUST-0066,2024-04-28,Ontario,En ligne,Sports,Raquette,2,385.21,0.05
ORD-105150,CUST-0117,2024-05-28,Manitoba,En ligne,Vêtements,Veste,2,185.08,0.15
ORD-107360,CUST-0970,2024-11-02,Ontario,En ligne,Électronique,Souris,2,453.18,0.2
ORD-107368,CUST-0668,2025-02-16,Québec,Téléphone,Beauté,Parfum,3,72.81,0.15
ORD-100556,CUST-0109,2025-01-06,Alberta,En ligne,Beauté,Maquillage,4,120.56,0.05
ORD-104795,CUST-0638,2025-02-04,Colombie-Britannique,En ligne,Vêtements,T-shirt,1,137.48,0.0
ORD-102469,CUST-0050,2025-11-28,Colombie-Britannique,Magasin,Beauté,Maquillage,4,178.74,0.15
ORD-103738,CUST-1207,2024-03-18,Colombie-Britannique,Magasin,Sports,Vélo,2,185.29,0.05
ORD-104286,CUST-0059,2025-11-10,Québec,Téléphone,Sports,Ballon,3,32.52,0.0
ORD-106651,CUST-0800,2024-01-16,Alberta,En ligne,Électronique,Écran,2,234.02,0.1
ORD-105289,CUST-0616,2024-09-18,Manitoba,Magasin,Vêtements,Chaussures,2,117.77,0.0
ORD-101716,CUST-1142,2025-03-28,Québec,Magasin,Maison,Mixeur,2,488.93,0.0
ORD-102604,CUST-0912,2024-02-09,Ontario,En ligne,Électronique,Casque audio,1,252.34,0.0
ORD-106662,CUST-0583,2025-08-26,Ontario,Téléphone,Vêtements,Chaussures,1,234.02,0.0
ORD-101704,CUST-1022,2024-02-12,Ontario,Téléphone,Sports,Tapis yoga,3,509.32,0.0
ORD-102139,CUST-0528,2025-10-27,Manitoba,Téléphone,Électronique,Souris,1,553.95,0.0
ORD-103239,CUST-0443,2024-02-20,Manitoba,Téléphone,Maison,Chaise,1,339.39,0.05
ORD-102383,CUST-0624,2024-04-09,Ontario,Téléphone,Vêtements,T-shirt,1,247.94,0.0
ORD-104311,CUST-0491,2025-01-22,Manitoba,Téléphone,Vêtements,T-shirt,2,275.17,0.1
ORD-101285,CUST-0314,2025-08-13,Colombie-Britannique,Magasin,Électronique,Écran,1,473.68,0.1
ORD-106878,CUST-0563,2024-04-21,Québec,Magasin,Sports,Vélo,2,193.6,0.1
ORD-106408,CUST-0791,2025-05-18,Colombie-Britannique,Téléphone,Vêtements,T-shirt,2,132.09,0.1
ORD-107221,CUST-1003,2025-10-31,Colombie-Britannique,Magasin,Beauté,Maquillage,3,54.04,0.2
ORD-103930,CUST-0719,2025-01-31,Colombie-Britannique,Magasin,Vêtements,Veste,1,198.75,0.0
ORD-105985,CUST-0251,2025-12-25,Alberta,En ligne,Vêtements,Jean,1,41.9,0.0
ORD-106121,CUST-0768,2024-10-07,Ontario,Magasin,Vêtements,Chaussures,2,173.07,0.0
ORD-101591,CUST-1342,2025-01-10,Québec,Magasin,Maison,Chaise,1,290.88,0.1
ORD-107591,CUST-0202,2024-07-09,Colombie-Britannique,Téléphone,Sports,Ballon,2,86.6,0.05
ORD-107162,CUST-0690,2025-12-08,Québec,En ligne,Maison,Aspirateur,1,120.88,0.0
ORD-102162,CUST-0659,2024-06-30,Ontario,Magasin,Maison,Lampe,1,277.05,0.2
ORD-102396,CUST-0608,2024-11-26,Québec,Téléphone,Beauté,Maquillage,1,98.86,0.1
ORD-100317,CUST-1404,2025-11-09,Ontario,Magasin,Électronique,Clavier,2,356.06,0.1
ORD-107252,CUST-1396,2025-01-19,Ontario,Magasin,Électronique,Écran,2,265.65,0.2
ORD-103111,CUST-1372,2024-02-12,Québec,En ligne,Électronique,Souris,2,390.11,0.05
ORD-105233,CUST-0415,2025-09-06,Québec,En ligne,Électronique,Clavier,1,210.34,0.1
ORD-106453,CUST-0081,2024-10-29,Ontario,Magasin,Vêtements,Manteau,2,98.8,0.0
ORD-107836,CUST-0729,2025-09-24,Alberta,En ligne,Vêtements,T-shirt,2,81.58,0.0
ORD-104036,CUST-0967,2025-08-23,Colombie-Britannique,En ligne,Beauté,Shampoing,1,37.49,0.1
ORD-100795,CUST-0131,2025-09-23,Alberta,En ligne,Électronique,Tablette,4,841.7,0.0
ORD-103020,CUST-0510,2025-03-19,Colombie-Britannique,Téléphone,Électronique,Tablette,4,769.14,0.05
ORD-101711,CUST-0308,2025-10-15,Ontario,Magasin,Électronique,Souris,3,663.7,0.1
ORD-103387,CUST-0056,2025-11-18,Colombie-Britannique,Magasin,Électronique,Clavier,1,299.14,0.0
ORD-100036,CUST-0903,2024-02-05,Manitoba,Magasin,Maison,Cafetière,1,313.53,0.0
ORD-104549,CUST-1280,2025-03-12,Colombie-Britannique,Téléphone,Sports,Sac sport,3,541.68,0.15
ORD-100913,CUST-0317,2024-05-02,Québec,Téléphone,Maison,Chaise,2,321.37,0.05
ORD-105721,CUST-0291,2025-03-05,Alberta,En ligne,Beauté,Soin visage,2,22.3,0.15
ORD-105295,CUST-0022,2024-10-02,Manitoba,Magasin,Électronique,Casque audio,1,823.46,0.0
ORD-103972,CUST-0486,2024-11-09,Ontario,Magasin,Électronique,Clavier,2,763.48,0.0
ORD-105370,CUST-0112,2024-11-03,Ontario,En ligne,Vêtements,Jean,1,98.42,0.0
ORD-104133,CUST-1165,2024-04-20,Manitoba,Téléphone,Sports,Sac sport,2,261.4,0.0
ORD-100974,CUST-0395,2024-03-14,Alberta,En ligne,Vêtements,Manteau,1,252.46,0.15
ORD-100983,CUST-0247,2024-05-27,Manitoba,En ligne,Maison,Chaise,5,272.77,0.0
ORD-106596,CUST-0256,2024-01-17,Manitoba,Magasin,Beauté,Crème,2,82.01,0.1
ORD-101418,CUST-1243,2025-04-19,Colombie-Britannique,Téléphone,Sports,Raquette,1,387.36,0.05
ORD-101560,CUST-1241,2024-03-26,Ontario,Téléphone,Beauté,Parfum,4,67.36,0.0
ORD-104135,CUST-0398,2025-10-07,Manitoba,Magasin,Électronique,Tablette,2,859.81,0.15
ORD-105582,CUST-1122,2025-05-31,Québec,Magasin,Vêtements,Chaussures,2,117.6,0.05
ORD-106442,CUST-0807,2024-11-28,Colombie-Britannique,En ligne,Électronique,Clavier,4,728.92,0.15
ORD-104265,CUST-0265,2025-11-14,Manitoba,En ligne,Électronique,Clavier,4,524.13,0.1
ORD-101355,CUST-0439,2025-11-04,Alberta,Téléphone,Beauté,Crème,2,82.89,0.2
ORD-107565,CUST-1121,2024-11-05,Ontario,Téléphone,Beauté,Soin visage,1,44.45,0.0
ORD-107660,CUST-1436,2025-05-18,Ontario,En ligne,Beauté,Crème,1,18.94,0.0
ORD-100987,CUST-0117,2025-07-08,Alberta,Téléphone,Électronique,Tablette,1,141.33,0.1
ORD-102682,CUST-1385,2024-10-04,Québec,Magasin,Beauté,Crème,1,131.54,0.15
ORD-105047,CUST-1095,2024-06-09,Québec,Téléphone,Vêtements,Manteau,1,274.86,0.05
ORD-101640,CUST-0438,2024-12-10,Manitoba,Téléphone,Électronique,Casque audio,2,880.27,0.0
ORD-101290,CUST-0378,2025-10-22,Ontario,Téléphone,Maison,Aspirateur,1,146.2,0.05
ORD-103681,CUST-1416,2024-06-08,Manitoba,En ligne,Sports,Raquette,1,452.93,0.0
ORD-101380,CUST-0703,2025-09-04,Québec,En ligne,Électronique,Tablette,4,746.97,0.0
ORD-101933,CUST-0634,2024-11-26,Manitoba,Téléphone,Vêtements,T-shirt,1,32.98,0.1
ORD-104675,CUST-0965,2025-11-21,Manitoba,Magasin,Beauté,Shampoing,1,109.42,0.1
ORD-106796,CUST-1420,2024-03-19,Alberta,Magasin,Maison,Mixeur,5,302.55,0.1
ORD-103160,CUST-0900,2024-03-03,Alberta,Téléphone,Vêtements,T-shirt,1,156.21,0.2
ORD-102030,CUST-0169,2024-06-18,Québec,Magasin,Beauté,Maquillage,3,235.21,0.0
ORD-100892,CUST-1010,2024-03-11,Ontario,En ligne,Sports,Raquette,4,628.94,0.1
ORD-104876,CUST-0814,2025-03-22,Alberta,En ligne,Sports,Raquette,2,225.31,0.0
ORD-104069,CUST-0380,2024-09-11,Ontario,Magasin,Électronique,Clavier,1,822.81,0.15
ORD-104255,CUST-1269,2024-01-18,Manitoba,Téléphone,Vêtements,Jean,1,221.2,0.1
ORD-100002,CUST-0475,2024-02-28,Ontario,Téléphone,Électronique,Souris,2,41.11,0.0
ORD-102109,CUST-0591,2024-08-03,Québec,Magasin,Vêtements,Manteau,1,253.5,0.05
ORD-100849,CUST-0233,2024-07-13,Alberta,En ligne,Vêtements,T-shirt,1,141.07,0.1
ORD-102737,CUST-0796,2024-09-16,Ontario,Magasin,Électronique,Écran,2,152.33,0.05
ORD-102466,CUST-0285,2024-05-08,Colombie-Britannique,En ligne,Vêtements,T-shirt,2,43.59,0.05
ORD-101914,CUST-1276,2024-11-17,Manitoba,Magasin,Beauté,Maquillage,3,229.84,0.0
ORD-101596,CUST-1500,2024-09-19,Ontario,Téléphone,Électronique,Casque audio,1,433.36,0.05
ORD-105872,CUST-0242,2024-12-05,Alberta,Téléphone,Vêtements,Veste,3,217.62,0.0
ORD-101913,CUST-0227,2025-09-30,Ontario,Magasin,Vêtements,Jean,2,64.99,0.05
ORD-105139,CUST-0102,2025-12-08,Manitoba,En ligne,Maison,Chaise,4,217.19,0.0
ORD-107609,CUST-1359,2024-02-05,Alberta,Magasin,Beauté,Soin visage,1,112.65,0.2
ORD-105640,CUST-0277,2025-08-31,Alberta,Téléphone,Beauté,Soin visage,2,184.32,0.05
ORD-102736,CUST-0757,2025-03-23,Alberta,Magasin,Maison,Lampe,1,242.33,0.15
ORD-100726,CUST-0960,2025-02-12,Colombie-Britannique,En ligne,Maison,Chaise,2,351.26,0.15
ORD-100053,CUST-0396,2025-03-20,Québec,Téléphone,Vêtements,T-shirt,1,270.22,0.05
ORD-101796,CUST-0064,2024-11-25, alberta ,Magasin,Maison,Chaise,4,181.13,0.05
ORD-103845,CUST-0111,2024-07-30,Alberta,Téléphone,Électronique,Casque audio,3,417.69,0.0
ORD-106007,CUST-0362,2024-08-23,Ontario,En ligne,Sports,Vélo,2,86.28,0.05
ORD-102553,CUST-1126,2025-09-17,Colombie-Britannique,Téléphone,Maison,Aspirateur,1,461.41,0.05
ORD-102800,CUST-0801,2024-08-06,Ontario,En ligne,Électronique,Clavier,5,889.87,0.1
ORD-100936,CUST-0746,2025-07-11,Québec,En ligne,Vêtements,T-shirt,3,133.08,0.0
ORD-106660,CUST-1253,2025-09-18,Québec,Téléphone,Électronique,Écran,3,606.44,0.0
ORD-100824,CUST-1190,2024-02-28,Ontario,Téléphone,Vêtements,Jean,2,196.93,0.1
ORD-104321,CUST-0012,2025-01-19,Ontario,Magasin,Maison,Cafetière,1,367.25,0.0
ORD-103401,CUST-0458,2024-05-09,Colombie-Britannique,Magasin,Maison,Chaise,1,317.99,0.05
ORD-101389,CUST-0620,2024-02-19,Colombie-Britannique,Téléphone,Vêtements,Jean,1,110.08,0.0
ORD-103564,CUST-1274,2025-10-27,Manitoba,Téléphone,Électronique,Casque audio,2,556.89,0.2
ORD-100884,CUST-0411,2025-01-11,Alberta,Téléphone,Maison,Lampe,2,43.59,0.0
ORD-105429,CUST-0119,2025-08-18,Colombie-Britannique,Téléphone,Électronique,Écran,1,530.16,0.05
ORD-105703,CUST-0108,2024-07-11,Colombie-Britannique,En ligne,Vêtements,Jean,2,174.05,0.15
ORD-105690,CUST-0791,2025-01-23,Manitoba,En ligne,Vêtements,T-shirt,2,228.16,0.0
ORD-104867,CUST-1235,2025-02-06,Manitoba,En ligne,Vêtements,Jean,1,158.41,0.0
ORD-101868,CUST-0638,2024-07-31,Manitoba,Téléphone,Vêtements,T-shirt,2,227.77,0.1
ORD-105181,CUST-1397,2024-06-22,Alberta,En ligne,Maison,Chaise,2,283.06,0.0
ORD-100010,CUST-0805,2024-04-08,Colombie-Britannique,En ligne,Électronique,Souris,1,89.98,0.0
ORD-103415,CUST-0901,2025-06-14,Ontario,Magasin,Vêtements,Chaussures,1,197.56,0.0
ORD-105421,CUST-0760,2024-03-06,Colombie-Britannique,Téléphone,Maison,Mixeur,2,203.37,0.15
ORD-101463,CUST-0670,2024-09-02,Colombie-Britannique,Magasin,Maison,Chaise,1,430.63,0.0
ORD-100806,CUST-1347,2025-05-27,Alberta,Magasin,Vêtements,Jean,1,233.18,0.0
ORD-106587,CUST-1394,2024-02-23,Ontario,Magasin,Sports,Ballon,1,222.55,0.1
ORD-106353,CUST-1495,2024-11-27,Manitoba,Magasin,Beauté,Parfum,2,139.48,0.15
ORD-104068,CUST-1409,2025-12-15,Alberta,Magasin,Maison,Chaise,5,401.87,0.1
ORD-102108,CUST-1119,2024-12-16,Ontario,En ligne,Électronique,Écran,1,257.38,0.1
ORD-106817,CUST-0465,2025-11-08,Colombie-Britannique,En ligne,Vêtements,Chaussures,1,147.25,0.15
ORD-103254,CUST-0312,2025-06-15,Manitoba,En ligne,Vêtements,Chaussures,1,188.39,0.15
ORD-102234,CUST-0675,2025-06-03,Alberta,En ligne,Électronique,Écran,2,144.04,0.0
ORD-100963,CUST-1277,2024-01-13,Alberta,Téléphone,Sports,Raquette,3,328.9,0.0
ORD-104494,CUST-0379,2025-12-06,Québec,Téléphone,Sports,Tapis yoga,5,623.62,0.1
ORD-102632,CUST-0911,2025-10-10,Manitoba,En ligne,Maison,Cafetière,1,334.01,0.0
ORD-106094,CUST-0066,2024-02-07,Québec,Téléphone,Vêtements,T-shirt,3,214.61,0.05
ORD-100704,CUST-0911,2025-06-22,Colombie-Britannique,En ligne,Maison,Lampe,2,299.39,0.1
ORD-100431,CUST-1396,2025-05-09,Manitoba,Magasin,Électronique,Tablette,2,390.6,0.1
ORD-104388,CUST-0714,2024-05-18,Alberta,En ligne,Maison,Chaise,1,65.74,0.15
ORD-106077,CUST-1102,2024-10-01,Québec,En ligne,Sports,Sac sport,2,684.17,0.05
ORD-100145,CUST-0259,2025-05-31,Manitoba,En ligne,Maison,Cafetière,1,125.83,0.0
ORD-102033,CUST-0831,2025-10-01,Ontario,Téléphone,Électronique,Clavier,1,128.9,0.1
ORD-106779,CUST-0896,2025-08-20,Québec,Magasin,Vêtements,Manteau,5,188.79,0.05
ORD-101165,CUST-0162,2024-09-09,Colombie-Britannique,Téléphone,Sports,Sac sport,1,171.03,0.05
ORD-103500,CUST-0806,2024-12-31,Alberta,En ligne,Sports,Sac sport,1,144.81,0.1
ORD-102050,CUST-0686,2024-11-20,Manitoba,Téléphone,Sports,Tapis yoga,1,553.14,0.15
ORD-103760,CUST-0475,2024-12-23,Ontario,En ligne,Vêtements,Chaussures,1,177.1,0.15
ORD-102624,CUST-1208,2024-11-02,Manitoba,Magasin,Électronique,Tablette,5,446.93,0.0
ORD-104484,CUST-0494,2024-08-09,Manitoba,Téléphone,Maison,Mixeur,2,142.78,0.0
ORD-104435,CUST-0293,2025-12-30,Colombie-Britannique,En ligne,Électronique,Casque audio,1,63.39,0.2
ORD-106437,CUST-1465,2024-09-28,Alberta,Magasin,Vêtements,Chaussures,2,24.59,0.15
ORD-106266,CUST-1198,2025-06-08,Ontario,EN LIGNE,Électronique,Casque audio,1,616.37,0.15
ORD-104361,CUST-1108,2024-12-04,Québec,En ligne,Électronique,Clavier,3,613.09,0.0
ORD-102424,CUST-0079,2024-02-04,Québec,Téléphone,Maison,Chaise,2,367.37,0.05
ORD-101262,CUST-0723,2025-03-01,Alberta,Téléphone,Électronique,Clavier,2,146.62,0.05
ORD-101771,CUST-0226,2025-04-09,Alberta,Téléphone,Vêtements,Manteau,2,257.24,0.2
ORD-103511,CUST-0946,2025-06-08,Manitoba,Téléphone,Sports,Tapis yoga,1,476.35,0.2
ORD-100271,CUST-1017,2024-11-22,Québec,Magasin,Beauté,Shampoing,1,182.8,0.05
ORD-104792,CUST-0071,2024-05-08,Colombie-Britannique,En ligne,Électronique,Tablette,2,735.34,0.0
ORD-104949,CUST-0576,2024-06-15,Alberta,Téléphone,Beauté,Soin visage,1,244.09,0.0
ORD-100244,CUST-1250,2025-06-06,Ontario,Téléphone,Beauté,Soin visage,4,134.98,0.1
ORD-107828,CUST-0640,2024-12-25,Colombie-Britannique,Magasin,Beauté,Parfum,1,159.36,0.15
ORD-104572,CUST-0949,2025-05-20,Alberta,Magasin,Sports,Ballon,2,531.15,0.0
ORD-102032,CUST-0499,2024-11-19,Alberta,En ligne,Beauté,Crème,1,124.09,0.1
ORD-107447,CUST-1112,2025-10-12,Ontario,Téléphone,Vêtements,T-shirt,1,298.83,0.0
ORD-106386,CUST-0648,2024-01-01,Ontario,Téléphone,Électronique,Tablette,3,332.7,0.15
ORD-100813,CUST-1383,2025-03-15,Manitoba,En ligne,Électronique,Écran,2,375.97,0.15
ORD-106010,CUST-0917,2025-08-19,Colombie-Britannique,Magasin,Sports,Raquette,4,442.91,0.05
ORD-103810,CUST-0441,2024-12-21,Manitoba,En ligne,Sports,Sac sport,1,252.48,0.05
ORD-107819,CUST-1297,2025-09-29,Manitoba,Téléphone,Sports,Vélo,2,597.39,0.1
ORD-105077,CUST-0352,2024-02-17,Alberta,Magasin,Maison,Aspirateur,2,51.94,0.0
ORD-106560,CUST-1483,2024-08-06,Colombie-Britannique,Téléphone,Maison,Mixeur,1,93.98,0.0
ORD-101804,CUST-1056,2025-10-09,Manitoba,En ligne,Sports,Tapis yoga,3,640.33,0.1
ORD-106862,CUST-0984,2024-10-17,Alberta,Magasin,Vêtements,Manteau,1,230.15,0.05
ORD-104346,CUST-1233,2025-04-01,Alberta,En ligne,Beauté,Crème,1,40.95,0.15
ORD-102461,CUST-1027,2025-04-23,Québec,Téléphone,Vêtements,Chaussures,3,17.73,0.1
ORD-100545,CUST-1132,2025-06-14,Ontario,Téléphone,Vêtements,Manteau,3,87.11,0.15
ORD-103241,CUST-1369,2024-01-31,Ontario,Téléphone,Sports,Sac sport,3,511.66,0.0
ORD-100738,CUST-0839,2024-04-26,Ontario,En ligne,Beauté,Parfum,2,90.11,0.05
ORD-100310,CUST-1348,2025-11-03,Colombie-Britannique,En ligne,Sports,Raquette,3,42.78,0.15
ORD-103521,CUST-1149,2024-04-14,Manitoba,Magasin,Beauté,Soin visage,2,62.66,0.0
ORD-101131,CUST-0014,2025-10-30,Colombie-Britannique,En ligne,Beauté,Soin visage,1,214.0,0.15
ORD-105545,CUST-0106,2025-05-15,Manitoba,Téléphone,Sports,Vélo,3,174.27,0.05
ORD-107950,CUST-1042,2025-03-03,Ontario,En ligne,Beauté,Parfum,3,137.87,0.1
ORD-104111,CUST-0644,2024-10-22,Alberta,Téléphone,Vêtements,Chaussures,2,194.16,0.0
ORD-102769,CUST-0197,2025-09-25,,En ligne,Électronique,Clavier,2,255.92,0.05
ORD-100920,CUST-1383,2024-05-24,Alberta,Magasin,Vêtements,Manteau,2,35.44,0.0
ORD-106768,CUST-0496,2024-08-04,Ontario,Magasin,Beauté,Maquillage,3,45.3,0.2
ORD-103587,CUST-0106,2024-10-20,Ontario,Téléphone,Maison,Mixeur,1,406.99,0.0
ORD-103959,CUST-0051,2025-02-01,Ontario,En ligne,Électronique,Clavier,3,392.19,0.1
ORD-100038,CUST-1078,2025-03-19,Manitoba,MAGASIN,Beauté,Crème,3,70.06,0.0
ORD-104459,CUST-0343,2024-10-17,Alberta,Magasin,Maison,Mixeur,4,254.08,0.0
ORD-104278,CUST-1081,2024-07-06,Colombie-Britannique,Magasin,Maison,Cafetière,1,137.87,0.0
ORD-102983,CUST-1291,2025-03-07,Alberta,Téléphone,Vêtements,Jean,3,126.55,0.0
ORD-105290,CUST-1270,2025-07-28,Manitoba,Téléphone,Vêtements,Chaussures,2,157.43,0.0
ORD-102240,CUST-1423,2025-08-13,Ontario,En ligne,Sports,Ballon,4,357.79,0.05
ORD-105217,CUST-0872,2024-04-13,Alberta,Magasin,Vêtements,Jean,2,198.59,0.1
ORD-102667,CUST-0518,2025-05-16,Ontario,Magasin,Beauté,Parfum,1,224.2,0.0
ORD-103223,CUST-1119,2025-05-04,Ontario,Magasin,Maison,Aspirateur,2,49.95,0.1
ORD-101182,CUST-1416,2025-09-20,Ontario,Téléphone,Vêtements,Chaussures,1,202.77,0.05
ORD-107334,CUST-0550,2024-05-20,Ontario,En ligne,Beauté,Soin visage,1,170.81,0.0
ORD-100614,CUST-0572,2025-09-06,Manitoba,Téléphone,Maison,Mixeur,3,384.8,0.0
ORD-107928,CUST-0147,2025-09-26,Québec,Magasin,Sports,Sac sport,1,654.38,0.0
ORD-101466,CUST-1305,2025-05-25,Ontario,Téléphone,Beauté,Parfum,1,114.07,0.1
ORD-104497,CUST-1112,2024-08-15,Québec,Magasin,Sports,Vélo,1,203.87,0.0
ORD-103042,CUST-0579,2024-07-09,Alberta,Téléphone,Maison,Aspirateur,1,61.06,0.0
ORD-100934,CUST-1292,2025-08-18,Alberta,Magasin,Sports,Tapis yoga,1,637.23,0.0
ORD-102419,CUST-0085,2024-09-04,Colombie-Britannique,Magasin,Électronique,Souris,3,371.71,0.1
ORD-105085,CUST-0966,2024-05-19,Manitoba,En ligne,Sports,Sac sport,1,232.23,0.2
ORD-107292,CUST-0482,2024-12-08,,En ligne,Vêtements,Jean,1,208.21,0.0
ORD-106548,CUST-0696,2024-08-16,Alberta,Magasin,Électronique,Tablette,1,167.13,0.1
ORD-104822,CUST-0253,2024-10-12,Manitoba,En ligne,Vêtements,Jean,4,181.81,0.1
ORD-100826,CUST-0935,2024-03-18,Colombie-Britannique,Téléphone,Maison,Cafetière,5,103.94,0.1
ORD-101521,CUST-1267,2024-02-28,Alberta,Magasin,Maison,Chaise,2,29.17,0.1
ORD-102930,CUST-1255,2024-07-21,Ontario,Téléphone,Électronique,Tablette,2,221.36,0.15
ORD-104232,CUST-0594,2024-01-10,Colombie-Britannique,En ligne,Vêtements,Jean,1,175.33,0.05
ORD-100628,CUST-0973,2024-12-26,Ontario,Magasin,Maison,Mixeur,1,353.69,0.1
ORD-104430,CUST-0772,2025-10-31,Québec,Téléphone,Électronique,Casque audio,3,163.2,0.0
ORD-103853,CUST-0118,2024-06-22,Alberta,En ligne,Vêtements,T-shirt,2,277.09,0.05
ORD-100390,CUST-0702,2025-06-20,Alberta,Téléphone,Vêtements,T-shirt,3,135.45,0.0
ORD-104345,CUST-1500,2025-06-27,Colombie-Britannique,Téléphone,Maison,Cafetière,2,25.74,
ORD-107865,CUST-1028,2024-11-06,Québec,En ligne,Sports,Vélo,3,187.99,0.1
ORD-105913,CUST-0243,2025-05-28,Québec,Téléphone,Maison,Chaise,1,310.43,0.1
ORD-103990,CUST-1187,2025-07-10,Manitoba,Magasin,Électronique,Casque audio,1,379.49,0.05
ORD-100400,CUST-0659,2025-12-16,Alberta,Téléphone,Beauté,Parfum,2,38.44,0.2
ORD-104806,CUST-1401,2024-06-18,Alberta,Téléphone,Maison,Lampe,1,165.13,0.15
ORD-105135,CUST-1218,2024-05-03,Ontario,Téléphone,Beauté,Maquillage,1,13.35,0.05
ORD-106529,CUST-0087,2025-09-26,Ontario,En ligne,Électronique,Casque audio,5,722.88,0.1
ORD-103359,CUST-1061,2024-06-29,Manitoba,Magasin,Électronique,Souris,1,470.92,0.05
ORD-100046,CUST-0516,2024-01-16,Ontario,Magasin,Maison,Aspirateur,4,260.5,0.05
ORD-105657,CUST-0958,2025-10-23,Manitoba,Magasin,Maison,Chaise,2,333.58,0.0
ORD-107744,CUST-0069,2024-04-28,Alberta,Téléphone,Beauté,Parfum,1,205.83,0.1
ORD-107955,CUST-0666,2024-12-07,Alberta,Magasin,Électronique,Souris,1,159.0,0.0
ORD-103642,CUST-1098,2025-01-20,Colombie-Britannique,Téléphone,Vêtements,Jean,2,55.12,0.1
ORD-103726,CUST-1206,2024-06-17,Alberta,En ligne,Maison,Chaise,4,189.97,0.1
ORD-107395,CUST-1011,2025-04-06,Alberta,Magasin,Vêtements,Manteau,1,160.67,0.1
ORD-105208,CUST-0229,2025-01-20,Alberta,Téléphone,Beauté,Shampoing,1,132.83,0.1
ORD-105319,CUST-0001,2025-05-19,Ontario,Téléphone,Beauté,Crème,2,22.09,0.0
ORD-107832,CUST-0729,2025-09-20,Manitoba,Téléphone,Sports,Sac sport,1,178.89,0.0
ORD-102421,CUST-1170,2024-05-25,Colombie-Britannique,Magasin,Sports,Vélo,2,382.37,0.15
ORD-105604,CUST-0362,2024-02-05,Colombie-Britannique,En ligne,Électronique,Écran,4,218.14,0.05
ORD-101750,CUST-1161,2025-03-30,Québec,Téléphone,Électronique,Écran,1,446.37,0.0
ORD-107802,CUST-1393,2025-03-25,Manitoba,Téléphone,Sports,Raquette,5,627.39,0.05
ORD-107735,CUST-0369,2024-05-05,Manitoba,Magasin,Beauté,Soin visage,3,126.22,0.0
ORD-104062,CUST-1361,2024-08-01,Ontario,Téléphone,Beauté,Shampoing,5,95.67,0.0
ORD-101144,CUST-1488,2024-09-02,Manitoba,Téléphone,Électronique,Casque audio,3,514.32,0.1
ORD-100338,CUST-0802,2025-01-18,Colombie-Britannique,En ligne,Électronique,Souris,2,125.31,0.05
ORD-100215,CUST-1196,2025-09-05,Québec,Téléphone,Vêtements,Manteau,2,69.24,0.0
ORD-103663,CUST-0109,2025-10-13,Manitoba,Magasin,Beauté,Shampoing,2,214.39,0.1
ORD-101341,CUST-0075,2025-12-14,Alberta,Téléphone,Beauté,Crème,1,189.91,0.0
ORD-107388,CUST-0397,2025-08-15,Québec,Magasin,Beauté,Soin visage,1,245.52,0.1
ORD-107813,CUST-0233,2024-10-14,Ontario,En ligne,Maison,Lampe,2,392.02,0.0
ORD-103894,CUST-0132,2024-12-28,Alberta,En ligne,Électronique,Casque audio,3,251.18,0.0
ORD-103640,CUST-0565,2024-10-28,Manitoba,En ligne,Sports,Raquette,1,613.78,0.05
ORD-100329,CUST-0246,2025-10-22,Alberta,Téléphone,Sports,Raquette,2,257.12,0.05
ORD-106357,CUST-0766,2025-02-14,Ontario,En ligne,Sports,Sac sport,2,208.81,0.05
ORD-103004,CUST-0464,2025-11-05,Alberta,En ligne,Vêtements,Veste,1,64.99,0.1
ORD-107712,CUST-0860,2024-04-29,Québec,Magasin,Beauté,Crème,2,184.66,0.05
ORD-103115,CUST-1297,2024-08-28,Colombie-Britannique,Téléphone,Sports,Sac sport,2,632.78,0.0
ORD-107805,CUST-0549,2025-11-23,Ontario,En ligne,Beauté,Crème,1,76.9,0.1
ORD-102322,CUST-1105,2025-05-29,Colombie-Britannique,Magasin,Sports,Ballon,1,524.63,0.05
ORD-104197,CUST-0004,2024-11-15,Québec,En ligne,Vêtements,Jean,1,215.54,0.0
ORD-103549,CUST-0035,2025-02-10,Ontario,En ligne,Électronique,Casque audio,4,819.12,0.0
ORD-101458,CUST-0079,2024-10-01,Ontario,Magasin,Beauté,Soin visage,2,180.09,0.0
ORD-100171,CUST-1190,2024-03-30,Ontario,En ligne,Beauté,Shampoing,3,95.87,0.0
ORD-104203,CUST-0720,2025-11-21,Ontario,En ligne,Sports,Tapis yoga,1,354.77,0.0
ORD-106765,CUST-1081,2025-01-11,Colombie-Britannique,En ligne,Vêtements,Veste,2,108.63,0.15
ORD-103569,CUST-0314,2025-05-04,Colombie-Britannique,Magasin,Vêtements,Jean,3,123.57,0.0
ORD-104226,CUST-0511,2025-05-16,Alberta,En ligne,Vêtements,Manteau,2,217.22,0.0
ORD-105158,CUST-0893,2024-06-04,Manitoba,Magasin,Sports,Ballon,3,293.07,0.0
ORD-106590,CUST-0160,2025-04-14,Québec,Magasin,Vêtements,Veste,2,240.89,0.1
ORD-106185,CUST-0677,2025-05-26,Colombie-Britannique,Magasin,Maison,Lampe,2,250.9,0.0
ORD-107807,CUST-0350,2025-06-02,Québec,En ligne,Vêtements,Jean,1,20.68,0.15
ORD-100938,CUST-1367,2024-05-12,Manitoba,Magasin,Vêtements,T-shirt,4,252.96,0.15
ORD-100060,CUST-0173,2025-10-14,Ontario,En ligne,Vêtements,Veste,1,109.12,0.05
ORD-101240,CUST-0409,2024-12-27,Alberta,Téléphone,Sports,Sac sport,2,322.13,0.0
ORD-105760,CUST-0664,2024-09-19,Ontario,Magasin,Beauté,Shampoing,1,79.47,0.0
ORD-105136,CUST-0264,2024-08-28,Manitoba,En ligne,Maison,Mixeur,1,24.42,0.1
ORD-106750,CUST-1038,2025-03-08,Québec,Téléphone,Beauté,Parfum,4,219.14,0.05
ORD-102120,CUST-1439,2024-08-06,Québec,Magasin,Vêtements,T-shirt,1,211.29,0.15
ORD-101524,CUST-1054,2024-01-09,Manitoba,Magasin,Vêtements,Veste,1,286.21,0.15
ORD-100153,CUST-0535,2025-03-01,Ontario,Téléphone,Vêtements,Manteau,4,263.48,0.0
ORD-106344,CUST-0420,2025-06-20,Québec,Magasin,Beauté,Parfum,3,97.41,0.05
ORD-100481,CUST-0187,2024-12-10,Manitoba,Magasin,Électronique,Clavier,3,141.6,0.1
ORD-106122,CUST-0209,2025-06-20,Québec,Magasin,Vêtements,Manteau,2,128.01,0.05
ORD-104460,CUST-0284,2024-06-30,Colombie-Britannique,Téléphone,Électronique,Écran,1,457.39,0.1
ORD-103920,CUST-1074,2025-04-19,Colombie-Britannique,Magasin,Vêtements,Jean,3,165.62,0.0
ORD-101762,CUST-1170,2024-05-31,Colombie-Britannique,Téléphone,Maison,Lampe,2,193.66,0.0
ORD-100750,CUST-0210,2024-05-05,Colombie-Britannique,Magasin,Électronique,Casque audio,3,543.94,0.0
ORD-101785,CUST-1136,2024-06-23,Colombie-Britannique,En ligne,Maison,Lampe,2,345.44,0.15
ORD-106716,CUST-1018,2025-03-27,Ontario,Téléphone,Électronique,Souris,1,228.03,0.0
ORD-106212,CUST-0612,2025-01-29,Alberta,Magasin,Sports,Tapis yoga,2,89.71,0.0
ORD-104501,CUST-0287,2024-01-31,Québec,Magasin,Électronique,Clavier,3,586.52,0.1
ORD-104853,CUST-0253,2024-04-04,Alberta,Téléphone,Vêtements,Veste,1,284.47,0.05
ORD-102711,CUST-0407,2025-06-02,Manitoba,En ligne,Maison,Cafetière ,2,189.95,0.05
ORD-106531,CUST-0077,2024-08-05,Colombie-Britannique,En ligne,Beauté,Parfum,1,28.32,0.0
ORD-104193,CUST-0816,2024-04-12,Colombie-Britannique,En ligne,Sports,Tapis yoga,2,220.59,0.1
ORD-101333,CUST-1297,2025-04-08,Alberta,En ligne,Électronique,Souris,1,61.32,0.0
ORD-107194,CUST-1370,2024-07-29,Québec,Téléphone,Beauté,Parfum,3,240.95,0.0
ORD-102854,CUST-0232,2025-04-20,Manitoba,Magasin,Maison,Aspirateur,1,138.93,0.1
ORD-100186,CUST-1228,2024-06-13,Québec,Magasin,Électronique,Souris,1,558.79,0.05
ORD-101136,CUST-0207,2024-11-13,Alberta,Magasin,Beauté,Parfum,1,184.65,0.1
ORD-102058,CUST-0335,2024-09-08,Colombie-Britannique,Magasin,Vêtements,T-shirt,1,193.21,0.05
ORD-106773,CUST-0205,2025-02-04,Alberta,En ligne,Vêtements,Veste,1,90.29,0.0
ORD-106871,CUST-0810,2024-12-06,Colombie-Britannique,Magasin,Sports,Raquette,1,106.86,0.15
ORD-100148,CUST-1219,2024-11-27,Ontario,Magasin,Beauté,Crème,2,103.88,0.0
ORD-104124,CUST-0859,2024-09-20,Québec,En ligne,Sports,Sac sport,1,408.75,0.1
ORD-104889,CUST-1488,2025-06-10,Québec,Téléphone,Sports,Raquette,5,19.3,0.05
ORD-106543,CUST-0228,2025-11-22,Alberta,Magasin,Vêtements,Manteau,1,16.32,0.0
ORD-103363,CUST-0536,2024-11-28,Québec,En ligne,Sports,Sac sport,1,165.49,0.15
ORD-104788,CUST-1445,2024-07-05,Québec,Téléphone,Sports,Vélo,1,426.35,0.0
ORD-102866,CUST-1369,2024-11-28,Manitoba,En ligne,Sports,Sac sport,1,641.14,0.15
ORD-103776,CUST-1251,2025-09-24,Manitoba,Magasin,Vêtements,Chaussures,4,155.04,0.05
ORD-101386,CUST-0561,2025-03-15,Alberta,En ligne,Beauté,Crème,1,81.41,0.15
ORD-105941,CUST-0210,2024-07-03,Ontario,Téléphone,Maison,Lampe,2,463.18,0.0
ORD-107632,CUST-0333,2025-04-28,Ontario,Magasin,Sports,Vélo,2,321.67,0.05
ORD-106681,CUST-0987,2025-10-08,Manitoba,Téléphone,Maison,Cafetière,3,407.01,0.0
ORD-105695,CUST-1358,2024-11-08,Québec,Téléphone,Sports,Raquette,2,496.39,0.0
ORD-103629,CUST-1475,2025-03-02,Ontario,Magasin,Beauté,Shampoing,3,65.89,0.05
ORD-107268,CUST-1010,2024-11-08,Colombie-Britannique,Magasin,Sports,Raquette,2,21.26,0.0
ORD-104797,CUST-0642,2024-07-23,Manitoba,En ligne,Électronique,Casque audio,1,676.76,0.0
ORD-103028,CUST-1187,2025-03-31,Manitoba,Magasin,Beauté,Shampoing,1,32.8,0.0
ORD-102969,CUST-1322,2025-11-02,Ontario,Magasin,Beauté,Shampoing,1,107.76,0.05
ORD-107140,CUST-1338,2024-05-02,Manitoba,Magasin,Vêtements,Chaussures,3,296.95,0.05
ORD-101708,CUST-0928,2024-04-14,Alberta,En ligne,Vêtements,Jean,1,77.07,0.0
ORD-102953,CUST-1483,2025-05-12,Manitoba,Téléphone,Sports,Ballon,1,411.71,0.15
ORD-100454,CUST-0887,2024-12-05,Ontario,Magasin,Vêtements,Jean,2,247.26,0.1
ORD-106136,CUST-0524,2024-06-11,Manitoba,En ligne,Vêtements,T-shirt,1,115.98,0.0
ORD-106754,CUST-0439,2025-08-30,Ontario,Téléphone,Beauté,Crème,1,209.98,0.0
ORD-100609,,2025-05-05,Ontario,En ligne,Beauté,Soin visage,2,112.36,0.1
ORD-104263,CUST-1096,2025-05-22,Colombie-Britannique,Téléphone,Beauté,Soin visage,1,141.62,0.05
ORD-104826,CUST-0696,2024-07-17,Alberta,Téléphone,Sports,Vélo,1,551.24,0.1
ORD-106848,CUST-1490,2024-05-08,Alberta,Magasin,Vêtements,Jean,2,170.54,0.05
ORD-102074,CUST-0569,2024-06-30,Ontario,En ligne,Beauté,Shampoing,2,31.43,0.05
ORD-104052,CUST-1470,2024-08-19,Québec,En ligne,Beauté,Maquillage,1,95.96,0.2
ORD-106567,,2024-07-15,Manitoba,Magasin,Sports,Sac sport,3,463.68,0.2
ORD-101622,CUST-0223,2025-06-13,Colombie-Britannique,En ligne,Sports,Raquette,1,613.03,0.1
ORD-104683,CUST-1417,2024-07-17,Colombie-Britannique,En ligne,Électronique,Casque audio,2,68.65,0.1
ORD-105497,CUST-0003,2024-06-12,Colombie-Britannique,Téléphone,Électronique,Écran,2,546.56,0.0
ORD-105796,CUST-1475,2025-02-17,Alberta,En ligne,Beauté,Maquillage,1,238.16,0.0
ORD-107081,CUST-0047,2024-12-28,Manitoba,En ligne,Vêtements,Chaussures,1,176.13,0.0
ORD-100040,CUST-0120,2025-08-26,Ontario,Téléphone,Vêtements,Manteau,5,218.66,0.0
ORD-105475,CUST-1439,2025-08-04,Colombie-Britannique,Téléphone,Électronique,Tablette,3,515.44,0.0
ORD-102089,CUST-1008,2025-06-22,Ontario,En ligne,Maison,Cafetière,1,82.17,0.15
ORD-103924,CUST-1426,2025-11-24,Alberta,Téléphone,Sports,Raquette,2,260.02,0.05
ORD-102175,CUST-0214,2025-02-09,Colombie-Britannique,Téléphone,Maison,Lampe,1,116.17,0.05
ORD-100074,CUST-0990,2025-02-04,Manitoba,Magasin,Sports,Vélo,1,574.22,0.2
ORD-106465,CUST-1290,2024-10-21,Québec,En ligne,Maison,Mixeur,4,297.12,0.2
ORD-107967,CUST-1366,2024-11-03,Québec,Magasin,Électronique,Casque audio,1,741.43,0.0
ORD-102657,CUST-0244,2024-05-17,Colombie-Britannique,Téléphone,Sports,Raquette,3,669.01,0.1
ORD-103180,CUST-1207,2024-12-23,Manitoba,En ligne,Vêtements,Jean,1,32.08,0.0
ORD-102076,CUST-0057,2025-02-06,Alberta,En ligne,Beauté,Soin visage,1,23.94,0.15
ORD-100441,CUST-0899,2024-05-18,Manitoba,En ligne,Électronique,Tablette,1,774.55,0.15
ORD-102051,CUST-1477,2025-02-07,Manitoba,Magasin,Sports,Ballon,1,448.45,0.2
ORD-102541,CUST-0383,2025-07-09,Manitoba,Téléphone,Beauté,Crème,3,176.6,0.15
ORD-101301,CUST-0794,2025-04-14,Manitoba,En ligne,Beauté,Parfum,2,177.54,0.05
ORD-107429,CUST-1200,2024-09-28,Québec,En ligne,Maison,Aspirateur,1,475.36,0.05
ORD-103430,CUST-1394,2025-08-10,Ontario,Téléphone,Vêtements,Veste,4,61.6,0.15
ORD-101304,CUST-1358,2025-12-25,Ontario,Téléphone,Maison,Lampe,1,336.71,0.0
ORD-100236,CUST-0425,2024-05-08,Ontario,Magasin,Maison,Chaise,1,69.03,0.1
ORD-106733,CUST-0827,2024-10-16,Colombie-Britannique,En ligne,Beauté,Parfum,1,175.6,0.05
ORD-102599,CUST-1077,2025-03-11,Ontario,Téléphone,Vêtements,Manteau,2,278.52,0.05
ORD-104616,CUST-1401,2024-04-21,Manitoba,En ligne,Beauté,Soin visage,2,38.06,0.0
ORD-102573,CUST-0442,2024-09-14,Colombie-Britannique,En ligne,Vêtements,Chaussures,1,223.97,0.05
ORD-103280,CUST-1215,2025-04-26,Colombie-Britannique,Téléphone,Vêtements,Jean,1,154.12,0.0
ORD-103186,CUST-0508,2025-08-02,Québec,En ligne,Maison,Cafetière,5,444.92,0.0
ORD-103953,CUST-0238,2024-10-10,Québec,En ligne,Électronique,Casque audio,3,121.9,0.1
ORD-102768,CUST-0624,2024-08-02,Alberta,En ligne,Maison,Chaise,4,383.3,0.2
ORD-104831,CUST-1415,2024-09-26,Ontario,En ligne,Beauté,Shampoing,2,74.3,0.15
ORD-104223,CUST-0690,2024-05-21,Québec,En ligne,Vêtements,Manteau,2,244.36,0.1
ORD-102106,CUST-1465,2025-03-22,Alberta,Magasin,Maison,Cafetière,1,54.04,0.1
ORD-102679,CUST-1234,2025-04-06,Québec,En ligne,Sports,Tapis yoga,1,664.17,0.1
ORD-102761,CUST-0966,2024-02-06,Manitoba,Téléphone,Sports,Raquette,1,157.66,0.1
ORD-104688,CUST-0902,2024-07-04,Québec,Téléphone,Maison,Mixeur,3,358.17,0.05
ORD-105399,CUST-1056,2025-02-14,Manitoba,Magasin,Électronique,Écran,2,95.16,0.05
ORD-101387,CUST-0049,2025-04-06,Québec,En ligne,Vêtements,Manteau,2,69.38,0.05
ORD-107584,CUST-0439,2024-11-18,Manitoba,Téléphone,Maison,Aspirateur,1,303.74,0.1
ORD-107313,CUST-0337,2024-06-27,Colombie-Britannique,Magasin,Maison,Mixeur,2,429.24,0.15
ORD-106496,CUST-0449,2024-11-27,Manitoba,En ligne,Électronique,Souris,1,132.72,0.0
ORD-106952,CUST-0496,2024-04-16,Alberta,En ligne,Beauté,Soin visage,2,204.82,0.15
ORD-107788,CUST-0988,2025-03-30,Ontario,Magasin,Électronique,Tablette,1,436.9,0.0
ORD-105000,CUST-1228,2024-06-06,Ontario,En ligne,Beauté,Soin visage,1,206.57,0.0
ORD-105853,CUST-0928,2025-07-07,Ontario,Magasin,Maison,Mixeur,4,397.5,0.0
ORD-101279,CUST-1470,2025-09-19,Ontario,Magasin,Sports,Sac sport,2,508.42,0.05
ORD-107212,CUST-0581,2025-03-10,Québec,En ligne,Beauté,Shampoing,3,113.57,0.15
ORD-107912,CUST-0839,2024-09-07,Manitoba,Téléphone,Sports,Raquette,2,32.89,0.15
ORD-106404,CUST-1465,2024-04-30,Alberta,Téléphone,Électronique,Casque audio,2,884.34,0.05
ORD-101555,CUST-0931,2024-06-04,Ontario,En ligne,Sports,Tapis yoga,2,643.44,0.1
ORD-107307,CUST-1080,2024-08-27,Alberta,En ligne,Sports,Vélo,5,375.85,0.0
ORD-103190,CUST-0687,2025-10-27,Alberta,Téléphone,Vêtements,Veste,3,294.14,0.05
ORD-104566,CUST-0806,2024-10-04,Ontario,Téléphone,Électronique,Écran,1,179.16,0.0
ORD-104802,CUST-0254,2024-01-05,Colombie-Britannique,Magasin,Électronique,Clavier,2,223.75,0.05
ORD-107579,CUST-0760,2025-10-16,Québec,Téléphone,Vêtements,Jean,1,217.26,0.05
ORD-104841,CUST-0713,2025-12-31,Alberta,Magasin,Sports,Raquette,3,591.37,0.05
ORD-103594,CUST-0914,2024-06-26,Colombie-Britannique,En ligne,Électronique,Écran,3,746.58,0.1
ORD-106035,CUST-0993,2025-04-15,Québec,Magasin,Électronique,Clavier,1,359.86,0.15
ORD-101920,CUST-0642,2025-05-09,Manitoba,Magasin,Maison,Aspirateur,1,225.43,0.0
ORD-100513,CUST-0602,2025-10-14,Québec,En ligne,Sports,Raquette,3,123.44,0.0
ORD-104177,CUST-0618,2025-10-30,Ontario,Téléphone,Beauté,Soin visage,1,245.69,0.0
ORD-101308,CUST-0330,2024-02-19,Manitoba,En ligne,Vêtements,Chaussures,2,241.01,0.0
ORD-105667,CUST-0415,2025-03-30,Alberta,Téléphone,Électronique,Casque audio,1,682.15,0.0
ORD-100914,CUST-0710,2025-06-25,Québec,Téléphone,Électronique,Écran,3,523.59,0.0
ORD-103452,CUST-0876,2024-04-08,Colombie-Britannique,Magasin,Maison,Aspirateur,1,360.65,0.0
ORD-103695,CUST-1329,2025-05-31,Québec,Téléphone,Maison,Lampe,1,400.66,0.0
ORD-104242,CUST-0608,2024-04-02,Manitoba,En ligne,Beauté,Shampoing,3,239.3,0.0
ORD-103156,CUST-1352,2024-09-02,Ontario,Magasin,Sports,Tapis yoga,1,290.25,0.1
ORD-102198,CUST-0160,2025-02-02,Québec,Magasin,Maison,Chaise,2,479.01,0.1
ORD-100774,CUST-1036,2025-01-23,Québec,En ligne,Beauté,Crème,1,161.35,0.05
ORD-104425,CUST-0050,2025-10-30,Ontario,En ligne,Beauté,Crème,1,68.99,0.0
ORD-106150,CUST-1499,2025-05-08,,Téléphone,Électronique,Casque audio,2,608.36,0.05
ORD-106097,CUST-0787,2025-07-14,Québec,En ligne,Sports,Raquette,1,88.4,0.1
ORD-100943,CUST-1426,2024-07-09,Alberta,Magasin,Vêtements,Veste,1,228.08,0.05
ORD-100822,CUST-1259,2025-03-08,Colombie-Britannique,En ligne,Vêtements,Jean,2,72.59,0.0
ORD-105005,CUST-0492,2024-03-14,Alberta,En ligne,Vêtements,Veste,2,284.84,0.0
ORD-104277,CUST-0715,2024-04-15,Ontario,Téléphone,Sports,Sac sport,2,249.96,0.05
ORD-100164,CUST-0430,2025-10-18, manitoba ,MAGASIN,Vêtements,Jean,3,149.86,0.2
ORD-105619,CUST-1102,2024-04-28,Québec,En ligne,Beauté,Soin visage,4,23.38,0.05
ORD-104547,CUST-0072,2025-05-05,Québec,Magasin,Vêtements,,1,24.59,0.0
ORD-103983,CUST-1353,2024-07-28,Manitoba,En ligne,Vêtements,Chaussures,2,145.39,0.1
ORD-102538,CUST-0087,2025-03-03,Alberta,Téléphone,Sports,Sac sport,2,344.87,0.05
ORD-107700,CUST-1099,2024-04-06,Québec,Téléphone,Sports,Sac sport,2,74.45,0.0
ORD-101311,CUST-1322,2024-06-30,Manitoba,Magasin,Sports,Sac sport,2,369.61,0.15
ORD-105207,CUST-0460,2025-11-30,Manitoba,Magasin,Électronique,Clavier,1,55.66,0.0
ORD-107347,CUST-0496,2024-11-27,Manitoba,Magasin,Beauté,Maquillage,1,124.6,0.0
ORD-105383,CUST-1231,2024-05-28,Québec,Téléphone,Vêtements,Jean,2,213.16,0.05
ORD-106735,CUST-0613,2025-02-17,Colombie-Britannique,En ligne,Vêtements,T-shirt,4,208.79,0.05
ORD-107494,CUST-0330,2024-09-24,Québec,En ligne,Beauté,Maquillage,1,48.28,0.0
ORD-103300,CUST-0077,2025-02-24,Colombie-Britannique,En ligne,Vêtements,Jean,2,285.48,0.05
ORD-103310,CUST-1265,2024-06-13,Manitoba,En ligne,Vêtements,Manteau,3,146.22,0.2
ORD-100327,CUST-0104,2024-08-01,Québec,En ligne,Maison,Cafetière,1,395.55,0.1
ORD-105886,CUST-1359,2025-11-15,Québec,Téléphone,Maison,Lampe,2,299.71,0.05
ORD-102490,CUST-1021,2025-11-18,Alberta,Téléphone,Vêtements,Veste,4,169.8,0.0
ORD-107601,CUST-0745,2025-08-20,Colombie-Britannique,Magasin,Électronique,Casque audio,2,242.6,0.05
ORD-106103,CUST-0741,2024-07-05,,Téléphone,Beauté,Crème,2,211.55,0.1
ORD-105954,CUST-0623,2025-10-21,Manitoba,Téléphone,Beauté,Shampoing,1,47.54,0.0
ORD-107569,CUST-1331,2025-02-18,Alberta,Magasin,Sports,Sac sport,2,414.03,0.0
ORD-104408,CUST-0507,2024-06-27,Colombie-Britannique,Téléphone,Sports,Vélo,1,695.72,0.1
ORD-100832,CUST-1000,2025-01-14,Manitoba,En ligne,Sports,Ballon,4,79.14,0.2
ORD-103079,CUST-1004,2025-10-03,Manitoba,Magasin,Sports,Sac sport,1,618.95,0.1
ORD-103462,CUST-0486,2024-04-16,Québec,En ligne,Sports,Vélo,3,348.79,0.0
ORD-105297,CUST-0265,2024-09-05,Québec,Téléphone,Maison,Aspirateur,1,429.14,0.1
ORD-107082,CUST-0594,2024-05-26,Colombie-Britannique,Téléphone,Électronique,Souris,2,181.04,0.15
ORD-100054,CUST-0851,2025-05-20,Manitoba,Magasin,Vêtements,T-shirt,1,285.77,0.2
ORD-106230,CUST-0681,2024-11-10,Ontario,Magasin,Vêtements,T-shirt,2,203.07,0.05
ORD-104064,CUST-0567,2025-12-18,Québec,En ligne,Maison,Lampe,1,226.17,0.1
ORD-103451,CUST-0097,2024-11-22,Québec,En ligne,Vêtements,Chaussures,3,213.25,0.1
ORD-106305,CUST-0500,2025-02-26,Alberta,Magasin,Vêtements,Chaussures,1,49.25,0.0
ORD-101901,CUST-1258,2024-11-14,Alberta,Magasin,Vêtements,Jean,3,265.97,0.1
ORD-101481,CUST-1074,2024-08-02,Colombie-Britannique,Magasin,Vêtements,Manteau,4,128.4,0.2
ORD-104873,CUST-0001,2025-03-12,Ontario,En ligne,Sports,Sac sport,2,670.01,0.15
ORD-104895,CUST-0835,2025-09-01,Colombie-Britannique,En ligne,Vêtements,Jean,3,74.33,0.05
ORD-104150,CUST-0419,2024-03-24,Manitoba,Magasin,Sports,Vélo,1,189.05,0.1
ORD-103335,CUST-1383,2024-06-10,Québec,Magasin,Électronique,Écran,2,788.58,0.0
ORD-106016,CUST-0361,2024-12-16,Manitoba,Magasin,Beauté,Shampoing,2,10.45,0.0
ORD-104926,CUST-1418,2024-01-15,Manitoba,Magasin,Vêtements,Veste,3,291.89,0.1
ORD-100946,CUST-0126,2024-11-01,Québec,Téléphone,Vêtements,T-shirt,3,127.52,0.1
ORD-105797,CUST-0330,2024-05-12,Ontario,Magasin,Beauté,Shampoing,4,223.28,0.05
ORD-103293,CUST-0978,2025-04-22,Manitoba,Téléphone,Électronique,Écran,1,247.73,0.15
ORD-102161,CUST-1120,2025-12-07,Ontario,Téléphone,Maison,Lampe,1,236.89,0.0
ORD-107815,CUST-0577,2025-08-13,Colombie-Britannique,En ligne,Vêtements,T-shirt,1,200.84,0.05
ORD-105083,CUST-1496,2025-10-25,Colombie-Britannique,Téléphone,Sports,Ballon,3,618.93,0.05
ORD-106839,CUST-1164,2024-12-12,Colombie-Britannique,En ligne,Maison,Cafetière,2,191.8,0.15
ORD-103057,CUST-0424,2024-04-27,Ontario,Magasin,Électronique,Écran,1,728.21,0.05
ORD-105490,CUST-0151,2024-02-06,Québec,En ligne,Électronique,Tablette,4,545.23,0.1
ORD-100768,CUST-0547,2024-04-21,Colombie-Britannique,Magasin,Beauté,Maquillage,1,135.01,0.05
ORD-107596,CUST-0396,2025-02-22,Ontario,En ligne,Sports,Vélo,1,379.96,0.0
ORD-103495,CUST-0605,2024-10-09,Québec,En ligne,Électronique,Casque audio,2,593.95,0.05
ORD-100285,CUST-1401,2025-01-29,Ontario,Téléphone,Vêtements,Manteau,1,276.69,0.0
ORD-107981,CUST-0876,2024-02-12,Alberta,En ligne,Maison,Chaise,3,252.39,0.05
ORD-104524,CUST-0919,2025-11-29,Québec,Téléphone,Vêtements,Veste,2,131.33,0.1
ORD-107188,CUST-0581,2025-01-10,Ontario,En ligne,Vêtements,Manteau,2,197.38,0.0
ORD-102332,CUST-0447,2024-03-30,Alberta,Téléphone,Beauté,Maquillage,1,191.69,0.05
ORD-102717,CUST-1296,2025-06-17,Québec,Téléphone,Maison,Chaise,2,204.48,0.0
ORD-102079,CUST-0323,2024-11-04,Ontario,En ligne,Vêtements,Manteau,2,16.85,0.2
ORD-103389,CUST-0741,2025-08-09,Alberta,Téléphone,Vêtements,Manteau,1,237.45,0.1
ORD-100722,CUST-0795,2024-07-29,Manitoba,Magasin,Vêtements,T-shirt,3,152.99,0.1
ORD-100951,CUST-0346,2024-04-12,Colombie-Britannique,Téléphone,Beauté,Shampoing,1,231.08,0.15
ORD-107042,CUST-1285,2024-03-23,Manitoba,En ligne,Vêtements,Jean,4,120.61,0.0
ORD-102262,CUST-1151,2024-12-14,Manitoba,Téléphone,Beauté,Crème,5,73.16,0.05
ORD-100989,CUST-1451,2025-02-24,Ontario,Magasin,Maison,Aspirateur,1,149.42,0.1
ORD-103212,CUST-1402,2025-08-05,Manitoba,En ligne,Vêtements,Veste,1,246.83,0.1
ORD-101759,CUST-1073,2025-06-27,Manitoba,En ligne,Beauté,Maquillage,1,207.81,0.1
ORD-106633,CUST-0923,2024-10-02,Alberta,Magasin,Électronique,Clavier,2,525.67,0.05
ORD-104422,CUST-0673,2025-08-23,Manitoba,Magasin,Sports,Raquette,1,137.15,0.05
ORD-105479,CUST-0968,2025-03-18,Colombie-Britannique,Téléphone,Maison,Cafetière,5,49.12,0.0
ORD-101724,CUST-1054,2024-04-06,Alberta,Téléphone,Beauté,Shampoing,1,124.84,0.05
ORD-105182,CUST-0628,2025-06-08,Alberta,Magasin,Électronique,Tablette,1,393.39,0.05
ORD-100341,CUST-1475,2024-08-02,Alberta,En ligne,Maison,Chaise,2,121.33,0.15
ORD-103701,CUST-0378,2024-06-13,Colombie-Britannique,Magasin,Électronique,Écran,1,149.28,0.0
ORD-104243,CUST-1397,2025-12-04,Ontario,En ligne,Sports,Raquette,1,346.47,0.0
ORD-100688,CUST-1363,2024-09-15,Ontario,Téléphone,Maison,Lampe,2,99.01,0.0
ORD-103432,CUST-0909,2024-03-02,Manitoba,Magasin,Vêtements,Manteau,2,142.56,0.05
ORD-105203,CUST-0820,2025-08-15,Québec,Magasin,Maison,Aspirateur,2,256.47,0.1
ORD-104944,CUST-0104,2024-08-08,Ontario,Magasin,Sports,Vélo,1,528.91,0.05
ORD-100966,CUST-1123,2025-06-22,Québec,En ligne,Sports,Tapis yoga,1,358.83,0.1
ORD-107627,CUST-1127,2024-11-25,Colombie-Britannique,Magasin,Électronique,Souris,3,849.24,0.0
ORD-107303,CUST-0772,2025-09-16,Alberta,Magasin,Sports,Ballon,2,318.0,0.05
ORD-102203,CUST-1323,2025-06-12,Ontario,En ligne,Sports,Ballon,1,29.82,0.1
ORD-102713,CUST-0060,2025-12-31,Québec,Magasin,Maison,Lampe,3,385.54,0.1
ORD-104757,CUST-0113,2025-01-02,Colombie-Britannique,En ligne,Électronique,Clavier,1,846.4,0.05
ORD-105098,CUST-1314,2025-08-20,Manitoba,En ligne,Beauté,Shampoing,1,26.49,0.1
ORD-107119,CUST-1038,2025-05-22,Alberta,Téléphone,Sports,Sac sport,1,499.21,0.05
ORD-107425,CUST-0772,2025-09-21,Alberta,Téléphone,Électronique,Souris,2,612.85,0.05
ORD-107122,CUST-0763,2024-11-29,Québec,Magasin,Électronique,Clavier,1,152.88,0.0
ORD-105280,CUST-1431,2025-08-03,Québec,Téléphone,Beauté,Shampoing,1,47.89,0.2
ORD-105975,CUST-0691,2024-12-25,Québec,Magasin,Sports,Ballon,3,504.61,0.15
ORD-103572,CUST-0343,2025-01-30,Colombie-Britannique,Téléphone,Vêtements,T-shirt,1,20.4,0.05
ORD-104805,CUST-0791,2024-02-25,Colombie-Britannique,Téléphone,Sports,Ballon,1,46.24,0.05
ORD-105299,CUST-0413,2024-08-30,Colombie-Britannique,Téléphone,Vêtements,Manteau,3,189.89,0.0
ORD-101990,CUST-0303,2024-02-17,Alberta,Magasin,Électronique,Tablette,1,890.28,0.05
ORD-104120,CUST-1056,2024-08-21,Alberta,Magasin,Beauté,Maquillage,2,64.59,0.0
ORD-104759,CUST-0800,2025-10-22,Québec,Magasin,Sports,Vélo,1,135.81,0.15
ORD-106626,CUST-0485,2025-12-12,Québec,Magasin,Sports,Vélo,1,668.32,0.0
ORD-105298,CUST-0202,2024-02-22,Manitoba,Magasin,Électronique,Casque audio,1,823.74,0.05
ORD-107064,CUST-1020,2024-11-25,Alberta,En ligne,Électronique,Casque audio,2,423.97,0.0
ORD-104971,CUST-0078,2025-05-02,Ontario,En ligne,Vêtements,T-shirt,5,55.05,0.05
ORD-107654,CUST-0881,2025-08-02,Alberta,Magasin,Beauté,Crème,3,113.8,0.15
ORD-105034,CUST-0896,2025-04-06,Québec,Magasin,Beauté,Parfum,2,62.87,0.0
ORD-103600,CUST-0007,2025-07-02,Alberta,Magasin,Sports,Sac sport,1,337.74,0.15
ORD-106490,CUST-0429,2025-12-04,Ontario,Téléphone,Sports,Sac sport,3,507.34,0.1
ORD-107373,CUST-0002,2025-07-28,Alberta,Magasin,Beauté,Shampoing,3,175.94,0.1
ORD-103765,CUST-0702,2024-06-17,Manitoba,Téléphone,Électronique,Écran,1,181.43,0.0
ORD-106657,CUST-1292,2025-11-23,Colombie-Britannique,En ligne,Électronique,Casque audio,2,781.96,0.0
ORD-100385,CUST-0553,2025-01-02,Alberta,Téléphone,Vêtements,Jean,4,170.18,0.0
ORD-107053,CUST-1147,2025-07-15,Alberta,Magasin,Vêtements,Manteau,1,186.57,0.0
ORD-107375,CUST-0984,2025-10-11,Québec,Magasin,Beauté,Shampoing,1,112.1,0.0
ORD-100536,CUST-0461,2025-09-09,Manitoba,Magasin,Beauté,Soin visage,1,104.7,0.05
ORD-106387,CUST-0139,2025-05-12,Québec,Magasin,Sports,Ballon,2,636.65,0.0
ORD-107537,CUST-1149,2024-10-08,Manitoba,En ligne,Électronique,Tablette,2,395.02,0.05
ORD-105032,CUST-1360,2024-03-24,Ontario,En ligne,Beauté,Maquillage,1,59.16,0.05
ORD-104212,CUST-0983,2025-12-22,Ontario,Magasin,Maison,Mixeur,2,141.51,0.0
ORD-106456,CUST-0020,2025-12-01,Ontario,En ligne,Sports,Tapis yoga,1,606.82,0.05
ORD-103507,CUST-0209,2025-02-14,Québec,Téléphone,Vêtements,Jean,1,203.98,0.1
ORD-100201,CUST-0619,2024-12-01,Manitoba,Téléphone,Sports,Tapis yoga,2,-372.05,0.15
ORD-101332,CUST-0122,2024-07-03,Alberta,En ligne,Beauté,Maquillage,1,123.66,0.05
ORD-103502,CUST-1338,2024-01-11,Alberta,Magasin,Sports,Ballon,4,498.94,0.15
ORD-102708,CUST-0917,2025-01-26,Québec,Magasin,Maison,Chaise,1,272.36,0.0
ORD-106030,CUST-0436,2024-04-25,Ontario,Magasin,Sports,Ballon,1,159.4,0.0
ORD-105031,CUST-0860,2024-11-14,Manitoba,Téléphone,Maison,Cafetière,2,438.88,0.2
ORD-106514,CUST-0065,2025-04-29,Québec,En ligne,Électronique,Tablette,4,464.4,0.15
ORD-104662,CUST-1014,2024-02-09,Colombie-Britannique,Téléphone,Beauté,Parfum,1,203.46,0.1
ORD-104021,CUST-0313,2025-09-22,Manitoba,En ligne,Électronique,Tablette,4,93.0,0.0
ORD-101854,CUST-0650,2025-11-21,Manitoba,En ligne,Sports,Ballon,2,189.16,0.0
ORD-107223,CUST-0086,2024-05-27,Colombie-Britannique,Téléphone,Beauté,Crème,1,83.68,0.05
ORD-102872,CUST-1404,2024-01-21,Québec,Téléphone,Vêtements,Jean,1,92.79,0.05
ORD-103030,CUST-1165,2025-09-09,Manitoba,Magasin,Vêtements,Veste,1,227.6,0.0
ORD-101205,CUST-0113,2024-05-16,Alberta,Téléphone,Sports,Ballon,2,668.55,0.1
ORD-106563,CUST-1077,2024-03-23,Ontario,En ligne,Sports,Ballon,3,405.68,0.1
ORD-101645,CUST-1480,2024-10-04,Ontario,En ligne,Vêtements,T-shirt,1,118.53,0.1
ORD-103417,CUST-0156,2025-06-29,Manitoba,En ligne,Beauté,Crème,1,220.08,0.05
ORD-103476,CUST-0497,2025-06-17,Alberta,En ligne,Électronique,Clavier,4,866.46,0.1
ORD-106797,CUST-0598,2024-06-14,Alberta,Téléphone,Sports,Vélo,1,583.12,0.0
ORD-102861,CUST-0129,2024-08-30,Ontario,Téléphone,Beauté,Crème,1,136.88,0.0
ORD-101792,CUST-0859,2025-07-24,Manitoba,Magasin,Maison,Lampe,1,260.82,0.15
ORD-105526,CUST-1032,2025-12-31,Manitoba,En ligne,Vêtements,Chaussures,1,26.26,0.0
ORD-103797,CUST-0548,2024-06-03,Québec,En ligne,Électronique,Souris,3,237.47,0.05
ORD-103368,CUST-0246,2024-10-04,Alberta,Magasin,Vêtements,Chaussures,0,125.15,0.05
ORD-103367,CUST-1092,2024-12-27,Colombie-Britannique,En ligne,Maison,Cafetière,1,83.45,0.0
ORD-103533,CUST-1410,2024-09-21,Colombie-Britannique,En ligne,Électronique,Souris,1,376.8,0.0
ORD-107089,CUST-0007,2024-04-08,Alberta,Téléphone,Sports,Vélo,1,337.37,0.0
ORD-105109,CUST-0319,2025-12-07,Québec,Magasin,Maison,Chaise,2,235.58,0.15
ORD-106024,CUST-0634,2025-02-15,Colombie-Britannique,En ligne,Vêtements,Jean,2,106.4,0.15
ORD-103449,CUST-0965,2024-10-24,Manitoba,Téléphone,Beauté,Maquillage,1,232.21,0.15
ORD-100603,CUST-0343,2025-10-21,Manitoba,En ligne,Électronique,Tablette,3,562.74,0.05
ORD-103056,CUST-0842,2025-01-07, québec ,Téléphone,Beauté,Soin visage,3,20.29,0.0
ORD-107032,CUST-0371,2025-09-29,Colombie-Britannique,En ligne,Beauté,Shampoing,2,207.21,0.1
ORD-100126,CUST-0130,2024-12-28,Québec,Téléphone,Électronique,Écran,1,701.84,0.05
ORD-107921,CUST-0430,2025-05-17,Québec,En ligne,Beauté,Shampoing,2,173.33,0.1
ORD-103876,CUST-0709,2024-01-08,Alberta,Magasin,Vêtements,Chaussures,2,294.15,0.0
ORD-102935,CUST-1174,2025-06-08,Ontario,Magasin,Beauté,Parfum,2,157.71,0.05
ORD-105443,CUST-0206,2024-12-06,Colombie-Britannique,En ligne,Sports,Raquette,3,23.32,0.0
ORD-104451,CUST-0098,2024-10-08,Manitoba,Téléphone,Beauté,Parfum,1,129.97,0.2
ORD-103531,CUST-0824,2025-12-09,Ontario,Téléphone,Sports,Sac sport,2,339.0,0.05
ORD-102730,CUST-0484,2025-03-27,Alberta,Téléphone,Électronique,Écran,1,228.49,0.1
ORD-100827,CUST-1173,2025-11-30,Colombie-Britannique,En ligne,Électronique,Tablette,3,896.21,0.1
ORD-101639,CUST-0904,2024-11-11,Québec,Magasin,Maison,Lampe ,2,396.69,0.05
ORD-100984,CUST-1406,2025-08-23,Colombie-Britannique,Magasin,Maison,Lampe,1,436.47,0.0
ORD-103281,CUST-1083,2024-05-31,Colombie-Britannique,Magasin,Électronique,Tablette,4,854.19,0.1
ORD-102246,CUST-1178,2025-09-10,Ontario,En ligne,Vêtements,Chaussures,1,118.68,0.1
ORD-102188,CUST-0210,2025-01-04,Manitoba,Magasin,Beauté,Parfum,3,190.41,0.1
ORD-107442,CUST-0861,2024-09-03,Ontario,Téléphone,Sports,Raquette,5,313.61,0.0
ORD-102443,CUST-1021,2025-08-04,Manitoba,En ligne,Vêtements,Jean,1,198.18,0.0
ORD-100362,CUST-1480,2024-02-14,Alberta,Téléphone,Sports,Ballon,2,583.39,0.1
ORD-102349,CUST-0526,2024-10-06,Alberta,Téléphone,Maison,Cafetière,2,358.2,0.15
ORD-100345,CUST-0354,2025-09-30,Alberta,Magasin,Sports,Tapis yoga,1,123.66,0.15
ORD-100814,CUST-0731,2024-11-21,Alberta,Magasin,Électronique,Écran,2,843.38,0.1
ORD-106166,CUST-0759,2025-04-14,Alberta,En ligne,Électronique,Souris,1,785.22,0.15
ORD-104807,CUST-0195,2024-01-12,Québec,En ligne,Maison,Aspirateur,3,152.69,0.1
ORD-103205,CUST-0963,2025-05-08,Québec,Magasin,Électronique,Clavier,2,811.77,0.1
ORD-107593,CUST-0874,2025-03-21,Alberta,Téléphone,Vêtements,Chaussures,1,117.05,0.05
ORD-107738,CUST-0975,2025-10-10,Québec,Magasin,Vêtements,Chaussures,2,228.31,0.05
ORD-105961,CUST-1082,2024-10-24,Colombie-Britannique,En ligne,Électronique,Clavier,2,222.17,0.15
ORD-103325,CUST-0962,2025-12-06,Québec,Magasin,Maison,Lampe,3,71.02,0.05
ORD-104106,CUST-0564,2024-06-28,Ontario,Téléphone,Sports,Ballon,4,536.61,0.05
ORD-107938,CUST-0619,2024-05-13,Alberta,Téléphone,Maison,Lampe,1,101.07,0.0
ORD-102116,CUST-0262,2025-07-27,Alberta,En ligne,Maison,Cafetière,1,331.45,0.1
ORD-101834,CUST-1258,2025-04-02,Alberta,En ligne,Sports,Vélo,1,138.47,0.0
ORD-100793,CUST-1123,2024-10-04,Alberta,Téléphone,Électronique,Tablette,1,754.44,0.05
ORD-107991,CUST-0612,2025-12-15,Colombie-Britannique,Téléphone,Beauté,Shampoing,1,27.2,0.05
ORD-102674,CUST-0413,2024-05-16,Colombie-Britannique,Téléphone,Électronique,Souris,3,290.64,0.1
ORD-100094,CUST-1443,2025-08-28,Québec,Magasin,Beauté,Shampoing,3,152.95,0.05
ORD-104225,CUST-0695,2024-07-04,Colombie-Britannique,Magasin,Électronique,Clavier,2,869.51,0.15
ORD-103756,CUST-0148,2024-07-29,Colombie-Britannique,En ligne,Maison,Mixeur,3,65.23,0.1
ORD-102891,CUST-1458,2025-03-21,Alberta,Téléphone,Beauté,Shampoing,1,60.02,0.0
ORD-102371,CUST-0092,2024-10-15,Manitoba,Téléphone,Vêtements,Jean,1,52.6,0.0
ORD-106968,CUST-0571,2024-10-17,Colombie-Britannique,Magasin,Électronique,Souris,1,61.7,0.0
ORD-106688,CUST-1359,2025-06-14,Québec,En ligne,Sports,Ballon,4,512.02,0.1
ORD-107163,CUST-0065,2025-07-22,Alberta,Magasin,Vêtements,T-shirt,2,78.04,0.05
ORD-103228,CUST-1096,2025-01-08, colombie-britannique ,Magasin,Électronique,Tablette,5,292.87,0.0
ORD-106158,CUST-0271,2024-05-11,Ontario,En ligne,Vêtements,Jean,4,190.88,0.1
ORD-106359,CUST-0807,2024-01-17,Alberta,Magasin,Électronique,Écran,5,603.64,0.05
ORD-105996,CUST-0954,2024-03-22,Ontario,Magasin,Électronique,Écran,3,750.6,0.05
ORD-106899,CUST-0916,2025-09-14,Ontario,En ligne,Électronique,Clavier,1,784.59,0.05
ORD-107203,CUST-0020,2024-03-12,Ontario,Magasin,Beauté,Crème,4,34.34,0.0
ORD-106028,CUST-1235,2024-04-18,Québec,Magasin,Beauté,Shampoing,2,126.65,0.05
ORD-102853,CUST-0279,2025-03-07,Colombie-Britannique,En ligne,Vêtements,Chaussures,1,197.36,0.15
ORD-107477,CUST-0033,2025-12-20,Manitoba,Téléphone,Beauté,Maquillage,1,230.07,0.0
ORD-102912,CUST-0629,2025-05-16,Manitoba,Magasin,Vêtements,Jean,2,119.21,0.1
ORD-101865,CUST-0515,2024-08-02,Alberta,En ligne,Électronique,Clavier,2,809.52,0.1
ORD-105754,CUST-1025,2025-08-04,Alberta,Magasin,Sports,Tapis yoga,4,664.35,0.05
ORD-104612,CUST-1338,2025-11-23,Colombie-Britannique,En ligne,Vêtements,Chaussures,1,164.39,0.1
ORD-101857,CUST-0979,2025-08-22,Québec,Téléphone,Électronique,Casque audio,2,867.97,0.15
ORD-102645,CUST-0687,2025-08-09,Manitoba,Téléphone,Maison,Chaise,1,428.15,0.0
ORD-102243,CUST-0111,2024-08-19,Manitoba,Magasin,Beauté,Soin visage,5,46.24,0.1
ORD-105373,CUST-0566,2025-03-16,Ontario,Magasin,Maison,Mixeur,1,230.13,0.0
ORD-102336,CUST-0212,2025-03-07,Colombie-Britannique,Téléphone,Beauté,Crème,1,65.2,0.1
ORD-100950,CUST-0580,2025-03-22,Manitoba,En ligne,Maison,Cafetière,4,270.44,0.0
ORD-103068,CUST-0938,2024-11-19,Québec,Téléphone,Beauté,Maquillage,2,209.07,0.15
ORD-101120,CUST-1390,2024-04-03,Manitoba,Téléphone,Sports,Sac sport,1,491.91,0.0
ORD-102597,CUST-0010,2025-11-04,Colombie-Britannique,Magasin,Électronique,Clavier,1,161.98,0.0
ORD-102204,CUST-0028,2024-12-29,Alberta,Magasin,Vêtements,Veste,1,238.06,0.05
ORD-100419,CUST-0203,2024-03-01,Ontario,Téléphone,Électronique,Casque audio,1,101.73,0.15
ORD-100922,CUST-0023,2024-02-16, manitoba ,Magasin,Maison,Lampe,4,57.3,0.05
ORD-101254,CUST-1468,2024-04-26,Ontario,En ligne,Sports,Raquette,1,267.8,0.1
ORD-100477,CUST-1136,2025-03-21,Québec,Magasin,Beauté,Crème,2,44.58,0.1
ORD-102035,CUST-0125,2024-05-25,Québec,TÉLÉPHONE,Vêtements,Jean,1,206.95,0.05
ORD-107436,CUST-0990,2025-08-06,Québec,En ligne,Sports,Raquette,1,145.21,0.15
ORD-105788,CUST-1276,2024-06-11,Alberta,En ligne,Beauté,Shampoing,2,161.29,0.1
ORD-105742,CUST-0255,2024-07-06,Colombie-Britannique,En ligne,Vêtements,Veste,2,29.9,0.1
ORD-105567,CUST-0588,2025-02-26,Ontario,Magasin,Beauté,Crème,5,181.99,0.1
ORD-106697,CUST-1275,2025-07-30,Colombie-Britannique,Magasin,Maison,Chaise,2,199.3,0.0
ORD-101202,CUST-0430,2024-01-22,Manitoba,Téléphone,Électronique,Écran,3,869.19,0.0
ORD-106534,CUST-0491,2025-09-30,Colombie-Britannique,Téléphone,Beauté,Maquillage,2,28.02,0.1
ORD-102626,CUST-0380,2025-08-24,Manitoba,Téléphone,Sports,Vélo,1,213.49,0.0
ORD-105765,CUST-1076,2025-12-21,Québec,En ligne,Vêtements,Manteau,4,157.48,0.1
ORD-107771,CUST-0214,2025-04-18,,MAGASIN,Beauté,Maquillage,2,249.75,0.15
ORD-101970,CUST-1352,2025-08-10,Ontario,Téléphone,Beauté,Soin visage,1,39.76,0.15
ORD-103110,CUST-0108,2024-11-19,Alberta,Téléphone,Maison,Aspirateur,2,382.72,0.0
ORD-104018,CUST-1401,2024-07-21,Ontario,Téléphone,Beauté,Soin visage,2,89.13,0.1
ORD-102151,CUST-1154,2024-12-19,Colombie-Britannique,En ligne,Électronique,Écran,5,411.74,0.05
ORD-103687,CUST-1010,2024-04-21,Ontario,Magasin,Beauté,Crème,1,134.5,0.1
ORD-104916,CUST-0803,2025-05-14,Alberta,En ligne,Beauté,Shampoing,2,247.37,0.0
ORD-101997,CUST-0060,2025-04-21,Colombie-Britannique,Magasin,Maison,Aspirateur,2,461.24,0.05
ORD-104033,CUST-0198,2025-06-21,Alberta,Magasin,Maison,Cafetière,4,94.26,0.05
ORD-107960,CUST-1414,2025-04-29,Alberta,En ligne,Beauté,Maquillage,1,118.29,0.0
ORD-103054,CUST-0127,2025-01-11,Québec,Magasin,Sports,Tapis yoga,1,487.48,0.05
ORD-101248,CUST-0397,2024-06-22,Ontario,Magasin,Vêtements,Chaussures,2,193.55,0.1
ORD-102192,CUST-1438,2024-04-04,Québec,Téléphone,Beauté,Maquillage,3,109.2,0.05
ORD-102712,CUST-0632,2025-06-30,Manitoba,Magasin,Maison,Mixeur,1,146.89,0.0
ORD-100992,CUST-0599,2024-06-26,Ontario,Téléphone,Électronique,Clavier,1,186.19,0.2
ORD-102190,CUST-0444,2024-04-22,Colombie-Britannique,Magasin,Vêtements,Jean,2,114.56,0.15
ORD-104670,CUST-0113,2025-06-28,Colombie-Britannique,En ligne,Électronique,Clavier,2,830.23,0.2
ORD-105142,CUST-0141,2024-04-18,Québec,Magasin,Maison,Aspirateur,1,127.99,0.05
ORD-105984,CUST-0956,2025-08-11,Ontario,Téléphone,Vêtements,Chaussures,2,114.87,0.1
ORD-106565,CUST-0684,2024-05-02,Québec,En ligne,Sports,Tapis yoga,5,636.39,0.1
ORD-103762,CUST-0487,2025-11-08,Alberta,MAGASIN,Sports,Ballon,2,28.69,0.2
ORD-103597,CUST-1191,2024-04-14,Ontario,En ligne,Maison,Mixeur,1,307.1,0.05
ORD-104711,CUST-0688,2024-04-23,Alberta,Téléphone,Beauté,Parfum,5,167.91,0.1
ORD-101318,CUST-1020,2024-09-17,Alberta,Magasin,Maison,Chaise,2,361.77,0.15
ORD-101863,CUST-0956,2025-07-09,Colombie-Britannique,Téléphone,Vêtements,T-shirt,4,90.23,0.0
ORD-102343,CUST-1329,2024-12-10,Ontario,En ligne,Vêtements,Manteau,4,225.71,0.05
ORD-102449,CUST-1148,2025-05-18,Québec,En ligne,Maison,Aspirateur,3,244.66,0.0
ORD-102136,CUST-0245,2024-11-28,Colombie-Britannique,Magasin,Maison,Aspirateur,1,469.15,0.15
ORD-101065,CUST-1120,2025-12-13,Manitoba,En ligne,Sports,Vélo,2,48.77,0.0
ORD-105868,CUST-0562,2025-04-17,Manitoba,En ligne,Maison,Cafetière,1,181.47,0.05
ORD-103166,CUST-0247,2024-12-02,,Magasin,Sports,Vélo,1,22.46,0.1
ORD-104227,CUST-0775,2025-02-14,,Magasin,Beauté,Crème,4,100.93,0.05
ORD-102621,CUST-0904,2024-02-24,Alberta,Téléphone,Vêtements,Jean,2,154.68,0.1
ORD-100077,CUST-1425,2024-11-25,Québec,Magasin,Maison,Cafetière,2,402.31,0.05
ORD-102898,CUST-1123,2025-11-30,Ontario,Téléphone,Électronique,Souris,2,219.22,0.05
ORD-106148,CUST-0862,2025-10-10,Alberta,Magasin,Maison,Mixeur,1,403.7,0.05
ORD-104820,CUST-0782,2025-03-09,Alberta,Magasin,Sports,Sac sport,1,328.52,0.1
ORD-101314,CUST-0916,2024-12-20,Ontario,Magasin,Électronique,Écran,1,744.73,0.0
ORD-105947,CUST-0109,2024-12-04,Manitoba,Magasin,Sports,Vélo,2,133.65,0.05
ORD-107972,CUST-1215,2025-04-20,Colombie-Britannique,En ligne,Vêtements,Manteau,2,205.77,0.1
ORD-107057,CUST-0116,2024-02-09, québec ,Magasin,Beauté,Soin visage,2,77.54,0.1
ORD-100872,CUST-1233,2025-08-27,Québec,Téléphone,Beauté,Maquillage,1,16.2,0.0
ORD-103850,CUST-1116,2025-06-26,Ontario,Magasin,Sports,Vélo,2,199.74,0.2
ORD-105468,CUST-0170,2024-06-11,Alberta,En ligne,Sports,Raquette,4,354.56,0.15
ORD-105951,CUST-1464,2025-05-02,Ontario,En ligne,Vêtements,Jean,2,146.23,0.0
ORD-107722,CUST-0408,2025-11-07,Manitoba,Téléphone,Maison,Aspirateur,1,315.89,0.1
ORD-102965,CUST-0822,2024-01-29,Ontario,Téléphone,Beauté,Crème,2,104.98,0.0
ORD-103391,CUST-0633,2025-01-09,Alberta,Magasin,Beauté,Shampoing,2,223.45,0.1
ORD-105415,CUST-1387,2024-06-25,Colombie-Britannique,Magasin,Beauté,Maquillage,2,240.95,0.15
ORD-102560,CUST-0368,2024-02-27,Québec,Magasin,Beauté,Maquillage,1,158.3,0.0
ORD-107907,CUST-0140,2024-09-19,Colombie-Britannique,Téléphone,Maison,,5,170.12,0.0
ORD-102635,CUST-1307,2025-12-28,Ontario,En ligne,Beauté,Shampoing,4,99.67,0.2
ORD-105256,CUST-0819,2025-01-08,Québec,En ligne,Beauté,Shampoing,2,58.03,0.0
ORD-103530,CUST-1032,2024-06-07,Alberta,Magasin,Sports,Sac sport,2,384.13,0.0
ORD-100375,CUST-0833,2025-03-02,Québec,Téléphone,Beauté,Crème,2,182.4,0.0
ORD-101908,CUST-0823,2025-10-20,Alberta,En ligne,Vêtements,Jean,2,261.43,0.15
ORD-104429,CUST-1132,2025-07-10,Manitoba,En ligne,Maison,Mixeur,4,265.25,0.1
ORD-107007,CUST-0818,2025-09-28,Manitoba,En ligne,Beauté,Parfum,1,31.53,0.05
ORD-107067,CUST-0947,2024-04-30,Manitoba,Téléphone,Sports,Vélo,2,65.41,0.1
ORD-104027,CUST-0388,2025-07-21,Alberta,En ligne,Vêtements,Manteau,1,114.45,0.0
ORD-106461,CUST-0180,2025-02-22,Québec,Téléphone,Sports,Ballon,3,235.69,0.1
ORD-101604,CUST-1376,2024-03-06,Colombie-Britannique,Téléphone,Maison,Cafetière,3,345.66,0.2
ORD-101118,CUST-1403,2025-08-16,Ontario,Magasin,Sports,Vélo,3,558.64,0.1
ORD-103677,CUST-0088,2025-09-20,Colombie-Britannique,En ligne,Sports,Sac sport,2,412.81,0.1
ORD-103490,CUST-0491,2025-04-15,Ontario,Téléphone,Sports,Raquette,1,298.07,0.05
ORD-107848,CUST-0444,2024-06-10,Québec,En ligne,Beauté,Shampoing,4,64.39,0.0
ORD-106039,CUST-0447,2024-02-08,Ontario,En ligne,Maison,Lampe,1,288.25,0.1
ORD-102958,CUST-0172,2025-12-20,Ontario,Téléphone,Beauté,Soin visage,2,156.12,0.2
ORD-101994,CUST-0511,2025-01-30,Québec,Magasin,Vêtements,Veste,4,71.81,0.15
ORD-105072,CUST-1305,2024-04-22,Colombie-Britannique,Téléphone,Maison,Cafetière,4,103.87,0.15
ORD-107024,CUST-0320,2024-01-22,Manitoba,En ligne,Sports,Sac sport,3,242.18,0.1
ORD-102376,CUST-1043,2025-01-24,Colombie-Britannique,En ligne,Beauté,Parfum,1,152.87,0.0
ORD-107396,CUST-0783,2024-01-29,Alberta,Magasin,Électronique,Écran,1,398.95,0.0
ORD-101342,CUST-0982,2025-04-15,Alberta,Téléphone,Maison,Lampe,1,109.4,0.05
ORD-100320,CUST-1368,2025-03-18,Alberta,Téléphone,Électronique,Souris,1,875.8,0.0
ORD-101619,CUST-1064,2024-06-30,Ontario,Magasin,Sports,Sac sport,2,468.44,0.05
ORD-103713,CUST-0879,2024-02-21,Alberta,Téléphone,Maison,Mixeur,2,257.7,0.0
ORD-107393,CUST-0356,2024-11-07,Colombie-Britannique,Téléphone,Sports,Tapis yoga,5,242.32,0.0
ORD-102060,CUST-0650,2025-02-06,Manitoba,En ligne,Sports,Tapis yoga,3,206.88,0.15
ORD-102219,CUST-0297,2025-03-30,Québec,En ligne,Maison,Lampe,1,491.25,0.1
ORD-101673,CUST-0694,2025-12-04,Ontario,Téléphone,Maison,Lampe,2,187.73,0.0
ORD-106038,CUST-1359,2025-02-20,Alberta,En ligne,Électronique,Écran,3,580.36,0.1
ORD-100260,CUST-0078,2024-05-03,Alberta,Téléphone,Électronique,Souris,2,189.19,0.1
ORD-107134,CUST-0981,2025-05-18,Québec,Magasin,Électronique,Tablette,2,682.1,0.15
ORD-102039,CUST-0666,2025-07-18,Ontario,Téléphone,Vêtements,Manteau,4,98.15,0.15
ORD-104785,CUST-1256,2025-08-10,Manitoba,En ligne,Sports,Sac sport,3,340.53,0.0
ORD-100901,CUST-0299,2024-06-15,Québec,En ligne,Vêtements,T-shirt,1,217.04,0.15
ORD-103744,CUST-0266,2024-12-07,Manitoba,Téléphone,Maison,Cafetière,4,122.73,0.15
ORD-106402,CUST-0955,2025-11-24,Colombie-Britannique,Magasin,Vêtements,Jean,1,99.59,0.15
ORD-102026,CUST-0333,2024-01-10,Alberta,En ligne,Beauté,Soin visage,4,23.72,0.05
ORD-104234,CUST-0864,2025-01-29,Colombie-Britannique,Magasin,Maison,Mixeur,1,76.47,0.05
ORD-101917,CUST-1139,2024-01-01,Québec,Magasin,Sports,Vélo,3,404.74,0.15
ORD-101828,CUST-1462,2025-02-26,Québec,Magasin,Vêtements,T-shirt,1,136.03,0.0
ORD-101573,CUST-1121,2025-01-11,Ontario,En ligne,Électronique,Souris,2,388.65,0.0
ORD-104415,CUST-1110,2025-07-25,Alberta,Téléphone,Maison,Mixeur,1,201.46,0.05
ORD-104749,CUST-1371,2025-08-25,,En ligne,Sports,Sac sport,1,587.87,0.0
ORD-106233,CUST-0369,2024-11-21,Ontario,En ligne,Beauté,Crème,2,107.55,0.2
ORD-107090,CUST-0364,2024-11-11,Colombie-Britannique,En ligne,Maison,Chaise,1,405.95,0.0
ORD-104654,CUST-0666,2025-12-10,Colombie-Britannique,En ligne,Beauté,Crème,2,135.95,0.0
ORD-106283,CUST-0449,2024-02-23,Alberta,En ligne,Maison,Aspirateur,2,141.78,0.05
ORD-104208,CUST-0254,2025-07-05,Colombie-Britannique,Magasin,Sports,Tapis yoga,2,457.54,0.0
ORD-104627,CUST-0105,2025-02-24,Alberta,Magasin,Maison,Mixeur,3,75.39,0.0
ORD-100224,CUST-0822,2024-10-15,Colombie-Britannique,Téléphone,Vêtements,Jean,2,249.41,0.0
ORD-100723,CUST-1120,2024-04-12,Colombie-Britannique,En ligne,Beauté,Shampoing,3,66.64,0.0
ORD-107247,CUST-1199,2024-08-30,Colombie-Britannique,Magasin,Électronique,Clavier,5,421.98,0.0
ORD-101141,CUST-0077,2025-06-04,Colombie-Britannique,Magasin,Électronique,Écran,2,862.13,0.0
ORD-105529,CUST-0314,2025-08-24,Ontario,En ligne,Électronique,Souris,2,358.56,0.1
ORD-106469,CUST-0483,2025-03-13,Colombie-Britannique,En ligne,Sports,Ballon,1,106.94,0.05
ORD-105764,CUST-1486,2025-07-13,Québec,Magasin,Beauté,Parfum,1,56.34,0.1
ORD-107205,CUST-0850,2025-05-17,Québec,Magasin,Vêtements,T-shirt,1,93.85,0.1
ORD-105554,CUST-0621,2025-01-28,Manitoba,Téléphone,Beauté,Parfum,1,151.94,0.05
ORD-107662,CUST-0961,2024-06-23,Manitoba,Magasin,Beauté,Parfum,3,204.65,0.1
ORD-102762,CUST-0336,2024-01-26,Québec,Téléphone,Maison,Lampe,3,486.7,0.0
ORD-100846,CUST-0421,2024-08-06,Colombie-Britannique,En ligne,Sports,Vélo,2,127.08,0.05
ORD-104289,CUST-0143,2025-09-18,Québec,En ligne,Électronique,Souris,2,363.64,0.05
ORD-105560,CUST-0217,2025-02-13,Québec,Téléphone,Sports,Ballon,3,45.32,0.0
ORD-106717,CUST-0334,2025-09-02,Ontario,Magasin,Vêtements,Veste,2,135.84,0.1
ORD-105042,CUST-1209,2025-01-28,Ontario,Magasin,Vêtements,Jean,2,184.77,0.15
ORD-106117,CUST-0808,2025-10-14,Québec,En ligne,Sports,Tapis yoga,3,109.24,0.0
ORD-102551,CUST-0080,2024-03-06,Alberta,Magasin,Sports,Ballon,1,296.22,0.0
ORD-105725,CUST-0258,2024-06-07,Colombie-Britannique,Téléphone,Sports,Sac sport,4,71.98,0.0
ORD-102928,CUST-0743,2025-08-19,Alberta,Magasin,Sports,Ballon,1,463.51,0.1
ORD-100117,CUST-0096,2024-03-28,Alberta,Magasin,Beauté,Parfum,4,143.61,0.1
ORD-100645,CUST-0061,2024-02-23,Ontario,Magasin,Sports,Ballon,1,603.86,0.0
ORD-105966,CUST-0468,2024-11-12,Alberta,Téléphone,Maison,Cafetière,3,140.51,0.05
ORD-100003,CUST-0647,2024-01-21,Québec,Téléphone,Sports,Sac sport,2,420.8,0.0
ORD-104170,CUST-0619,2024-09-03,Colombie-Britannique,Magasin,Vêtements,Veste,2,249.15,0.1
ORD-105851,CUST-1499,2025-01-26,Québec,Magasin,Sports,Sac sport,1,70.02,0.0
ORD-100467,CUST-0207,2024-10-22,Colombie-Britannique,En ligne,Maison,Mixeur,2,31.98,0.0
ORD-100005,CUST-1412,2024-01-02,Ontario,En ligne,Vêtements,Chaussures,2,24.8,0.15
ORD-105342,CUST-1148,2024-07-13,Manitoba,Téléphone,Sports,Vélo,2,611.06,0.1
ORD-100919,CUST-0878,2024-04-24,Ontario,Téléphone,Maison,Lampe,2,377.72,0.05
ORD-102595,CUST-0721,2025-12-16,Colombie-Britannique,Téléphone,Vêtements,T-shirt,4,245.49,0.1
ORD-104324,CUST-1426,2024-02-08,Colombie-Britannique,En ligne,Beauté,Crème,2,77.62,0.0
ORD-101063,CUST-0609,2024-11-02,Alberta,Téléphone,Beauté,Shampoing,1,109.71,0.05
ORD-102590,CUST-0462,2025-12-13,Colombie-Britannique,Magasin,Beauté,Shampoing,1,207.18,0.15
ORD-100242,CUST-1406,2025-08-12,Québec,Magasin,Électronique,Casque audio,1,212.92,0.0
ORD-107033,CUST-0018,2024-08-06,Ontario,Magasin,Vêtements,Jean,2,168.66,0.0
ORD-101160,CUST-0385,2024-02-29,Alberta,Magasin,Vêtements,Jean,1,19.27,0.0
ORD-102870,CUST-1323,2025-05-20,Colombie-Britannique,En ligne,Électronique,Tablette,1,824.21,0.0
ORD-103735,CUST-0232,2025-03-21,Colombie-Britannique,En ligne,Vêtements,Chaussures,1,38.26,0.15
ORD-107387,CUST-0586,2025-07-18,Ontario,Téléphone,Maison,Cafetière,2,198.12,0.15
ORD-102397,CUST-1074,2024-03-27,Québec,Magasin,Électronique,Casque audio,2,353.05,0.1
ORD-103517,CUST-1157,2024-06-14,Manitoba,En ligne,Maison,Lampe,1,167.97,0.1
ORD-103421,CUST-0238,2025-10-21,Ontario,Magasin,Maison,Mixeur,3,471.0,0.05
ORD-102563,CUST-0203,2025-04-10,Québec,En ligne,Sports,Tapis yoga,1,218.12,0.0
ORD-106767,CUST-1363,2025-06-04,Alberta,Téléphone,Électronique,Casque audio,2,578.4,0.05
ORD-105622,CUST-0153,2025-02-26,Ontario,Téléphone,Vêtements,Manteau,3,93.01,0.05
ORD-101605,CUST-1237,2025-08-22,Colombie-Britannique,Téléphone,Beauté,Soin visage,1,151.39,0.15
ORD-107784,CUST-0292,2025-06-02,Manitoba,Téléphone,Maison,Lampe,1,215.19,0.0
ORD-102324,CUST-1333,2024-10-04,Manitoba,En ligne,Maison,Mixeur,2,148.96,0.1
ORD-102709,CUST-1400,2025-07-06,Manitoba,Magasin,Vêtements,Chaussures,1,214.07,0.15
ORD-107755,CUST-0683,2025-08-12,Manitoba,Magasin,Beauté,Crème,3,154.16,0.1
ORD-101312,CUST-0451,2024-07-14,Colombie-Britannique,Téléphone,Vêtements,Manteau,2,112.33,0.1
ORD-103448,CUST-0984,2024-05-12,Ontario,Téléphone,Électronique,Casque audio,1,854.84,0.0
ORD-103812,CUST-0270,2024-10-24,Alberta,Magasin,Maison,Chaise,4,124.54,0.05
ORD-106085,CUST-0282,2025-09-06,Ontario,En ligne,Vêtements,Veste,1,30.93,0.0
ORD-107512,CUST-0263,2024-05-17,Colombie-Britannique,Magasin,Vêtements,Veste,1,167.21,0.0
ORD-102362,CUST-0876,2025-12-02,Ontario,En ligne,Maison,Lampe,1,360.51,0.0
ORD-101975,CUST-0096,2024-04-28,Ontario,En ligne,Électronique,Écran,1,304.4,0.1
ORD-103514,CUST-1179,2024-05-19,Québec,Magasin,Vêtements,T-shirt,1,150.57,0.05
ORD-101761,CUST-0680,2025-09-02,Ontario,Téléphone,Électronique,Écran,2,321.24,0.05
ORD-105401,CUST-1052,2024-12-02,Ontario,Téléphone,Électronique,Clavier,2,551.38,0.1
ORD-102739,CUST-0572,2025-08-19,Colombie-Britannique,En ligne,Vêtements,Chaussures,1,46.43,0.1
ORD-105637,CUST-0904,2025-01-01,Alberta,Magasin,Sports,Sac sport,5,321.62,0.2
ORD-107522,CUST-1162,2025-11-24,Alberta,En ligne,Beauté,Crème,1,185.87,0.05
ORD-102472,CUST-1402,2025-02-15,Alberta,En ligne,Vêtements,T-shirt,2,215.28,0.2
ORD-106738,CUST-0067,2024-04-07,Ontario,Magasin,Vêtements,Veste,1,72.82,0.0
ORD-106891,CUST-0510,2024-09-20,Ontario,Magasin,Vêtements,Jean,3,77.29,0.0
ORD-104007,CUST-0078,2025-11-02,Colombie-Britannique,En ligne,Beauté,Shampoing,1,79.72,0.15
ORD-104718,CUST-0759,2024-08-08,Colombie-Britannique,Téléphone,Beauté,Parfum,1,194.3,0.05
ORD-106177,CUST-0640,2025-12-30,Manitoba,Magasin,Sports,Tapis yoga,2,691.03,0.1
ORD-101493,CUST-1360,2024-10-15,Colombie-Britannique,Téléphone,Beauté,Parfum,2,15.79,0.15
ORD-104206,CUST-1062,2025-10-06,Colombie-Britannique,MAGASIN,Vêtements,T-shirt,1,277.25,0.05
ORD-106371,CUST-1360,2024-06-12,,Magasin,Maison,Mixeur,1,303.12,0.15
ORD-102158,CUST-0700,2024-02-26,Québec,Téléphone,Vêtements,Manteau,1,99.67,0.0
ORD-101169,CUST-0982,2024-04-10,Ontario,Magasin,Sports,Ballon,1,416.06,0.0
ORD-107297,CUST-1299,2024-12-26,Ontario,Téléphone,Sports,Ballon,1,230.88,0.1
ORD-100232,CUST-0405,2024-09-02,Manitoba,En ligne,Beauté,Soin visage,3,12.65,0.05
ORD-100066,CUST-0540,2024-02-10,Colombie-Britannique,Téléphone,Maison,Mixeur,2,206.37,0.0
ORD-101603,CUST-0427,2025-10-17,Alberta,Magasin,Beauté,Maquillage,1,47.53,0.1
ORD-106168,CUST-0602,2024-04-03,Manitoba,Téléphone,Maison,Lampe,1,255.18,0.0
ORD-103283,CUST-0905,2024-05-19,Manitoba,Magasin,Électronique,Clavier,1,444.54,0.1
ORD-103596,CUST-1069,2025-10-05,Ontario,En ligne,Vêtements,Manteau,2,52.17,0.0
ORD-106288,CUST-1116,2024-07-05,Québec,Téléphone,Maison,Aspirateur,1,126.75,0.05
ORD-104632,CUST-0772,2024-10-22,Alberta,En ligne,Beauté,Soin visage,3,224.35,0.15
ORD-100125,CUST-0268,2025-03-30,Ontario,Magasin,Beauté,Parfum,4,219.73,0.05
ORD-106229,CUST-0162,2024-04-04,Ontario,Téléphone,Maison,Cafetière,3,277.83,0.05
ORD-105350,CUST-0608,2024-01-16,Manitoba,Magasin,Électronique,Souris,1,191.28,0.0
ORD-101296,CUST-0280,2024-12-09,Québec,En ligne,Beauté,Parfum,4,154.72,0.1
ORD-101976,CUST-0132,2024-02-13,Alberta,Téléphone,Maison,Lampe,1,334.84,0.15
ORD-107298,CUST-0218,2025-08-17,Colombie-Britannique,Magasin,Maison,Mixeur,3,436.01,0.0
ORD-107282,CUST-0274,2024-03-01,Ontario,En ligne,Maison,Chaise,2,271.51,0.0
ORD-102075,CUST-0457,2025-04-23,Québec,En ligne,Électronique,Souris,1,331.93,0.1
ORD-104580,CUST-0119,2025-03-09,Colombie-Britannique,Téléphone,Beauté,Maquillage,1,100.76,0.0
ORD-105750,CUST-1339,2025-01-22,Manitoba,En ligne,Maison,Mixeur,1,461.37,0.05
ORD-107628,CUST-1385,2024-02-26,Québec,Téléphone,Maison,Chaise,3,89.92,0.0
ORD-103086,CUST-0784,2025-11-13,Colombie-Britannique,En ligne,Maison,Aspirateur,2,87.28,0.05
ORD-107508,CUST-0383,2024-07-13,Manitoba,En ligne,Maison,Chaise,2,438.29,0.15
ORD-106882,CUST-0546,2025-10-22,Québec,En ligne,Maison,Mixeur,1,378.08,0.05
ORD-103345,CUST-0716,2024-04-24,Ontario,En ligne,Maison,Lampe,1,163.63,0.1
ORD-107216,CUST-1261,2024-08-05,Colombie-Britannique,Magasin,Vêtements,Chaussures,5,145.1,0.15
ORD-105870,CUST-1308,2024-11-24,Colombie-Britannique,Magasin,Électronique,Écran,3,270.2,0.0
ORD-106506,CUST-1397,2025-02-09,Ontario,En ligne,Vêtements,Manteau,1,114.25,0.0
ORD-102797,CUST-0217,2025-03-09,Alberta,En ligne,Vêtements,T-shirt,1,28.82,0.0
ORD-100918,CUST-0299,2024-10-02,Colombie-Britannique,Magasin,Beauté,Crème,1,35.46,0.1
ORD-101646,CUST-0071,2025-10-25,Québec,Téléphone,Électronique,Tablette,5,70.37,0.0
ORD-105122,CUST-0535,2025-09-22,Ontario,Téléphone,Beauté,Shampoing,2,215.92,0.05
ORD-105126,CUST-1210,2024-08-13,Alberta,Magasin,Électronique,Casque audio,1,872.61,0.0
ORD-104978,CUST-0510,2024-12-05,Alberta,En ligne,Maison,Chaise,3,337.05,0.15
ORD-105431,CUST-1013,2024-02-20,Québec,Téléphone,Vêtements,T-shirt,1,112.81,0.0
ORD-106842,CUST-0787,2024-12-01,Québec,En ligne,Vêtements,Veste,4,231.76,0.05
ORD-104621,CUST-0401,2025-05-19,Québec,Téléphone,Sports,Ballon,3,419.02,0.05
ORD-106809,CUST-0072,2025-09-13,Ontario,En ligne,Beauté,Maquillage,2,189.24,0.1
ORD-100364,CUST-0980,2025-03-09,Alberta,Téléphone,Vêtements,Jean,5,83.16,0.05
ORD-103287,CUST-1114,2024-01-19,Colombie-Britannique,En ligne,Beauté,Soin visage,5,63.58,0.0
ORD-102125,CUST-1230,2024-05-19,Alberta,En ligne,Beauté,Crème,1,227.74,0.15
ORD-104123,CUST-0764,2024-02-11,Ontario,En ligne,Sports,Sac sport,2,105.1,0.1
ORD-104569,CUST-1414,2025-12-10,Ontario,Téléphone,Sports,Ballon,2,53.71,0.05
ORD-100525,CUST-0447,2024-04-15,Alberta,Téléphone,Maison,Lampe,1,295.06,0.0
ORD-104821,CUST-0441,2025-06-17,Alberta,Magasin,Sports,Tapis yoga,1,122.25,0.05
ORD-100055,CUST-1175,2024-05-23,Québec,Téléphone,Sports,Sac sport,1,475.68,0.1
ORD-100638,CUST-0919,2024-06-30,Alberta,En ligne,Beauté,Parfum,2,132.13,0.15
ORD-100302,CUST-0194,2024-06-10,Alberta,Téléphone,Vêtements,Chaussures,1,239.22,0.2
ORD-102766,CUST-0358,2024-09-08,Alberta,Magasin,Électronique,Écran,2,322.41,0.15
ORD-105811,CUST-0927,2024-06-04,Ontario,Magasin,Maison,Mixeur,4,157.5,0.0
ORD-101276,CUST-0405,2025-11-10,Manitoba,Téléphone,Beauté,Shampoing,2,112.65,0.2
ORD-107567,CUST-1470,2025-02-06,Ontario,Magasin,Beauté,Soin visage,3,98.63,0.1
ORD-104720,CUST-0503,2025-05-12,Manitoba,Téléphone,Électronique,Souris,2,768.93,
ORD-102055,CUST-0006,2024-07-12,Québec,Téléphone,Maison,Aspirateur,2,111.54,0.15
ORD-105376,CUST-1047,2025-01-19,Alberta,Téléphone,Électronique,Tablette,5,399.02,0.05
ORD-106947,CUST-0210,2024-08-29,Ontario,Téléphone,Électronique,Écran,1,42.51,0.05
ORD-105145,CUST-1304,2025-01-23,Québec,Téléphone,Vêtements,Chaussures,5,195.29,0.1
ORD-104432,CUST-1024,2024-09-25,Québec,En ligne,Vêtements,T-shirt,1,140.01,0.0
ORD-103644,CUST-0343,2024-11-20,Manitoba,En ligne,Sports,Tapis yoga,4,320.08,0.1
ORD-104143,CUST-1493,2025-01-02,Alberta,En ligne,Sports,Vélo,3,555.31,0.05
ORD-102878,CUST-0182,2025-03-19,Alberta,En ligne,Beauté,Shampoing,1,193.92,0.0
ORD-104202,CUST-0700,2025-01-27,Colombie-Britannique,En ligne,Maison,Cafetière,3,161.28,0.15
ORD-106493,CUST-0386,2024-11-18,Ontario,Magasin,Maison,Lampe,1,301.81,0.0
ORD-105175,CUST-1339,2024-02-27,Alberta,Téléphone,Beauté,Maquillage,1,33.82,0.05
ORD-102286,CUST-0304,2024-12-05,Manitoba,Magasin,Vêtements,T-shirt,2,198.2,0.0
ORD-102261,CUST-0509,2025-12-12,Alberta,Téléphone,Maison,Lampe,2,426.59,0.0
ORD-105240,CUST-0899,2024-06-14,Québec,Téléphone,Vêtements,T-shirt,2,227.57,0.0
ORD-107190,CUST-0231,2024-04-24,Alberta,En ligne,Beauté,Shampoing,1,202.34,0.0
ORD-102296,CUST-0795,2024-11-30,Colombie-Britannique,Téléphone,Vêtements,Veste,2,239.14,0.0
ORD-106937,CUST-1270,2025-02-15,Manitoba,Magasin,Beauté,Crème,2,126.9,0.1
ORD-105932,CUST-0344,2024-01-12,Ontario,En ligne,Électronique,Écran,2,516.5,0.0
ORD-101753,CUST-0292,2024-07-09,Manitoba,Magasin,Maison,Cafetière,2,151.79,
ORD-105197,CUST-0328,2024-12-14,Ontario,Téléphone,Vêtements,Jean,2,65.13,0.05
ORD-101968,CUST-0142,2025-12-18,Alberta,En ligne,Maison,Cafetière,1,364.02,0.0
ORD-107019,CUST-0190,2025-07-31,Colombie-Britannique,Téléphone,Sports,Vélo,1,437.49,0.0
ORD-103117,CUST-1379,2025-10-27,Colombie-Britannique,Téléphone,Vêtements,Veste,1,148.18,0.15
ORD-102393,CUST-0042,2024-06-28,Ontario,Téléphone,Maison,Lampe,2,463.44,0.05
ORD-100523,CUST-0173,2025-10-24,Manitoba,En ligne,Beauté,Soin visage,1,185.56,0.15
ORD-106376,CUST-0840,2025-01-01,Alberta,Magasin,Électronique,Clavier,2,179.29,0.0
ORD-106788,CUST-1249,2024-05-26,Ontario,En ligne,Maison,Cafetière,3,440.58,0.05
ORD-105524,CUST-1141,2025-09-26,Colombie-Britannique,Magasin,Électronique,Clavier,2,620.83,0.2
ORD-106677,CUST-0238,2025-02-23,Colombie-Britannique,Magasin,Sports,Sac sport,2,260.37,0.15
ORD-103900,CUST-1206,2025-07-09,Ontario,Magasin,Vêtements,Veste,2,294.29,0.0
ORD-107528,CUST-0452,2025-12-07,Colombie-Britannique,Magasin,Électronique,Tablette,2,279.72,0.0
ORD-104699,CUST-0072,2024-06-28,Québec,Téléphone,Maison,Chaise,2,312.0,0.05
ORD-105585,CUST-1452,2024-08-29,Manitoba,Magasin,Maison,Mixeur,2,123.75,0.1
ORD-107130,CUST-1191,2025-10-17,Québec,Téléphone,Vêtements,Veste,2,120.77,0.0
ORD-103122,CUST-0699,2024-07-17,Alberta,Magasin,Maison,Cafetière,2,101.06,0.1
ORD-106777,CUST-0220,2025-04-21,Alberta,Téléphone,Électronique,Écran,1,365.19,0.15
ORD-104156,CUST-0073,2025-12-22,Ontario,En ligne,Sports,Ballon,1,391.51,0.05
ORD-101969,CUST-0787,2024-03-02,Colombie-Britannique,Téléphone,Vêtements,Chaussures,4,120.86,0.15
ORD-100671,CUST-1397,2024-02-20,Alberta,En ligne,Beauté,Maquillage,1,88.68,0.1
ORD-104188,CUST-0580,2024-06-18,Ontario,Téléphone,Maison,Mixeur,1,67.66,0.15
ORD-100666,CUST-1185,2025-06-21,Québec,Magasin,Vêtements,T-shirt,1,47.16,0.05
ORD-106997,CUST-1302,2024-08-17,Québec,En ligne,Maison,Lampe,3,443.7,0.1
ORD-101887,CUST-0278,2024-05-12,Manitoba,En ligne,Beauté,Shampoing,1,171.44,0.05
ORD-103266,CUST-1160,2025-08-09,Québec,En ligne,Sports,Sac sport,1,109.8,0.05
ORD-100280,CUST-0877,2024-09-15,Alberta,En ligne,Vêtements,Chaussures,2,62.32,0.1
ORD-101719,CUST-1317,2024-07-13,Colombie-Britannique,Téléphone,Beauté,Soin visage,2,81.47,0.0
ORD-102947,CUST-0356,2025-06-21,Manitoba,Téléphone,Électronique,Clavier,2,724.55,0.2
ORD-104455,CUST-0039,2024-07-17,Colombie-Britannique,Magasin,Beauté,Maquillage,2,79.98,0.1
ORD-100899,CUST-0670,2025-01-10,Colombie-Britannique,Téléphone,Sports,Ballon,1,569.07,0.0
ORD-106031,CUST-0389,2024-09-16,,Téléphone,Sports,Tapis yoga,1,628.95,0.15
ORD-107821,CUST-0244,2024-10-06,Colombie-Britannique,Téléphone,Électronique,Casque audio,2,668.03,0.1
ORD-106090,CUST-0077,2025-04-04,Québec,Magasin,Électronique,Tablette,1,854.27,0.2
ORD-107506,CUST-0223,2025-10-28,Ontario,En ligne,Maison,Cafetière,3,368.39,0.0
ORD-106991,CUST-0496,2025-05-01,Alberta,Magasin,Électronique,Casque audio,1,566.11,0.05
ORD-100760,CUST-0537,2024-03-13,Manitoba,Téléphone,Maison,Aspirateur,1,80.53,0.0
ORD-106254,CUST-0680,2025-11-13,Alberta,En ligne,Électronique,Souris,5,355.91,0.0
ORD-101906,CUST-1379,2024-07-22,Québec,En ligne,Électronique,Écran,2,738.54,0.0
ORD-104042,CUST-0002,2024-04-30,Manitoba,Magasin,Sports,Ballon,1,102.6,0.05
ORD-103823,CUST-0904,2024-06-02,Ontario,Magasin,Électronique,Tablette,2,778.15,0.15
ORD-104138,CUST-0922,2024-02-16,Québec,Magasin,Beauté,Shampoing,2,149.49,0.1
ORD-103818,CUST-0368,2024-07-25,Colombie-Britannique,Magasin,Sports,Vélo,1,666.18,0.05
ORD-106269,CUST-0905,2025-01-29,Alberta,Téléphone,Électronique,Écran,2,503.75,0.0
ORD-104300,CUST-1036,2025-08-05,Québec,Magasin,Maison,Mixeur,1,384.2,0.0
ORD-105569,CUST-1238,2024-11-20,Québec,Magasin,Maison,Chaise,1,76.47,0.05
ORD-106196,CUST-0061,2024-10-05,Colombie-Britannique,Magasin,Vêtements,Chaussures,5,103.93,0.1
ORD-102593,CUST-0757,2024-04-22,Manitoba,En ligne,Sports,Vélo,2,278.62,0.0
ORD-104164,CUST-1356,2024-01-27,Québec,Téléphone,Maison,Mixeur,1,436.89,0.15
ORD-103031,CUST-1285,2025-04-24,Manitoba,En ligne,Sports,Vélo,1,33.24,0.1
ORD-105971,CUST-1001,2024-03-08,Alberta,Téléphone,Beauté,Parfum,2,142.94,0.05
ORD-103579,CUST-1177,2025-03-27,Ontario,Magasin,Électronique,Clavier,2,710.22,0.1
ORD-102832,CUST-1483,2024-10-03,Colombie-Britannique,Téléphone,Beauté,Parfum,3,75.74,0.2
ORD-105449,CUST-0832,2024-11-16,Québec,Magasin,Beauté,Soin visage,1,151.31,0.1
ORD-103472,CUST-1295,2024-06-28,Manitoba,En ligne,Vêtements,Chaussures,1,194.72,0.0
ORD-106327,CUST-1012,2025-06-29,Ontario,En ligne,Maison,Aspirateur,1,302.79,0.0
ORD-100137,CUST-0936,2024-07-01,Colombie-Britannique,Téléphone,Sports,Sac sport,1,67.71,0.1
ORD-104892,CUST-0569,2025-05-12,Alberta,Magasin,Vêtements,T-shirt,1,147.76,0.0
ORD-102180,CUST-1135,2025-03-03,Alberta,Magasin,Beauté,Parfum,4,142.41,0.1
ORD-102128,CUST-0239,2025-10-06,Manitoba,Magasin,Électronique,Tablette,1,521.19,0.05
ORD-103177,CUST-1333,2025-12-08,Québec,Magasin,Électronique,Écran,1,145.38,0.1
ORD-104854,CUST-1067,2025-10-29,Alberta,En ligne,Vêtements,Manteau,2,233.43,0.0
ORD-104637,CUST-0168,2024-10-11,Québec,Téléphone,Électronique,Souris,1,860.48,0.15
ORD-105115,CUST-0460,2024-12-30,Québec,En ligne,Beauté,Parfum,2,119.76,0.0
ORD-107044,CUST-1379,2024-06-21,Colombie-Britannique,Magasin,Électronique,Tablette,3,551.86,0.0
ORD-104261,CUST-0620,2024-12-22,Québec,En ligne,Vêtements,T-shirt,2,80.58,0.0
ORD-104344,CUST-0128,2025-10-13,Ontario,En ligne,Beauté,Maquillage,1,61.19,
ORD-101331,CUST-0733,2025-06-23,Québec,Magasin,Maison,Cafetière,2,370.21,0.0
ORD-102017,CUST-1428,2025-03-02,Colombie-Britannique,Téléphone,Sports,Vélo,2,113.17,0.05
ORD-104542,CUST-0653,2024-03-04,Colombie-Britannique,Magasin,Maison,Chaise,4,92.55,0.0
ORD-102482,CUST-0656,2025-01-05,Colombie-Britannique,Magasin,Vêtements,Jean,4,84.63,0.15
ORD-107002,CUST-1480,2025-12-07,Québec,Magasin,Beauté,Shampoing,3,52.54,0.1
ORD-101358,CUST-0561,2025-04-28,Québec,En ligne,Sports,Sac sport,1,418.55,0.1
ORD-106941,CUST-0973,2025-07-02,Alberta,En ligne,Vêtements,Manteau,1,112.65,0.0
ORD-106241,CUST-0794,2024-01-07,Colombie-Britannique,Téléphone,Sports,Vélo,2,556.55,0.1
ORD-101329,CUST-1126,2025-09-30,Manitoba,Téléphone,Sports,Ballon,3,408.58,0.15
ORD-105498,CUST-0234,2025-03-14,Manitoba,Magasin,Électronique,Souris,1,720.72,0.15
ORD-106881,CUST-1038,2025-01-27,Manitoba,Magasin,Sports,Ballon,3,167.11,0.0
ORD-107953,CUST-1327,2024-04-11,Manitoba,En ligne,Vêtements,Veste,1,171.51,0.1
ORD-102150,CUST-0394,2024-02-19,Colombie-Britannique,Magasin,Électronique,Casque audio,3,341.21,0.2
ORD-104530,CUST-0360,2025-06-07,Colombie-Britannique,En ligne,Vêtements,Manteau,4,27.4,0.05
ORD-102122,CUST-0186,2024-07-23,Québec,En ligne,Électronique,Clavier,1,63.2,0.0
ORD-104673,CUST-1401,2025-10-13,Ontario,Téléphone,Maison,Cafetière,1,179.97,0.0
ORD-103981,CUST-1118,2025-07-04,Colombie-Britannique,Téléphone,Beauté,Shampoing,3,169.58,0.05
ORD-106996,CUST-0728,2025-01-13,Ontario,Téléphone,Sports,Raquette,2,627.87,0.0
ORD-101252,CUST-0272,2024-01-05,Ontario,Téléphone,Électronique,Clavier,1,251.14,0.1
ORD-103278,CUST-0861,2025-12-07,Québec,En ligne,Vêtements,T-shirt,3,115.7,0.0
ORD-103374,CUST-0664,2025-11-20,Manitoba,Magasin,Vêtements,Jean,5,151.12,0.1
ORD-102814,CUST-1264,2025-05-02,Québec,En ligne,Vêtements,Chaussures,1,292.7,0.0
ORD-104719,CUST-0073,2024-11-27,Colombie-Britannique,Magasin,Beauté,Shampoing,1,144.6,0.15
ORD-106544,CUST-1384,2024-06-17,Québec,Magasin,Vêtements,Jean,4,83.06,0.0
ORD-101848,CUST-0746,2024-09-15,Colombie-Britannique,Magasin,Beauté,Maquillage,1,146.37,0.1
ORD-104858,CUST-0890,2025-04-26,Alberta,Téléphone,Électronique,Écran,2,629.94,0.05
ORD-103037,CUST-0314,2025-05-27,Alberta,Téléphone,Électronique,Écran,2,205.46,0.0
ORD-100388,CUST-0700,2025-07-19,Manitoba,Magasin,Beauté,Soin visage,1,141.21,0.05
ORD-100235,CUST-1460,2025-02-25,Ontario,Magasin,Vêtements,Jean,1,225.15,0.05
ORD-101077,CUST-1220,2024-09-05,Ontario,Magasin,Maison,Aspirateur,1,151.12,0.0
ORD-101984,CUST-1170,2024-11-28,Québec,En ligne,Électronique,Tablette,3,848.4,0.0
ORD-104363,CUST-1080,2024-04-05,Québec,Téléphone,Beauté,Soin visage,2,161.39,0.1
ORD-103962,CUST-0888,2024-12-07,Alberta,En ligne,Vêtements,Manteau,5,190.21,0.15
ORD-100770,CUST-0434,2025-04-08,Québec,En ligne,Beauté,Maquillage,1,231.7,0.15
ORD-102165,CUST-1153,2024-12-23,Ontario,Magasin,Maison,Aspirateur,2,44.17,0.1
ORD-104533,CUST-0635,2024-02-11,Manitoba,Magasin,Maison,Cafetière,1,40.77,0.1
ORD-100673,CUST-0529,2024-06-02,Manitoba,Magasin,Beauté,Soin visage,2,162.48,0.0
ORD-100249,CUST-0421,2025-12-01,Québec,Téléphone,Maison,Cafetière,1,184.34,0.05
ORD-106297,CUST-0714,2024-02-05,Alberta,En ligne,Beauté,Parfum,1,126.84,0.1
ORD-101574,CUST-1500,2024-11-18,Colombie-Britannique,En ligne,Beauté,Soin visage,3,49.43,0.1
ORD-106238,CUST-0598,2025-07-06,Ontario,Magasin,Vêtements,Jean,3,297.02,0.05
ORD-103419,CUST-1351,2024-03-10,Québec,En ligne,Vêtements,Manteau,1,106.01,0.0
ORD-102081,CUST-0389,2025-07-29,Ontario,En ligne,Vêtements,Manteau,1,-74.3,0.0
ORD-101823,CUST-0978,2025-05-28,Québec,En ligne,Vêtements,Manteau,1,73.22,0.1
ORD-107474,CUST-0588,2024-01-23,Colombie-Britannique,Téléphone,Maison,Aspirateur,3,421.15,0.0
ORD-107890,CUST-0528,2025-05-15,Ontario,Téléphone,Sports,Vélo,1,127.68,0.0
ORD-104544,CUST-0933,2024-09-28,Colombie-Britannique,Magasin,Vêtements,Veste,4,89.61,0.0
ORD-105565,CUST-0934,2025-07-10,Alberta,En ligne,Vêtements,Jean,2,226.0,0.0
ORD-100716,CUST-1392,2024-07-16,Alberta,Magasin,Beauté,Maquillage,1,30.87,0.0
ORD-107207,CUST-0696,2024-03-18,Alberta,Téléphone,Électronique,Clavier,1,208.58,0.05
ORD-107540,CUST-1209,2024-04-12,Québec,Téléphone,Beauté,Soin visage,3,74.32,0.0
ORD-102048,CUST-0801,2024-07-04,Manitoba,En ligne,Beauté,Crème,2,100.06,0.05
ORD-105997,CUST-0166,2024-03-15,Colombie-Britannique,Magasin,Vêtements,Manteau,1,69.35,0.1
ORD-106600,CUST-1060,2024-01-08,Québec,Magasin,Maison,Lampe,1,225.31,0.0
ORD-105264,CUST-1344,2024-09-05,Manitoba,Téléphone,Vêtements,Chaussures,2,94.2,0.0
ORD-104178,CUST-0738,2025-05-16,Québec,Téléphone,Vêtements,Chaussures,2,24.7,0.05
ORD-104809,CUST-0238,2025-04-06,Alberta,Téléphone,Électronique,Clavier,2,589.33,0.1
ORD-102724,CUST-1230,2025-02-13,Colombie-Britannique,En ligne,Maison,Lampe,5,84.29,0.1
ORD-107302,CUST-0549,2025-05-26,Québec,En ligne,Maison,Chaise,1,25.64,0.05
ORD-101460,CUST-0994,2025-06-05,Manitoba,Magasin,Maison,Aspirateur,2,499.68,0.2
ORD-106914,CUST-1054,2024-08-09,Manitoba,En ligne,Sports,Ballon,3,32.39,0.15
ORD-105989,CUST-0857,2024-07-29,Québec,Téléphone,Sports,Sac sport,4,534.63,0.0
ORD-101668,CUST-1321,2024-08-07,Québec,Téléphone,Vêtements,Jean,2,58.8,0.1
ORD-102756,CUST-1343,2025-10-29,Alberta,En ligne,Électronique,Tablette,1,257.26,0.1
ORD-102000,CUST-1415,2025-06-03,Colombie-Britannique,Magasin,Électronique,Tablette,2,544.38,0.05
ORD-104571,CUST-0499,2024-03-03,Alberta,Magasin,Sports,Ballon,4,147.58,0.1
ORD-104613,CUST-0306,2025-04-22,Colombie-Britannique,En ligne,Maison,Aspirateur,1,343.51,0.0
ORD-107507,CUST-1095,2025-12-10,Manitoba,Téléphone,Sports,Vélo,1,413.16,0.05
ORD-100404,CUST-0019,2025-12-26,Manitoba,Téléphone,Vêtements,Manteau,1,238.37,0.0
ORD-100384,CUST-0154,2025-07-05,Manitoba,Magasin,Sports,Vélo,1,309.62,0.15
ORD-107254,CUST-0656,2025-03-31,Manitoba,En ligne,Maison,Aspirateur,1,412.49,0.15
ORD-102152,CUST-0651,2024-06-20,Manitoba,Téléphone,Sports,Sac sport,1,73.17,0.1
ORD-101633,CUST-0029,2024-12-08,Québec,Téléphone,Sports,Raquette,1,64.79,0.1
ORD-107709,CUST-1062,2024-10-07,Colombie-Britannique,Téléphone,Vêtements,Manteau,2,78.18,0.0
ORD-105580,CUST-0629,2024-09-19,Ontario,En ligne,Vêtements,T-shirt,1,286.21,0.1
ORD-104784,CUST-1387,2025-01-10,Québec,En ligne,Sports,Ballon,2,312.59,0.05
ORD-107269,CUST-0885,2025-05-21,Colombie-Britannique,En ligne,Maison,Aspirateur,3,338.19,0.0
ORD-106970,CUST-0423,2024-05-12,Ontario,Téléphone,Maison,Mixeur,1,290.64,0.1
ORD-103925,CUST-1452,2025-03-25,Colombie-Britannique,Magasin,Vêtements,Chaussures,1,124.39,0.15
ORD-105336,CUST-1262,2024-05-16,Alberta,Téléphone,Sports,Sac sport,5,461.12,0.0
ORD-104158,CUST-0246,2025-02-13,Ontario,En ligne,Maison,Mixeur,1,424.78,0.0
ORD-104948,CUST-1456,2024-04-06,Québec,Téléphone,Beauté,Crème,1,237.67,0.1
ORD-105898,CUST-1144,2024-03-23,Manitoba,En ligne,Beauté,Maquillage,1,115.92,0.1
ORD-107324,CUST-1093,2025-03-20,Manitoba,Téléphone,Vêtements,Manteau,3,259.15,0.0
ORD-105358,CUST-0535,2024-12-24,Manitoba,TÉLÉPHONE,Électronique,Casque audio,1,444.55,0.05
ORD-100223,CUST-0859,2024-05-09,Alberta,En ligne,Sports,Sac sport,3,235.93,0.0
ORD-102193,CUST-0665,2025-11-14,Manitoba,Téléphone,Beauté,Shampoing,2,237.75,0.0
ORD-103136,CUST-0611,2025-12-30,Manitoba,Magasin,Beauté,Crème,3,224.17,0.0
ORD-104469,CUST-0415,2024-05-02,Ontario,En ligne,Électronique,Clavier,1,470.86,0.2
ORD-101824,CUST-0835,2024-11-13,Colombie-Britannique,En ligne,Électronique,Casque audio,1,59.73,0.15
ORD-107419,CUST-0942,2024-05-31,Québec,Magasin,Maison,Mixeur,4,374.01,0.0
ORD-105124,CUST-0883,2025-04-16,Québec,Magasin,Électronique,Casque audio,3,437.67,0.15
ORD-104972,CUST-0422,2024-04-14,Alberta,Téléphone,Maison,Cafetière,1,278.57,0.0
ORD-100797,CUST-0333,2024-10-23,Ontario,Magasin,Vêtements,Manteau,5,16.39,0.05
ORD-102871,CUST-0333,2024-03-23,Manitoba,Téléphone,Vêtements,Manteau,3,273.68,0.2
ORD-100009,CUST-0231,2024-02-10,Colombie-Britannique,Téléphone,Sports,Vélo,2,514.37,0.1
ORD-106593,CUST-1418,2025-08-25,Québec,Magasin,Sports,Vélo,2,306.98,0.0
ORD-101944,CUST-1061,2024-04-16,Québec,Magasin,Électronique,Écran,1,76.69,0.1
ORD-101838,CUST-0334,2024-04-15,Ontario,Téléphone,Maison,Lampe,1,194.51,0.2
ORD-104804,CUST-0272,2024-12-22,Québec,Magasin,Vêtements,Chaussures,2,245.69,0.0
ORD-100255,CUST-0941,2024-01-20,Québec,Téléphone,Beauté,Soin visage,1,50.05,0.0
ORD-107026,CUST-0376,2024-07-28,Colombie-Britannique,En ligne,Électronique,Tablette,4,283.11,0.05
ORD-105713,CUST-1225,2025-08-03,Manitoba,Téléphone,Électronique,Clavier,1,877.38,0.15
ORD-104485,CUST-0412,2025-02-24,Québec,En ligne,Maison,Cafetière,1,468.73,0.0
ORD-107278,CUST-1299,2024-04-06,Colombie-Britannique,Magasin,Beauté,Soin visage,2,78.75,0.0
ORD-101581,CUST-1200,2025-02-13,Colombie-Britannique,Téléphone,Maison,Cafetière,5,166.88,0.0
ORD-102956,CUST-0445,2024-12-05,Colombie-Britannique,En ligne,Électronique,Souris,2,546.66,0.1
ORD-100924,CUST-0421,2024-04-14,Québec,Magasin,Électronique,Écran,1,455.07,0.1
ORD-107767,CUST-0608,2025-07-20,Manitoba,En ligne,Beauté,Shampoing,2,42.12,0.0
ORD-107160,CUST-0651,2025-05-08,Québec,Téléphone,Maison,Mixeur,1,493.58,0.1
ORD-102508,CUST-0259,2025-11-19,Ontario,Magasin,Électronique,Clavier,4,423.47,0.1
ORD-106132,CUST-1139,2024-02-13,Colombie-Britannique,Magasin,Maison,Chaise,3,220.23,0.1
ORD-105024,CUST-0653,2024-02-06,Ontario,Magasin,Sports,Sac sport,2,193.25,0.0
ORD-105320,CUST-0122,2025-03-16,Ontario,En ligne,Beauté,Parfum,1,135.39,0.05
ORD-107102,CUST-0553,2025-12-16,Manitoba,Téléphone,Sports,Tapis yoga,1,647.08,0.1
ORD-106645,CUST-0376,2025-11-02,Manitoba,Magasin,Électronique,Écran,2,121.38,0.1
ORD-106042,CUST-0888,2024-07-19,Québec,En ligne,Beauté,Crème,3,160.02,0.1
ORD-103775,CUST-0880,2024-12-11,Alberta,Magasin,Électronique,Souris,4,332.3,0.0
ORD-104835,CUST-0865,2024-11-24,Colombie-Britannique,En ligne,Vêtements,Manteau,1,287.14,0.0
ORD-104136,CUST-1102,2025-01-08,Ontario,En ligne,Beauté,Parfum,1,206.88,0.0
ORD-104964,CUST-0974,2024-11-24,Colombie-Britannique,Téléphone,Vêtements,Manteau,1,16.41,0.1
ORD-102779,CUST-1126,2024-07-28,Alberta,Magasin,Vêtements,Manteau,2,104.83,0.1
ORD-100539,CUST-0239,2024-11-30,Québec,Magasin,Vêtements,T-shirt,1,132.22,0.0
ORD-102745,CUST-1202,2025-01-16,Manitoba,Téléphone,Vêtements,Jean,1,125.28,0.05
ORD-107261,CUST-1366,2024-10-14,Colombie-Britannique,Téléphone,Maison,Lampe,1,146.23,0.0
ORD-107379,CUST-0761,2024-07-20,Québec,Téléphone,Vêtements,Veste,3,47.11,0.05
ORD-106819,CUST-0221,2025-07-19,Alberta,En ligne,Électronique,Souris,1,228.99,0.1
ORD-105467,CUST-0999,2024-03-26,Alberta,Téléphone,Sports,Raquette,1,187.34,0.15
ORD-101145,CUST-1361,2024-12-06,Alberta,En ligne,Sports,Raquette,1,261.71,0.2
ORD-105127,CUST-0790,2025-07-27,Manitoba,Téléphone,Beauté,Crème,1,108.97,0.1
ORD-104468,CUST-1309,2025-06-17,Alberta,Magasin,Maison,Aspirateur,4,468.52,0.15
ORD-100667,CUST-0398,2025-09-11,Québec,En ligne,Vêtements,Veste,5,218.81,0.2
ORD-103019,CUST-1316,2024-06-22,Manitoba,Téléphone,Beauté,Maquillage,1,121.07,0.15
ORD-100357,CUST-0398,2024-05-17,Alberta,Magasin,Beauté,Soin visage,4,211.18,0.1
ORD-105063,CUST-0320,2024-08-26,Ontario,Téléphone,Maison,Chaise,1,492.39,0.15
ORD-102831,CUST-0524,2024-12-20,Manitoba,En ligne,Électronique,Clavier,1,819.86,0.1
ORD-102783,CUST-0022,2025-11-20,Manitoba,Téléphone,Vêtements,T-shirt,1,247.74,0.05
ORD-101353,CUST-1330,2024-03-12,Alberta,Téléphone,Maison,Cafetière,1,143.92,0.0
ORD-105131,CUST-1160,2025-01-11,Colombie-Britannique,En ligne,Maison,Chaise,1,105.73,0.05
ORD-107114,CUST-0810,2024-08-12,Colombie-Britannique,En ligne,Sports,Sac sport,1,148.74,0.05
ORD-100470,CUST-1239,2024-03-28,Québec,Téléphone,Sports,Raquette,5,483.17,0.05
ORD-102703,CUST-0674,2024-04-12,Alberta,Téléphone,Sports,Ballon,3,474.63,0.05
ORD-103330,CUST-1416,2025-02-05,Québec,En ligne,Sports,Vélo,1,259.48,0.1
ORD-103637,CUST-0859,2025-03-17,Québec,Téléphone,Beauté,Shampoing,1,197.31,0.0
ORD-101396,CUST-0005,2024-08-18,Québec,Magasin,Beauté,Parfum,3,44.25,0.0
ORD-103584,CUST-0728,2025-04-01,Colombie-Britannique,Magasin,Maison,Lampe,4,30.77,0.05
ORD-107248,CUST-1270,2024-05-27,Manitoba,Téléphone,Sports,Ballon,2,525.89,0.15
ORD-105262,CUST-1498,2025-11-30,Ontario,Téléphone,Sports,Raquette,1,649.77,0.1
ORD-105645,CUST-0425,2025-09-07,Colombie-Britannique,En ligne,Électronique,Casque audio,2,59.78,0.15
ORD-103376,CUST-0106,2025-07-09,Québec,En ligne,Maison,Cafetière,2,67.0,0.2
ORD-101256,CUST-1483,2024-08-05,Québec,En ligne,Vêtements,T-shirt,1,127.93,0.05
ORD-106190,CUST-0586,2025-04-30,Ontario,En ligne,Beauté,Soin visage,2,212.17,0.05
ORD-103512,CUST-1226,2024-06-03,Ontario,En ligne,Beauté,Crème,1,98.85,0.1
ORD-105651,CUST-0979,2025-10-09,Colombie-Britannique,Téléphone,Vêtements,T-shirt,1,47.39,0.15
ORD-105778,CUST-0849,2024-09-05,Alberta,Téléphone,Électronique,Écran,2,113.91,0.2
ORD-101250,CUST-1408,2024-10-08,Ontario,En ligne,Beauté,Parfum,1,25.38,0.0
ORD-105795,CUST-1218,2024-12-11,Québec,Magasin,Sports,Raquette,3,486.85,0.05
ORD-105348,CUST-1185,2024-10-10,Québec,En ligne,Maison,Chaise,4,46.58,0.1
ORD-107756,CUST-0443,2024-05-30,Colombie-Britannique,Magasin,Électronique,Clavier,1,817.93,0.1
ORD-104298,CUST-0279,2024-06-07,Colombie-Britannique,Téléphone,Électronique,Clavier,2,775.03,0.2
ORD-103284,CUST-1166,2025-01-06,Colombie-Britannique,Téléphone,Sports,Tapis yoga,2,690.7,0.2
ORD-102933,CUST-0531,2024-04-15,Ontario,En ligne,Beauté,Soin visage,2,28.07,0.1
ORD-104175,CUST-0092,2024-11-24,Colombie-Britannique,En ligne,Électronique,Clavier,5,325.37,0.05
ORD-105268,CUST-1363,2024-04-03,Manitoba,Magasin,Électronique,Casque audio,2,663.55,0.05
ORD-104910,CUST-0468,2025-09-16,Manitoba,Téléphone,Sports,Vélo,1,414.48,0.1
ORD-101852,CUST-0450,2025-06-20,Colombie-Britannique,En ligne,Vêtements,Manteau,5,180.69,0.15
ORD-106316,CUST-0212,2024-12-15,Colombie-Britannique,Téléphone,Maison,Lampe,1,319.79,0.05
ORD-106815,CUST-1333,2025-08-29,Ontario,Téléphone,Sports,Raquette,1,437.3,0.1
ORD-107558,CUST-1449,2024-01-17,Alberta,Magasin,Électronique,Tablette,2,96.67,0.1
ORD-107854,CUST-0035,2025-07-29,Ontario,Magasin,Vêtements,T-shirt,2,33.59,0.0
ORD-102105,CUST-0573,2025-06-12,Ontario,En ligne,Beauté,Maquillage,3,10.07,0.15
ORD-100133,CUST-0466,2024-03-29,Colombie-Britannique,Téléphone,Beauté,Shampoing,2,176.15,0.15
ORD-105236,CUST-0272,2025-02-03,Manitoba,Téléphone,Maison,Aspirateur,1,26.3,0.15
ORD-105029,CUST-0280,2025-07-09,Québec,En ligne,Maison,Lampe,3,83.77,0.0
ORD-100928,CUST-0499,2025-06-04,Manitoba,Magasin,Sports,Vélo,3,259.04,0.0
ORD-100823,,2025-09-17,Alberta,En ligne,Sports,Sac sport,2,471.87,0.0
ORD-107342,CUST-0489,2025-03-07,Colombie-Britannique,En ligne,Beauté,Crème,3,231.78,0.1
ORD-101531,CUST-0295,2024-04-29,Ontario,Magasin,Maison,Cafetière,1,235.33,0.15
ORD-101214,CUST-1130,2025-04-08,Québec,En ligne,Maison,Mixeur,2,194.67,0.15
ORD-100504,CUST-0852,2025-03-08,Colombie-Britannique,En ligne,Électronique,Casque audio,2,848.29,0.1
ORD-104285,CUST-1264,2025-08-27,Colombie-Britannique,Téléphone,Électronique,Écran,2,392.82,0.1
ORD-106491,CUST-0390,2024-01-22,Québec,Téléphone,Maison,Mixeur,4,125.16,0.0
ORD-101996,CUST-0352,2024-12-04,Colombie-Britannique,En ligne,Vêtements,T-shirt,2,36.11,0.05
ORD-106530,CUST-1033,2024-08-26,Alberta,En ligne,Beauté,Maquillage,0,231.15,0.15
ORD-103072,CUST-0106,2025-09-28,Alberta,Téléphone,Beauté,Soin visage,2,165.75,0.0
ORD-101958,CUST-1492,2025-03-18,Manitoba,Magasin,Beauté,Crème,3,172.49,0.1
ORD-101384,CUST-1271,2024-02-05,Québec,En ligne,Sports,Vélo,1,478.88,0.05
ORD-100894,CUST-1172,2025-07-26,Manitoba,Téléphone,Sports,Ballon,2,317.67,0.0
ORD-104924,CUST-0062,2024-02-23,Ontario,Téléphone,Sports,Sac sport,2,71.29,0.1
ORD-100455,CUST-0534,2024-03-10,Manitoba,Magasin,Vêtements,Chaussures,1,76.91,0.05
ORD-106619,CUST-0732,2024-05-05,Alberta,Magasin,Électronique,Casque audio,2,199.47,0.15
ORD-105779,CUST-0161,2024-01-30,Québec,En ligne,Maison,Lampe,1,251.78,0.05
ORD-107482,CUST-0614,2025-02-21,Colombie-Britannique,En ligne,Électronique,Casque audio,1,805.44,0.0
ORD-103709,CUST-1344,2025-03-20,Ontario,En ligne,Sports,Raquette,5,418.45,0.1
ORD-107453,CUST-0953,2024-05-29,Alberta,Téléphone,Sports,Raquette,1,604.63,0.15
ORD-104849,CUST-1248,2024-01-23,Manitoba,Téléphone,Sports,Raquette,1,117.93,0.05
ORD-104748,CUST-0033,2024-12-14,Colombie-Britannique,En ligne,Maison,Aspirateur,1,326.8,0.0
ORD-104268,CUST-0990,2025-04-22,Québec,En ligne,Beauté,Shampoing,2,166.95,0.15
ORD-103522,CUST-1141,2025-07-27,Colombie-Britannique,Magasin,Beauté,Crème,1,36.64,0.0
ORD-104134,CUST-0861,2025-01-22,Ontario,Téléphone,Électronique,Casque audio,3,563.18,0.15
ORD-103602,CUST-0713,2025-09-06,Ontario,Magasin,Vêtements,Veste,2,53.15,0.05
ORD-107891,CUST-0187,2025-01-11,Colombie-Britannique,Téléphone,Vêtements,Manteau,5,230.41,0.0
ORD-100713,CUST-0983,2025-01-06,Colombie-Britannique,En ligne,Maison,Cafetière,2,464.92,0.2
ORD-104186,CUST-1453,2025-10-09,Ontario,En ligne,Électronique,Souris,1,245.06,0.1
ORD-102214,CUST-0847,2024-12-07,Manitoba,Téléphone,Sports,Tapis yoga,1,681.99,0.05
ORD-105301,CUST-0940,2025-03-27,Québec,Magasin,Sports,Tapis yoga,4,180.88,0.05
ORD-102923,CUST-0816,2025-08-15,Colombie-Britannique,Téléphone,Beauté,Maquillage,1,17.01,0.1
ORD-107321,CUST-1462,2025-05-16,Colombie-Britannique,Magasin,Électronique,Écran,4,395.55,0.1
ORD-101810,CUST-0741,2024-03-03,Québec,Magasin,Vêtements,Veste,1,139.72,0.15
ORD-103486,CUST-0639,2025-01-06,Colombie-Britannique,Magasin,Sports,,2,266.6,0.0
ORD-103141,CUST-0189,2024-10-30,Québec,Magasin,Maison,Mixeur,4,33.41,0.0
ORD-101827,CUST-0827,2024-09-24,Colombie-Britannique,Magasin,Maison,Cafetière,1,287.53,0.15
ORD-101155,CUST-0256,2025-04-23,Québec,Magasin,Vêtements,Chaussures,1,234.0,0.15
ORD-101324,CUST-0316,2025-01-07,Québec,Magasin,Sports,Tapis yoga,1,578.99,0.1
ORD-104312,CUST-1282,2024-12-12,Manitoba,En ligne,Sports,Raquette,1,491.09,0.2
ORD-100510,CUST-1462,2025-08-28,Québec,Téléphone,Maison,Chaise,2,162.25,0.15
ORD-101680,CUST-0685,2024-11-25,Alberta,En ligne,Vêtements,Manteau,2,68.87,0.0
ORD-100499,CUST-0210,2025-08-31,Colombie-Britannique,En ligne,Vêtements,Veste,1,104.25,0.15
ORD-107328,CUST-0067,2025-05-02,Québec,En ligne,Sports,Vélo,2,133.47,0.0
ORD-101856,CUST-1468,2025-11-11, québec ,En ligne,Sports,Sac sport,2,288.08,0.0
ORD-101388,CUST-1487,2025-10-22,Ontario,En ligne,Maison,Mixeur,1,218.75,0.0
ORD-105615,CUST-1467,2025-12-04,Alberta,En ligne,Beauté,Shampoing,1,120.27,0.0
ORD-103719,CUST-1433,2024-10-02,Alberta,Magasin,Vêtements,T-shirt,1,148.23,0.0
ORD-102386,CUST-0950,2024-09-15,Manitoba,Téléphone,Électronique,Tablette,2,373.25,0.05
ORD-105541,CUST-0487,2024-11-25,Alberta,Téléphone,Sports,Vélo,2,698.44,0.05
ORD-103236,CUST-1241,2025-09-17,Alberta,Téléphone,Vêtements,Veste,2,163.82,0.05
ORD-106172,CUST-0874,2024-10-12,Manitoba,Magasin,Vêtements,Manteau,2,103.64,0.15
ORD-101540,CUST-1456,2024-07-21,Ontario,Téléphone,Électronique,Tablette,1,628.71,0.0
ORD-101217,CUST-0599,2025-09-02,Manitoba,Téléphone,Électronique,Tablette,3,232.53,0.0
ORD-102681,CUST-1491,2025-06-11,Colombie-Britannique,Magasin,Électronique,Casque audio,1,738.01,0.05
ORD-107895,CUST-0555,2025-08-15,Colombie-Britannique,En ligne,Sports,Tapis yoga,1,611.55,0.05
ORD-102993,CUST-0438,2024-09-28,Alberta,Téléphone,Maison,Lampe,2,480.63,0.0
ORD-105512,CUST-1467,2024-10-30,Ontario,Magasin,Beauté,Crème,2,22.95,0.15
ORD-106313,CUST-1463,2024-10-27,Manitoba,Magasin,Vêtements,Veste,1,95.92,-0.1
ORD-101191,CUST-0933,2025-06-14,Colombie-Britannique,En ligne,Électronique,Casque audio,4,416.26,0.2
ORD-105772,CUST-0311,2025-09-11,Alberta,Magasin,Maison,Lampe,2,244.09,0.0
ORD-105293,CUST-0564,2024-09-17,Alberta,Magasin,Sports,Sac sport,2,645.53,0.15
ORD-101542,CUST-0117,2024-11-26,Colombie-Britannique,Téléphone,Beauté,Maquillage,1,110.27,0.0
ORD-103301,CUST-0629,2025-07-23,Québec,Téléphone,Maison,Lampe,1,424.37,0.15
ORD-103324,CUST-0479,2024-01-14,Manitoba,En ligne,Beauté,Soin visage,3,142.47,0.2
ORD-107056,,2025-01-20,Ontario,En ligne,Maison,Chaise,1,271.32,0.0
ORD-102539,CUST-0448,2024-09-03,Ontario,Téléphone,Électronique,Clavier,2,614.09,0.0
ORD-100953,CUST-1375,2025-03-03,Ontario,Téléphone,Sports,Sac sport,2,532.86,0.05
ORD-107241,CUST-0453,2024-10-18,Ontario,Magasin,Maison,Mixeur,5,133.07,0.15
ORD-107176,CUST-0202,2024-04-27,Alberta,Magasin,Beauté,Shampoing,1,156.4,0.1
ORD-106731,CUST-1318,2024-02-28,Ontario,En ligne,Maison,Chaise,2,420.3,0.0
ORD-104846,CUST-0221,2024-08-01,Manitoba,Téléphone,Vêtements,Manteau,4,218.52,0.15
ORD-106801,CUST-0747,2024-01-27,Québec,Téléphone,Beauté,Soin visage,3,30.75,0.05
ORD-104330,CUST-0434,2024-11-15,Alberta,En ligne,Sports,Ballon,1,481.18,0.0
ORD-100732,CUST-0325,2025-12-31,Manitoba,Téléphone,Beauté,Crème,1,79.53,0.0
ORD-101001,CUST-1257,2025-10-24,,Magasin,Maison,Cafetière,4,390.6,1.25
ORD-101156,CUST-1436,2024-09-15,Colombie-Britannique,Téléphone,Maison,Lampe,3,278.2,0.0
ORD-107481,CUST-1238,2025-08-16,Alberta,En ligne,Beauté,Shampoing,1,90.0,0.0
ORD-103294,CUST-1056,2025-04-30,Québec,Téléphone,Maison,Cafetière,1,316.0,0.05
ORD-106541,CUST-1338,2025-04-30,Ontario,Téléphone,Beauté,Soin visage,1,26.7,0.0
ORD-102982,CUST-0803,2025-05-24,Colombie-Britannique,En ligne,Électronique,Clavier,2,304.84,0.15
ORD-105305,CUST-1089,2024-10-19,Colombie-Britannique,Téléphone,Vêtements,Chaussures,1,173.48,0.2
ORD-105161,CUST-0719,2024-04-16,Alberta,En ligne,Sports,Ballon,5,356.03,0.05
ORD-102156,CUST-0800,2024-05-17,Alberta,Téléphone,Électronique,Casque audio,3,318.99,0.05
ORD-101062,CUST-0502,2025-06-30,Colombie-Britannique,Téléphone,Beauté,Shampoing,2,202.39,0.05
ORD-102616,CUST-0666,2025-06-06,Ontario,Téléphone,Beauté,Crème,2,110.83,0.15
ORD-101167,CUST-1335,2024-11-17,Alberta,Téléphone,Beauté,Crème,3,237.32,0.0
ORD-103222,CUST-0267,2025-10-17,Manitoba,En ligne,Sports,Tapis yoga,2,506.47,0.05
ORD-103636,CUST-0705,2024-03-11,Manitoba,En ligne,Maison,Lampe,4,156.51,0.0
ORD-105588,CUST-0365,2024-12-11,Ontario,Magasin,Sports,Raquette,1,448.64,0.15
ORD-102938,CUST-1346,2024-08-18,Manitoba,Téléphone,Beauté,Shampoing,2,168.27,0.2
ORD-107091,CUST-0407,2024-06-18,Alberta,Magasin,Vêtements,Veste,1,193.05,0.1
ORD-107192,CUST-0376,2024-05-02,Colombie-Britannique,Téléphone,Sports,Ballon,3,486.7,0.05
ORD-104491,CUST-0104,2025-05-08,Alberta,Magasin,Vêtements,Manteau,2,94.01,0.05
ORD-107266,CUST-1042,2025-03-27,,Magasin,Sports,Sac sport,5,100.05,0.15
ORD-103140,CUST-1459,2025-07-27,Ontario,Magasin,Sports,Vélo,1,169.78,0.0
ORD-104980,CUST-0981,2025-10-07,Manitoba,Magasin,Vêtements,T-shirt,4,109.76,0.0
ORD-100143,CUST-1404,2025-12-10,Alberta,En ligne,Vêtements,Chaussures,4,242.43,0.0
ORD-101902,CUST-0435,2027-01-15,Québec,En ligne,Vêtements,Manteau,2,34.83,0.05
ORD-103577,CUST-0057,2024-10-31,Ontario,Magasin,Vêtements,Veste,2,226.73,0.05
ORD-104946,CUST-0514,2024-10-19,Colombie-Britannique,Téléphone,Électronique,Écran,2,891.44,0.2
ORD-102782,CUST-1280,2025-08-08,Colombie-Britannique,Téléphone,Maison,Chaise,3,60.55,0.1
ORD-100717,CUST-0211,2025-05-18,Ontario,En ligne,Beauté,Shampoing,4,11.48,0.1
ORD-101819,CUST-1335,2024-06-08,Colombie-Britannique,Magasin,Électronique,Souris,3,222.22,0.1
ORD-102502,CUST-0097,2025-07-16,Ontario,En ligne,Sports,Sac sport,3,677.43,0.05
ORD-104360,CUST-0003,2025-10-31,Alberta,Téléphone,Sports,,1,158.41,0.05
ORD-104171,CUST-0757,2024-05-05,Alberta,EN LIGNE,Électronique,Tablette,2,356.96,0.15
ORD-106588,CUST-0715,2025-09-10,Ontario,Magasin,Sports,Tapis yoga,2,330.06,0.05
ORD-100395,CUST-0763,2025-11-11,Manitoba,Magasin,Électronique,Écran,2,780.36,0.0
ORD-105731,CUST-0998,2024-06-14,Québec,En ligne,Maison,Aspirateur,1,461.34,0.15
ORD-106320,CUST-0456,2025-07-07,Manitoba,Téléphone,Sports,Sac sport,1,364.79,0.0
ORD-107186,CUST-0527,2024-06-21,Manitoba,Magasin,Sports,Raquette,2,589.3,0.05
ORD-107801,CUST-0821,2024-06-07,Québec,Téléphone,Sports,Tapis yoga,3,463.35,0.1
ORD-104492,CUST-1281,2024-07-07,Québec,Téléphone,Beauté,Shampoing,2,66.87,0.0
ORD-101365,CUST-0469,2025-06-30,Québec,Magasin,Maison,Chaise,1,45.5,0.1
ORD-107363,CUST-1017,2024-07-22,Ontario,En ligne,Vêtements,T-shirt,1,109.38,0.05
ORD-105999,CUST-0488,2025-01-17,Ontario,Téléphone,Sports,Raquette,1,245.23,0.0
ORD-100595,CUST-1135,2025-03-14,Alberta,Téléphone,Beauté,Crème,1,197.59,0.05
ORD-106205,CUST-0787,2025-12-11,Manitoba,Magasin,Électronique,Clavier,1,447.96,0.05
ORD-103952,CUST-0560,2024-09-15,Manitoba,En ligne,Maison,Aspirateur,1,489.66,0.05
ORD-105392,CUST-0351,2024-08-13,Colombie-Britannique,En ligne,Beauté,Soin visage,1,123.35,0.0
ORD-105917,CUST-0116,2024-03-07,Québec,Magasin,Beauté,Maquillage,1,172.52,0.05
ORD-104968,CUST-0407,2025-08-03,Colombie-Britannique,En ligne,Électronique,Casque audio,1,81.15,0.15
ORD-102914,CUST-1118,2024-11-19,Alberta,En ligne,Vêtements,Veste,2,86.92,0.15
ORD-107954,CUST-0232,2025-04-23,Colombie-Britannique,Téléphone,Électronique,Clavier,2,283.8,0.15
ORD-102326,CUST-0460,2024-09-21,Alberta,En ligne,Sports,Sac sport,3,145.07,0.1
ORD-105644,CUST-0959,2024-11-19,Colombie-Britannique,Magasin,Électronique,Casque audio,1,279.69,0.1
ORD-103766,CUST-1449,2025-05-31,Colombie-Britannique,Magasin,Beauté,Parfum,1,92.1,0.05
ORD-103440,CUST-0899,2024-09-29,Alberta,Magasin,Maison,Chaise,2,86.7,0.0
ORD-103851,CUST-0301,2025-08-31,Colombie-Britannique,En ligne,Vêtements,T-shirt,2,225.55,0.1
ORD-104132,CUST-0646,2025-10-26,Alberta,En ligne,Vêtements,Chaussures,1,269.79,0.2
ORD-106806,CUST-1449,2024-08-14,Alberta,En ligne,Maison,Lampe,3,188.62,0.1
ORD-107406,CUST-0399,2025-07-03,Colombie-Britannique,Téléphone,Vêtements,Jean,1,236.64,0.1
ORD-102143,CUST-0823,2025-06-26,Ontario,En ligne,Sports,Ballon,3,634.91,0.0
ORD-107450,CUST-1376,2025-09-04,Manitoba,En ligne,Électronique,Écran,2,147.71,0.0
ORD-105073,CUST-1416,2025-10-15,Québec,Téléphone,Sports,Ballon,2,234.09,0.0
ORD-101571,CUST-0113,2025-03-30,Ontario,Téléphone,Beauté,Parfum,4,226.33,0.0
ORD-104079,CUST-0677,2024-02-29,Ontario,Téléphone,Électronique,Casque audio,2,335.15,0.05
ORD-101122,CUST-0529,2024-12-06,Québec,En ligne,Maison,Aspirateur,1,156.61,0.0
ORD-102786,CUST-0425,2025-02-18,Ontario,Magasin,Beauté,Shampoing,2,160.04,0.15
ORD-106335,CUST-0560,2025-07-30,Manitoba,Magasin,Vêtements,Jean,3,296.86,0.05
ORD-102967,CUST-0458,2025-10-01,Manitoba,Téléphone,Électronique,Écran,1,709.03,0.1
ORD-102504,CUST-0103,2024-11-28,Alberta,Téléphone,Maison,Chaise,4,464.51,0.1
ORD-105988,CUST-1454,2025-03-02,Ontario,Téléphone,Beauté,Soin visage,3,185.01,0.05
ORD-103465,CUST-0798,2025-12-28,Alberta,Magasin,Beauté,Maquillage,1,207.57,0.1
ORD-100675,CUST-0958,2025-05-30,Ontario,Magasin,Vêtements,Jean,1,221.93,0.0
ORD-102808,CUST-1152,2025-02-04,Colombie-Britannique,En ligne,Vêtements,Veste,1,232.62,0.1
ORD-107164,CUST-1050,2024-01-27,Québec,Téléphone,Sports,Ballon,2,294.22,0.05
ORD-103348,CUST-1159,2025-05-12,Manitoba,Téléphone,Sports,Vélo,2,660.03,0.1
ORD-100728,CUST-0908,2025-10-19,Ontario,En ligne,Vêtements,Jean,1,69.79,0.0
ORD-100412,CUST-1178,2024-09-22,Manitoba,Téléphone,Vêtements,Veste,2,261.84,0.15
ORD-103146,CUST-0036,2024-01-28,Colombie-Britannique,En ligne,Sports,Tapis yoga,3,51.42,0.05
ORD-101516,CUST-0564,2025-10-23,Manitoba,Magasin,Beauté,Crème,1,157.63,0.0
ORD-105745,CUST-0209,2025-09-27,Alberta,En ligne,Beauté,Crème,5,201.96,0.2
ORD-100825,CUST-1253,2024-09-30,Ontario,En ligne,Sports,Sac sport,1,89.25,0.15
ORD-103267,CUST-1353,2025-03-29,Alberta,En ligne,Sports,Ballon,5,461.05,0.1
ORD-103974,CUST-0409,2024-08-24,Manitoba,Magasin,Beauté,Shampoing,1,211.33,0.05
ORD-100616,CUST-0698,2024-04-08, ontario ,Téléphone,Maison,Lampe,2,296.03,0.0
ORD-100114,CUST-0947,2025-10-05,Québec,Magasin,Sports,Tapis yoga,2,316.92,0.05
ORD-100417,CUST-0860,2024-02-12,Québec,Magasin,Vêtements,Manteau,2,139.94,0.2
ORD-103069,CUST-0652,2025-02-09,Manitoba,Magasin,Vêtements,Manteau,2,204.02,0.05
ORD-101625,CUST-0915,2025-09-06,Ontario,Téléphone,Sports,Sac sport,1,325.89,0.05
ORD-107113,CUST-0225,2024-08-10,Colombie-Britannique,En ligne,Vêtements,Jean,1,296.97,0.0
ORD-106748,CUST-0915,2025-02-17,Colombie-Britannique,En ligne,Beauté,Soin visage ,2,226.74,0.0
ORD-107996,CUST-0708,2025-06-10,Ontario,En ligne,Vêtements,Manteau,5,182.34,0.0
ORD-104185,CUST-0367,2024-06-29,Colombie-Britannique,En ligne,Électronique,Clavier,1,133.34,0.15
ORD-102896,CUST-1246,2025-09-07,Ontario,Téléphone,Maison,Mixeur,2,125.02,0.1
ORD-107543,CUST-0848,2025-06-07,Colombie-Britannique,Téléphone,Beauté,Parfum,1,113.74,0.2
ORD-102082,CUST-1046,2025-12-03,Ontario,En ligne,Beauté,Maquillage,3,189.06,0.1
ORD-100753,CUST-0271,2024-05-02,Québec,Magasin,Beauté,Crème,2,74.35,0.0
ORD-102546,CUST-0516,2024-06-13,Ontario,Magasin,Sports,Vélo,3,457.56,0.05
ORD-103969,CUST-0862,2025-01-10,Québec,Magasin,Maison,Chaise,1,184.78,0.0
ORD-103373,CUST-1179,2025-05-17,Québec,Téléphone,Vêtements,T-shirt,1,154.56,0.15
ORD-105726,CUST-0435,2025-12-08,Ontario,Téléphone,Vêtements,T-shirt,2,88.31,0.05
ORD-104107,CUST-1300,2025-05-08,Ontario,En ligne,Électronique,Souris,2,181.52,0.0
ORD-102444,CUST-1195,2024-04-19,Ontario,Téléphone,Sports,Vélo,1,388.69,0.1
ORD-104380,CUST-0455,2024-04-20,Alberta,Magasin,Vêtements,T-shirt,1,150.1,0.15
ORD-101066,CUST-1375,2025-02-19,Colombie-Britannique,Téléphone,Beauté,Parfum,2,35.94,0.05
ORD-103913,CUST-0121,2024-10-28,Québec,Magasin,Vêtements,Jean,4,190.67,0.0
ORD-105287,CUST-0789,2025-06-01,Colombie-Britannique,Magasin,Sports,Ballon,1,242.33,0.05
ORD-105536,CUST-0441,2025-08-16,Colombie-Britannique,En ligne,Beauté,Crème,4,142.94,0.0
ORD-105387,CUST-1489,2025-02-24,Alberta,Magasin,Beauté,Maquillage,4,18.86,0.0
ORD-105732,CUST-1289,2024-07-21,Alberta,Téléphone,Sports,Sac sport,3,182.6,0.05
ORD-103498,CUST-1091,2025-09-09,Colombie-Britannique,Téléphone,Électronique,Souris,3,231.31,0.15
ORD-102738,CUST-0325,2024-05-30,Ontario,Téléphone,Électronique,Clavier,2,208.51,0.0
ORD-105052,CUST-0364,2024-11-04,Alberta,Magasin,Maison,Aspirateur,1,228.47,0.05
ORD-104000,CUST-0214,2025-07-21,Colombie-Britannique,Magasin,Beauté,Parfum,1,47.68,0.1
ORD-101568,CUST-0962,2025-02-21,Ontario,Téléphone,Maison,Cafetière,2,276.37,0.0
ORD-102427,CUST-0821,2025-10-18,Québec,Magasin,Sports,Raquette,4,224.11,0.0
ORD-103746,CUST-1234,2024-05-18,Manitoba,En ligne,Vêtements,T-shirt,3,145.25,0.1
ORD-106833,CUST-0928,2025-10-13,Québec,En ligne,Sports,Tapis yoga,2,131.72,0.05
ORD-107485,CUST-0892,2025-08-07,Colombie-Britannique,Téléphone,Sports,Ballon,4,93.09,0.15
ORD-101687,CUST-0137,2024-06-28,Alberta,Téléphone,Beauté,Soin visage,2,103.08,0.0
ORD-100851,CUST-1439,2024-08-22,Colombie-Britannique,Téléphone,Vêtements,Manteau,1,85.53,0.1
ORD-103546,CUST-0256,2024-03-06,Colombie-Britannique,Téléphone,Vêtements,T-shirt,1,111.84,0.1
ORD-106303,CUST-0028,2024-04-15,Colombie-Britannique,Magasin,Sports,Tapis yoga,1,468.39,0.05
ORD-100895,CUST-1294,2024-10-18,Manitoba,Téléphone,Vêtements,Chaussures,1,52.14,0.0
ORD-104592,CUST-0105,2024-08-29,Québec,En ligne,Beauté,Crème,1,150.72,0.0
ORD-106401,CUST-0131,2024-04-07,Alberta,Magasin,Sports,Tapis yoga,1,246.94,0.0
ORD-105878,CUST-1487,2025-06-26,Colombie-Britannique,Magasin,Maison,Chaise,1,135.57,0.1
ORD-100335,CUST-1228,2024-07-12,Québec,Téléphone,Sports,Vélo,2,107.09,0.0
ORD-102839,CUST-1046,2025-12-22,Québec,En ligne,Électronique,Casque audio,1,466.57,0.15
ORD-103087,CUST-0466,2024-12-30,Manitoba,Téléphone,Vêtements,Veste,2,110.31,0.1
ORD-104611,CUST-1323,2025-11-02,Manitoba,Téléphone,Maison,Aspirateur,2,290.1,0.0
ORD-101348,CUST-0361,2025-08-21,Colombie-Britannique,Téléphone,Sports,Sac sport,1,519.22,0.0
ORD-101015,CUST-0350,2024-03-24,Alberta,Téléphone,Maison,Chaise,1,394.18,0.0
ORD-102816,CUST-1120,2025-03-27,Ontario,Magasin,Sports,Ballon,2,23.25,0.15
ORD-101631,CUST-0998,2025-03-09,Québec,En ligne,Beauté,Maquillage,2,216.61,0.1
ORD-102489,CUST-1394,2024-10-11,Manitoba,Magasin,Électronique,Souris,2,683.55,0.1
ORD-103730,CUST-0521,2025-12-11,Manitoba,Magasin,Électronique,Tablette,4,129.03,0.05
ORD-106905,CUST-0926,2025-07-22,Québec,Magasin,Beauté,Crème,2,103.79,0.0
ORD-107390,CUST-0901,2024-06-16,Manitoba,Téléphone,Sports,Tapis yoga,1,95.7,0.0
ORD-103251,CUST-1149,2024-03-04,Ontario,En ligne,Maison,Lampe,1,45.47,0.1
ORD-107479,CUST-0082,2024-06-10,Québec,Magasin,Vêtements,T-shirt,3,94.53,0.15
ORD-107267,CUST-0491,2024-08-10,Colombie-Britannique,Téléphone,Électronique,Clavier,2,670.44,0.05
ORD-105877,CUST-1129,2024-03-26,Colombie-Britannique,Téléphone,Sports,Raquette,2,352.48,0.1
ORD-106665,CUST-1139,2025-07-29,Ontario,Téléphone,Vêtements,Veste,5,159.34,0.05
ORD-105881,CUST-1063,2024-05-28,Colombie-Britannique,En ligne,Beauté,Parfum,2,232.35,0.2
ORD-102070,CUST-0266,2024-06-16,Québec,En ligne,Sports,Raquette,4,22.69,0.0
ORD-104452,CUST-0508,2024-03-16,Alberta,En ligne,Vêtements,Chaussures,2,54.84,0.05
ORD-107878,CUST-0979,2025-07-12,Ontario,Magasin,Électronique,Souris,1,100.47,0.05
ORD-107421,CUST-0843,2024-04-02,Manitoba,Téléphone,Vêtements,Jean,1,158.55,0.05
ORD-105408,CUST-0759,2024-07-12,Québec,En ligne,Sports,Ballon,2,115.76,0.05
ORD-101635,CUST-0557,2024-08-05,Alberta,Magasin,Vêtements,Chaussures,1,244.62,0.0
ORD-104646,CUST-1380,2024-08-23,Manitoba,Téléphone,Électronique,Tablette,1,322.42,0.2
ORD-106484,CUST-1216,2024-07-16,Ontario,Téléphone,Sports,Vélo,4,320.11,0.15
ORD-102479,CUST-0947,2025-12-20,Alberta,En ligne,Électronique,Clavier,4,203.71,0.15
ORD-106617,CUST-1064,2025-04-07,Colombie-Britannique,Magasin,Vêtements,Chaussures,3,130.5,0.05
ORD-102265,CUST-0116,2025-04-16,Alberta,En ligne,Maison,Aspirateur,4,100.15,0.0
ORD-102959,CUST-0689,2024-11-23,Québec,Magasin,Maison,Lampe,2,84.71,0.1
ORD-105323,CUST-0659,2025-12-30,Ontario,Magasin,Beauté,Maquillage,5,72.64,0.0
ORD-107633,CUST-0712,2024-09-26,Québec,En ligne,Beauté,Crème,2,25.62,0.0
ORD-103059,CUST-0943,2024-09-14,Manitoba,Téléphone,Beauté,Soin visage,1,45.02,0.1
ORD-105053,CUST-1249,2025-01-17,Ontario,Téléphone,Électronique,Souris,3,558.63,0.1
ORD-105869,CUST-1227,2024-02-01,Québec,En ligne,Beauté,Maquillage,2,27.83,0.05
ORD-102141,CUST-0007,2024-03-25,Manitoba,En ligne,Électronique,Tablette,2,489.55,0.0
ORD-105104,CUST-0912,2024-08-13,Colombie-Britannique,Téléphone,Vêtements,Manteau,3,267.41,0.05
ORD-103118,CUST-0367,2025-08-12,Ontario,En ligne,Vêtements,T-shirt,1,20.7,0.1
ORD-105188,CUST-1193,2025-12-29,Québec,Magasin,Beauté,Soin visage,1,179.57,0.0
ORD-107624,CUST-1489,2025-04-22,Alberta,Magasin,Vêtements,T-shirt,1,47.3,0.0
ORD-104045,CUST-0016,2024-04-14,Alberta,Magasin,Électronique,Tablette,2,521.87,0.15
ORD-103356,CUST-1497,2025-10-17,Colombie-Britannique,En ligne,Beauté,Parfum,2,193.98,0.0
ORD-102744,CUST-0036,2024-09-12,Ontario,En ligne,Électronique,Clavier,2,824.41,0.05
ORD-107253,CUST-0607,2024-04-02,Québec,Magasin,Électronique,Casque audio,1,523.64,0.0
ORD-105092,CUST-0097,2025-04-22,Alberta,En ligne,Électronique,Souris,1,606.06,0.0
ORD-103506,CUST-0138,2025-01-01,Ontario,En ligne,Vêtements,Jean,1,225.67,0.0
ORD-101679,CUST-1157,2025-09-03,Manitoba,En ligne,Vêtements,T-shirt,1,255.03,0.1
ORD-104249,CUST-0253,2025-08-15,Québec,En ligne,Vêtements,Chaussures,1,204.09,0.05
ORD-103147,CUST-0509,2025-09-05,Alberta,En ligne,Vêtements,T-shirt,1,292.68,0.1
ORD-102294,CUST-0614,2024-08-19,Colombie-Britannique,En ligne,Vêtements,T-shirt,1,29.31,0.15
ORD-107004,CUST-0988,2024-12-29,Ontario,En ligne,Électronique,Casque audio,1,371.69,0.2
ORD-106933,CUST-1408,2024-11-15,Alberta,En ligne,Vêtements,Veste,2,112.31,0.05
ORD-100580,CUST-0862,2024-06-03,Québec,En ligne,Beauté,Shampoing,4,45.79,0.1
ORD-101470,CUST-0557,2024-11-04,Québec,Téléphone,Maison,Chaise,2,431.99,0.05
ORD-104799,CUST-0021,2025-01-26,Québec,En ligne,Électronique,Casque audio,1,819.8,0.15
ORD-104070,CUST-0073,2024-02-29,Colombie-Britannique,Téléphone,Électronique,Clavier,2,695.15,0.0
ORD-105308,CUST-0826,2024-08-07,Québec,Magasin,Beauté,Parfum,1,13.23,0.05
ORD-103343,CUST-0595,2025-02-13,Ontario,Magasin,Vêtements,Manteau,1,69.62,0.1
ORD-104992,CUST-1457,2024-11-13,Québec,Téléphone,Maison,Cafetière,3,328.02,0.0
ORD-107404,CUST-0104,2024-08-24,Québec,En ligne,Maison,Cafetière,1,453.97,0.15
ORD-104583,CUST-0041,2024-11-20,Québec,Téléphone,Sports,Ballon,3,607.37,0.15
ORD-103672,CUST-1480,2024-09-11,Manitoba,Magasin,Beauté,Shampoing,5,232.34,0.15
ORD-100559,CUST-0566,2024-12-09,Alberta,Magasin,Électronique,Souris,1,105.1,0.15
ORD-105237,CUST-0641,2024-05-27,Colombie-Britannique,En ligne,Beauté,Shampoing,1,79.1,0.0
ORD-105215,CUST-0339,2025-02-22,Alberta,Téléphone,Vêtements,Jean,5,15.97,0.0
ORD-102849,CUST-0512,2024-12-03,Québec,En ligne,Maison,Aspirateur,2,382.12,0.0
ORD-100512,CUST-0405,2024-11-30,Québec,En ligne,Beauté,Shampoing,1,148.63,0.05
ORD-104729,CUST-0519,2024-04-24,Colombie-Britannique,En ligne,Maison,Cafetière,1,69.01,0.0
ORD-101081,CUST-0125,2025-03-31,Alberta,En ligne,Électronique,Souris,3,219.74,0.0
ORD-101664,CUST-1323,2024-02-03,Québec,Magasin,Vêtements,Chaussures,1,129.21,0.0
ORD-101012,CUST-0893,2025-01-21,Ontario,Magasin,Maison,Lampe,2,480.37,0.15
ORD-101931,CUST-0003,2024-08-01,Alberta,Téléphone,Maison,Lampe,4,461.78,0.0
ORD-101150,CUST-0550,2024-02-21,Colombie-Britannique,Magasin,Vêtements,Manteau,1,259.91,0.05
ORD-102838,CUST-1348,2024-04-07,Manitoba,En ligne,Maison,Aspirateur,2,276.3,0.0
ORD-105949,CUST-0770,2025-07-24,Alberta,Magasin,Beauté,Soin visage,4,151.74,0.0
ORD-100116,CUST-0328,2024-02-23,Québec,Téléphone,Beauté,Shampoing,2,70.93,0.0
ORD-100740,CUST-0395,2024-11-21,Manitoba,Téléphone,Vêtements,T-shirt,1,142.16,0.05
ORD-107752,CUST-1290,2024-12-20,Québec,Magasin,Maison,Aspirateur,1,30.56,0.15
ORD-106070,CUST-1080,2024-02-10,Québec,Téléphone,Vêtements,T-shirt,1,163.13,0.1
ORD-105177,CUST-0952,2024-10-14,Québec,En ligne,Vêtements,Chaussures,1,148.43,0.15
ORD-103675,CUST-0473,2025-09-06,Ontario,Téléphone,Beauté,Parfum,1,214.61,0.2
ORD-105906,CUST-1290,2024-06-10,Manitoba,Téléphone,Beauté,Soin visage,3,100.45,0.15
ORD-100830,CUST-0407,2025-04-24,Colombie-Britannique,En ligne,Sports,Sac sport,1,150.42,0.0
ORD-100119,CUST-0746,2025-01-20,Alberta,Téléphone,Vêtements,Manteau,1,269.41,0.1
ORD-104752,CUST-0737,2025-12-07,Québec,Téléphone,Électronique,Souris,1,137.14,0.0
ORD-107707,CUST-1022,2024-01-03,Québec,En ligne,Beauté,Soin visage,1,135.84,0.0
ORD-107649,CUST-0600,2024-06-19,Colombie-Britannique,Magasin,Maison,Chaise,4,218.89,0.1
ORD-107983,CUST-0419,2025-02-19,Québec,Téléphone,Vêtements,Chaussures,4,254.51,0.2
ORD-100635,CUST-0216,2024-05-11,Colombie-Britannique,Magasin,Sports,Ballon,2,651.23,0.05
ORD-104465,CUST-0077,2025-08-21,Ontario,Téléphone,Maison,Chaise,5,210.59,0.1
ORD-104364,CUST-1187,2024-03-29,Québec,Téléphone,Maison,Aspirateur,2,98.94,0.1
ORD-106799,CUST-0855,2024-11-28,Colombie-Britannique,Magasin,Électronique,Tablette,4,500.14,0.0
ORD-107079,CUST-0214,2024-05-24,Québec,En ligne,Maison,Aspirateur,4,199.42,0.0
ORD-106966,CUST-1131,2025-12-17,Québec,En ligne,Maison,Chaise,1,319.74,0.1
ORD-107010,CUST-1376,2025-04-25,Ontario,En ligne,Électronique,Clavier,1,480.7,0.0
ORD-104142,CUST-0010,2025-07-05,Colombie-Britannique,En ligne,Électronique,Tablette,1,393.1,0.15
ORD-107027,CUST-1028,2025-01-05,Québec,Téléphone,Vêtements,Chaussures,3,155.74,0.05
ORD-100991,CUST-1012,2025-10-14,Alberta,Téléphone,Maison,Chaise,1,57.77,0.05
ORD-100876,CUST-1101,2024-08-16,Ontario,Magasin,Beauté,Soin visage,5,15.96,0.15
ORD-104869,CUST-1031,2024-05-31,Alberta,En ligne,Vêtements,Manteau,2,38.35,0.0
ORD-105315,CUST-1241,2024-08-15,Manitoba,En ligne,Électronique,Écran,1,69.33,0.05
ORD-105222,CUST-0021,2024-05-19,Québec,Magasin,Maison,Cafetière,1,320.41,0.0
ORD-100004,CUST-1370,2025-07-18,Ontario,Téléphone,Maison,Mixeur,4,290.38,0.05
ORD-103051,CUST-1040,2025-02-12,Colombie-Britannique,Magasin,Beauté,Maquillage,1,32.03,0.1
ORD-105691,CUST-1396,2024-08-21,Alberta,En ligne,Vêtements,Chaussures,2,115.55,0.1
ORD-103124,CUST-0435,2024-10-06,Colombie-Britannique,Magasin,Maison,Chaise,2,265.64,0.0
ORD-106407,CUST-1194,2024-09-26,Québec,Téléphone,Maison,Aspirateur,3,78.23,0.0
ORD-107136,CUST-0315,2025-11-13,Manitoba,Magasin,Beauté,Soin visage,2,92.83,0.05
ORD-102660,CUST-0530,2025-12-19,Québec,En ligne,Maison,Chaise,1,474.3,0.1
ORD-102491,CUST-0087,2024-10-12,Ontario,Téléphone,Électronique,Casque audio,1,759.34,0.1
ORD-107146,CUST-0920,2025-03-01,Alberta,Téléphone,Vêtements,Manteau,1,89.75,0.05
ORD-105173,CUST-0708,2025-01-15,Québec,En ligne,Vêtements,Veste,3,237.4,0.0
ORD-103854,CUST-1028,2024-03-23,Québec,Magasin,Beauté,Soin visage,1,244.87,0.0
ORD-104933,CUST-1260,2024-04-01,Québec,Téléphone,Maison,Aspirateur,2,376.3,0.15
ORD-104777,CUST-0043,2024-05-12,Ontario,Téléphone,Sports,Sac sport,2,646.49,0.0
ORD-101715,CUST-0051,2025-03-22,Alberta,Téléphone,Beauté,Maquillage,1,14.4,0.05
ORD-106448,CUST-0742,2024-07-06,Ontario,Magasin,Vêtements,Jean,1,120.19,0.0
ORD-107509,CUST-1479,2025-10-01,Alberta,Magasin,Électronique,Tablette,2,753.26,0.15
ORD-106713,CUST-0125,2025-08-07,Ontario,Téléphone,Vêtements,T-shirt,1,267.15,0.0
ORD-106457,CUST-0004,2025-08-09,Ontario,Magasin,Beauté,Shampoing,1,186.54,0.0
ORD-106293,CUST-0336,2025-09-18,Colombie-Britannique,Téléphone,Électronique,Clavier,2,381.48,0.1
ORD-101148,CUST-0655,2025-07-08,Québec,Magasin,Électronique,Clavier,3,623.24,0.1
ORD-103261,CUST-1339,2024-02-07,Manitoba,Téléphone,Vêtements,Veste,1,197.46,0.0
ORD-100574,CUST-0949,2024-07-06,Ontario,Magasin,Beauté,Crème,1,91.14,0.0
ORD-103769,CUST-0755,2025-05-13,Ontario,Téléphone,Beauté,Soin visage,1,185.54,0.0
ORD-103736,CUST-1066,2024-12-14,Colombie-Britannique,Magasin,Maison,Chaise,3,373.5,0.05
ORD-104146,CUST-0217,2024-01-06,Manitoba,Téléphone,Électronique,Tablette,1,543.05,0.05
ORD-100853,CUST-0439,2025-01-09,Colombie-Britannique,Magasin,Maison,Aspirateur,2,239.94,0.15
ORD-101982,CUST-0709,2025-07-24,Québec,Magasin,Maison,Lampe,4,447.1,0.05
ORD-102774,CUST-1089,2024-12-22,Ontario,Téléphone,Beauté,Crème,3,205.94,0.0
ORD-105919,CUST-0355,2025-02-05,Colombie-Britannique,Téléphone,Électronique,Tablette,5,241.83,0.1
ORD-104929,CUST-0725,2025-08-20,Ontario,Magasin,Beauté,Shampoing,1,16.58,0.05
ORD-107521,CUST-1400,2025-07-21,Manitoba,En ligne,Maison,Aspirateur,2,495.34,0.0
ORD-105211,CUST-0719,2025-08-29,Colombie-Britannique,En ligne,Vêtements,Jean,5,59.24,0.0
ORD-101166,CUST-0187,2024-08-30,Ontario,Téléphone,Maison,Aspirateur,4,228.19,0.05
ORD-106614,CUST-0556,2024-08-10,Ontario,En ligne,Vêtements,Veste,1,88.12,0.15
ORD-106002,CUST-0986,2025-01-03,Alberta,Magasin,Vêtements,Manteau,1,70.34,0.0
ORD-100971,CUST-1070,2025-05-18,Ontario,Téléphone,Vêtements,Manteau,5,87.73,0.15
ORD-102701,CUST-0990,2025-12-09,Alberta,En ligne,Beauté,Soin visage,3,137.22,0.0
ORD-104495,CUST-1447,2024-04-02,Manitoba,Téléphone,Maison,Mixeur,1,193.45,0.05
ORD-106655,CUST-0562,2025-06-08,Colombie-Britannique,En ligne,Électronique,Tablette,1,456.45,0.0
ORD-103847,CUST-0079,2025-06-29,Colombie-Britannique,Téléphone,Sports,Raquette,2,440.22,0.15
ORD-102368,CUST-1210,2024-09-22,Manitoba,Téléphone,Maison,Cafetière,2,243.0,0.0
ORD-104115,CUST-0294,2025-05-11,Ontario,Téléphone,Beauté,Maquillage,2,67.54,0.0
ORD-104780,CUST-0609,2024-03-27,Ontario,Magasin,Maison,Aspirateur,2,22.68,0.15
ORD-104131,CUST-0254,2025-07-19,Québec,En ligne,Maison,Lampe,2,51.3,0.0
ORD-102950,CUST-1404,2025-03-18,Colombie-Britannique,En ligne,Maison,Lampe,1,404.72,0.0
ORD-105625,CUST-0586,2025-07-20,Alberta,En ligne,Sports,Sac sport,3,543.31,0.0
ORD-106971,CUST-1075,2025-03-28,Manitoba,Magasin,Maison,Cafetière,3,181.96,0.15
ORD-100524,CUST-0288,2025-09-09,Ontario,Téléphone,Maison,Chaise,1,201.94,0.15
ORD-102455,CUST-0063,2024-01-13,Québec,Magasin,Beauté,Crème,1,160.66,0.0
ORD-105016,CUST-1037,2025-02-09,Alberta,Magasin,Sports,Tapis yoga,3,249.64,0.0
ORD-101841,CUST-1275,2025-03-11,Ontario,Téléphone,Vêtements,Manteau,1,80.01,0.0
ORD-105986,CUST-0235,2025-02-16,Alberta,Téléphone,Maison,Cafetière,1,76.18,0.1
ORD-100537,CUST-0918,2024-08-11,Ontario,Magasin,Sports,Sac sport,2,517.73,0.0
ORD-102806,CUST-0964,2025-07-04,Ontario,Téléphone,Beauté,Crème,3,85.28,0.05
ORD-105801,CUST-1163,2024-04-28,Alberta,En ligne,Électronique,Tablette,3,148.46,0.0
ORD-105596,CUST-0159,2024-12-25,Québec,Magasin,Maison,Chaise,4,249.16,0.0
ORD-107206,CUST-0422,2024-05-10,Ontario,Magasin,Sports,Vélo,1,167.91,0.1
ORD-107343,CUST-0905,2024-04-13,Ontario,Téléphone,Vêtements,T-shirt,1,61.7,0.05
ORD-104341,CUST-0580,2024-10-26,Québec,En ligne,Sports,Sac sport,2,120.02,0.0
ORD-107560,CUST-0063,2024-09-26,Ontario,Téléphone,Vêtements,Veste,1,208.57,0.2
ORD-103175,CUST-0699,2025-04-29,Québec,Téléphone,Beauté,Maquillage,2,53.38,0.0
ORD-100784,CUST-1222,2024-07-06,Ontario,Magasin,Beauté,Parfum,5,123.89,0.1
ORD-104057,CUST-0845,2024-10-08,Manitoba,Magasin,Vêtements,Veste,1,122.04,0.05
ORD-101409,CUST-0904,2025-11-12,Colombie-Britannique,En ligne,Beauté,Parfum,1,155.57,0.0
ORD-102537,CUST-0104,2024-09-10,Manitoba,Magasin,Maison,Chaise,2,87.7,0.1
ORD-100154,CUST-0295,2024-08-11,Manitoba,En ligne,Beauté,Crème,3,209.71,0.05
ORD-103009,CUST-0441,2025-04-18,Colombie-Britannique,En ligne,Beauté,Soin visage,3,18.84,0.1
ORD-101686,CUST-0095,2025-10-30,Québec,Téléphone,Électronique,Clavier,3,129.91,0.0
ORD-102901,CUST-1295,2025-07-07,Manitoba,Téléphone,Électronique,Casque audio,3,281.19,0.05
ORD-107995,CUST-0509,2024-12-27,Ontario,Téléphone,Beauté,Shampoing,2,146.17,0.1
ORD-107455,CUST-0024,2024-01-02,Alberta,Magasin,Sports,Tapis yoga,1,504.1,0.05
ORD-104721,CUST-0881,2024-01-23,Québec,En ligne,Sports,Sac sport,2,39.79,0.1
ORD-103863,CUST-1404,2024-04-18,Québec,Magasin,Maison,Mixeur,1,156.06,0.0
ORD-102733,CUST-0791,2024-10-22,Ontario,Téléphone,Maison,Mixeur,1,420.28,0.0
ORD-101895,CUST-1206,2024-06-14,Québec,En ligne,Sports,Raquette,3,427.87,0.0
ORD-105442,CUST-0114,2024-03-07,Québec,Magasin,Maison,Lampe,1,166.06,0.0
ORD-100569,CUST-0366,2025-09-25,Alberta,En ligne,Électronique,Souris,2,377.49,0.1
ORD-106709,CUST-1413,2024-11-18,Québec,Magasin,Électronique,Souris,1,888.8,0.05
ORD-105854,CUST-0489,2024-02-04,Ontario,En ligne,Électronique,Casque audio,5,344.94,0.2
ORD-101816,CUST-1413,2024-03-21,Ontario,Téléphone,Vêtements,T-shirt,1,101.29,0.05
ORD-102065,CUST-0202,2024-01-21,Alberta,Téléphone,Maison,Aspirateur,1,275.4,0.05
ORD-100127,CUST-0011,2025-05-26,Colombie-Britannique,Magasin,Beauté,Maquillage,3,26.38,0.15
ORD-103394,CUST-0975,2025-01-31,Manitoba,Magasin,Électronique,Écran,1,846.38,0.1
ORD-103327,CUST-1062,2024-05-10,Québec,Téléphone,Beauté,Soin visage,2,95.85,0.0
ORD-100059,CUST-1094,2024-09-08,Alberta,Magasin,Vêtements,T-shirt,4,296.01,0.1
ORD-106102,CUST-0049,2024-11-15,Manitoba,Téléphone,Maison,Cafetière,2,427.67,0.0
ORD-102975,CUST-0563,2025-03-14,Manitoba,Téléphone,Vêtements,Chaussures,2,48.46,0.05
ORD-100980,CUST-0793,2024-09-13,Ontario,En ligne,Électronique,Souris,2,102.46,0.0
ORD-102300,CUST-0689,2024-04-24,Alberta,Magasin,Vêtements,Chaussures,1,131.62,0.2
ORD-100190,CUST-0495,2025-03-02,Ontario,Téléphone,Maison,Lampe,2,436.6,0.05
ORD-101139,CUST-0309,2024-08-18,Alberta,Téléphone,Beauté,Shampoing,2,163.29,0.2
ORD-105088,CUST-0601,2025-06-26,Manitoba,En ligne,Beauté,Parfum,3,235.56,0.05
ORD-100699,CUST-0658,2025-05-24,Québec,Téléphone,Vêtements,Jean,3,138.84,
ORD-107708,CUST-0432,2025-07-20,Québec,En ligne,Beauté,Maquillage,2,72.12,0.2
ORD-100606,CUST-0153,2025-03-04,Québec,En ligne,Électronique,Souris,1,485.99,0.15
ORD-104276,CUST-0919,2024-10-14,Québec,En ligne,Beauté,Parfum,2,247.46,0.15
ORD-100301,CUST-0505,2025-10-30,Alberta,Téléphone,Maison,Mixeur,1,311.4,0.1
ORD-106640,CUST-0304,2025-11-09,Alberta,En ligne,Électronique,Casque audio,1,661.66,0.1
ORD-103420,CUST-1403,2024-07-12,Manitoba,Téléphone,Électronique,Casque audio,4,876.38,0.1
ORD-107773,CUST-0423,2025-08-12,Québec,Magasin,Sports,Raquette,1,368.48,0.05
ORD-101060,CUST-0244,2024-06-14,Ontario,Téléphone,Maison,Chaise,2,205.78,0.1
ORD-107835,CUST-0277,2025-09-12,Colombie-Britannique,Magasin,Électronique,Clavier,1,464.47,0.05
ORD-107911,CUST-0956,2025-09-12,Ontario,En ligne,Maison,Cafetière,3,147.95,0.1
ORD-102565,CUST-0078,2025-10-08,Colombie-Britannique,En ligne,Électronique,Casque audio,3,672.74,0.15
ORD-107756,CUST-0443,2024-05-30,Colombie-Britannique,Magasin,Électronique,Clavier,1,817.93,0.1
ORD-101069,CUST-0240,2024-09-22,Québec,Magasin,Beauté,Soin visage,5,223.32,0.0
ORD-102524,CUST-0600,2024-10-25,Québec,Téléphone,Maison,Lampe,3,109.52,0.0
ORD-102205,CUST-1223,2025-08-28,Ontario,En ligne,Vêtements,Veste,3,228.56,0.05
ORD-101243,CUST-1371,2025-09-27,Colombie-Britannique,Magasin,Maison,Mixeur,1,148.93,0.05
ORD-107339,CUST-1054,2025-08-12,Ontario,Magasin,Maison,Aspirateur,5,400.5,0.1
ORD-100016,CUST-0684,2025-10-25,Alberta,En ligne,Sports,Vélo,1,167.14,0.0
ORD-103120,CUST-0665,2024-11-15,Manitoba,En ligne,Sports,Ballon,1,344.66,0.1
ORD-103309,CUST-0132,2027-01-15,Manitoba,En ligne,Maison,Lampe,5,37.78,0.05
ORD-104642,CUST-0312,2024-09-08,Colombie-Britannique,Magasin,Maison,Chaise,4,29.61,0.15
ORD-104754,CUST-1332,2024-02-15,Ontario,Magasin,Sports,Vélo,1,292.55,0.2
ORD-100815,CUST-0859,2025-02-03,Ontario,Magasin,Maison,Mixeur,2,489.6,0.1
ORD-103067,CUST-0134,2025-09-05,Québec,Magasin,Beauté,Crème,1,170.85,0.15
ORD-107715,CUST-0581,2024-12-05,Colombie-Britannique,En ligne,Électronique,Clavier,1,498.83,0.05
ORD-105600,CUST-0655,2024-04-22,Alberta,Téléphone,Beauté,Maquillage,2,197.17,0.1
ORD-100959,CUST-0131,2024-12-16,Colombie-Britannique,En ligne,Électronique,Tablette,2,613.73,0.0
ORD-107022,CUST-1260,2025-06-23,Manitoba,En ligne,Vêtements,Chaussures,1,118.44,0.1
ORD-106427,,2025-03-27,Manitoba,Téléphone,Beauté,Shampoing,1,183.72,0.0
ORD-104893,CUST-1369,2024-10-22,Alberta,En ligne,Maison,Cafetière,4,248.51,0.15
ORD-107444,CUST-0539,2024-12-07,Alberta,Magasin,Électronique,Écran,1,301.69,0.1
ORD-100225,CUST-1141,2025-04-26,Manitoba,En ligne,Électronique,Tablette,1,859.17,0.15
ORD-106170,CUST-0122,2024-08-15,Manitoba,Téléphone,Maison,Mixeur,1,193.4,0.1
ORD-103354,CUST-1249,2025-05-24,Alberta,Téléphone,Maison,Mixeur,3,290.43,0.1
ORD-105895,CUST-0848,2025-09-21,Québec,En ligne,Beauté,Crème,1,152.75,0.15
ORD-102485,CUST-0683,2024-06-10,Québec,Téléphone,Électronique,Clavier,2,151.97,0.0
ORD-100562,CUST-0243,2024-04-11,Alberta,Magasin,Sports,Sac sport,2,494.92,0.1
ORD-103436,CUST-1259,2025-02-14,Alberta,En ligne,Électronique,Clavier,5,470.63,0.0
ORD-106373,CUST-1243,2025-02-19,Ontario,Téléphone,Sports,Raquette,3,77.13,
ORD-106181,CUST-1062,2025-02-27,Québec,Magasin,Électronique,Souris,1,659.29,0.1
ORD-101693,CUST-1270,2024-03-13,Québec,Magasin,Maison,Lampe,4,116.82,0.0
ORD-106893,CUST-1332,2024-09-14,Manitoba,Magasin,Vêtements,Jean,3,225.46,0.1
ORD-101045,CUST-0303,2024-03-27,Manitoba,En ligne,Électronique,Écran,1,361.99,0.0
ORD-103446,CUST-1109,2024-08-03,Ontario,Téléphone,Sports,Tapis yoga,1,253.65,0.0
ORD-104565,CUST-0413,2025-05-28,Ontario,Téléphone,Maison,Aspirateur,4,219.72,0.0
ORD-100954,CUST-1128,2024-07-22,Manitoba,En ligne,Beauté,Soin visage,1,66.79,0.15
ORD-101218,CUST-0447,2024-10-16,Québec,Téléphone,Vêtements,Jean,1,280.15,0.05
ORD-102735,CUST-1497,2024-06-27,Colombie-Britannique,Magasin,Vêtements,Veste,2,207.61,0.1
ORD-107918,CUST-0477,2025-10-21,Alberta,Magasin,Maison,Mixeur,2,175.04,0.15
ORD-104735,CUST-1389,2024-02-13,Québec,Téléphone,Électronique,Écran,1,727.28,0.05
ORD-107776,CUST-1475,2024-10-10,Alberta,Téléphone,Vêtements,Jean,2,298.21,0.2
ORD-101218,CUST-0447,2024-10-16,Québec,Téléphone,Vêtements,Jean,1,280.15,0.05
ORD-105254,CUST-0215,2024-06-12,Ontario,Magasin,Beauté,Soin visage,5,239.55,0.05
ORD-105511,CUST-0563,2024-12-09,Alberta,En ligne,Vêtements,Chaussures,1,288.13,0.0
ORD-107681,CUST-0481,2025-10-07,Québec,En ligne,Vêtements,Jean,3,24.14,0.0
ORD-101527,CUST-0806,2024-10-24,Manitoba,En ligne,Électronique,Casque audio,1,832.29,0.15
ORD-103987,CUST-1323,2024-11-06,Colombie-Britannique,Magasin,Sports,Raquette,1,604.33,0.1
ORD-107971,CUST-1061,2025-01-22,Alberta,Téléphone,Vêtements,Manteau,1,231.38,0.05
ORD-101300,CUST-0044,2024-03-31,Québec,En ligne,Sports,Ballon,2,95.87,0.0
ORD-107897,CUST-0231,2024-03-26,Alberta,En ligne,Vêtements,Jean,1,150.6,0.15
ORD-106944,CUST-1452,2024-11-06,Ontario,Téléphone,Vêtements,Chaussures,5,225.41,0.2
ORD-105699,CUST-1049,2024-08-12,Québec,En ligne,Vêtements,Manteau,2,167.05,0.15
ORD-100160,CUST-1123,2025-01-31,Québec,Téléphone,Maison,Aspirateur,1,244.9,0.15
ORD-104067,CUST-1283,2025-05-11,Alberta,Téléphone,Vêtements,Manteau,3,220.11,0.15
ORD-105800,CUST-0119,2024-05-21,Ontario,Téléphone,Électronique,Écran,2,702.77,0.0
ORD-100956,CUST-0101,2024-02-25,Colombie-Britannique,Téléphone,Vêtements,Manteau,4,131.29,0.0
ORD-103791,CUST-0122,2024-04-15,Colombie-Britannique,En ligne,Maison,Cafetière,1,305.61,0.05
ORD-103234,CUST-1034,2024-04-04,Québec,En ligne,Beauté,Soin visage,1,47.41,0.0
ORD-102869,CUST-0167,2024-11-12,Manitoba,En ligne,Sports,Vélo,2,468.88,0.1
ORD-103777,CUST-0542,2025-05-20,Ontario,En ligne,Électronique,Écran,1,430.21,0.1
ORD-104433,CUST-0538,2025-06-01,Ontario,Magasin,Électronique,Écran,1,513.9,0.15
ORD-104973,CUST-0539,2024-03-12,Ontario,Magasin,Beauté,Soin visage,2,155.82,0.15
ORD-106015,CUST-0708,2025-09-22,Alberta,En ligne,Maison,Lampe,1,32.48,0.0
ORD-102961,CUST-0515,2024-08-13,Ontario,En ligne,Maison,Lampe,1,188.37,0.0
ORD-105980,CUST-1457,2024-05-18,Alberta,En ligne,Sports,Raquette,2,266.3,0.0
ORD-102200,CUST-0685,2024-07-23,Manitoba,Téléphone,Électronique,Souris,1,712.35,0.15
ORD-100098,CUST-0665,2024-05-24,Québec,Téléphone,Sports,Raquette,1,527.11,0.05
ORD-107846,CUST-1259,2024-04-16,Manitoba,En ligne,Électronique,Écran,4,242.18,0.05
ORD-102557,CUST-1322,2024-01-31,Manitoba,En ligne,Sports,Vélo,2,232.41,0.1
ORD-103183,CUST-0019,2025-08-27,Québec,Magasin,Sports,Vélo,2,178.52,0.15
ORD-107394,CUST-1313,2024-12-09,Québec,Magasin,Beauté,Soin visage,2,229.56,0.05
ORD-100253,CUST-1401,2024-01-20,Alberta,Téléphone,Maison,Mixeur,3,117.19,0.2
ORD-103923,CUST-1210,2024-06-01,Québec,En ligne,Beauté,Crème,3,37.21,0.2
ORD-104199,CUST-0848,2024-12-09,Alberta,Magasin,Vêtements,Chaussures,1,222.28,0.05
ORD-101445,CUST-1128,2024-07-10,Manitoba,Magasin,Sports,Raquette,1,142.43,0.15
ORD-105539,CUST-1162,2024-03-06,Alberta,En ligne,Maison,Aspirateur,1,415.18,0.0
ORD-101648,CUST-1120,2025-05-04,Alberta,En ligne,Électronique,Clavier,4,384.63,0.1
ORD-104682,CUST-0076,2025-07-22,Colombie-Britannique,En ligne,Vêtements,Veste,1,138.81,0.05
ORD-104723,CUST-1339,2024-06-10,Colombie-Britannique,Magasin,Beauté,Shampoing,1,175.21,0.2
ORD-103991,CUST-0044,2025-08-25,Colombie-Britannique,Magasin,Beauté,Shampoing,1,84.78,0.05
ORD-101696,CUST-0625,2024-03-17,Manitoba,En ligne,Maison,Aspirateur,2,386.72,0.2
ORD-103191,CUST-0547,2024-02-17,Québec,Téléphone,Beauté,Maquillage,1,73.38,0.0
ORD-106197,CUST-1172,2025-01-31,Colombie-Britannique,Téléphone,Beauté,Soin visage,3,160.9,0.1
ORD-106295,CUST-0963,2025-01-12,Colombie-Britannique,En ligne,Maison,Aspirateur,1,156.79,0.05
ORD-104499,CUST-0435,2025-08-03,Ontario,Magasin,Beauté,Maquillage,1,144.17,0.15
ORD-101154,CUST-0757,2025-09-11,Manitoba,Magasin,Vêtements,Jean,1,299.81,0.0
ORD-102255,CUST-0816,2024-10-31,Québec,En ligne,Beauté,Shampoing,1,225.29,0.0
ORD-106959,CUST-1104,2024-02-13,Colombie-Britannique,Téléphone,Vêtements,Manteau,3,49.3,0.2
ORD-101682,CUST-0282,2024-10-19,Manitoba,Magasin,Sports,Raquette,2,443.74,0.0
ORD-103170,CUST-0681,2025-01-29,Manitoba,Magasin,Beauté,Soin visage,1,190.38,0.1
ORD-107400,CUST-1032,2024-12-01,Colombie-Britannique,Téléphone,Vêtements,Chaussures,4,220.76,0.05
ORD-102056,CUST-0471,2025-03-27,Alberta,En ligne,Électronique,Tablette,1,645.61,0.05
ORD-107158,CUST-1238,2024-07-11,Manitoba,En ligne,Électronique,Casque audio,2,842.97,0.15
ORD-104090,CUST-1082,2024-05-19,Colombie-Britannique,Téléphone,Vêtements,Chaussures,3,67.98,0.1
ORD-107868,CUST-0032,2025-07-10,Alberta,En ligne,Sports,Sac sport,2,372.42,0.0
ORD-103108,CUST-0724,2025-09-25,Ontario,Téléphone,Maison,Chaise,3,83.62,0.2
ORD-104548,CUST-1125,2024-10-07,Québec,En ligne,Sports,Ballon,2,505.23,0.1
ORD-103723,CUST-0751,2025-04-25,Alberta,Téléphone,Beauté,Crème,2,165.71,0.1
ORD-106397,CUST-0928,2024-07-25,Alberta,Téléphone,Beauté,Shampoing,4,41.04,0.1
ORD-105423,CUST-0763,2025-09-24,Québec,Téléphone,Sports,Vélo,1,282.44,0.0
ORD-107040,CUST-0589,2024-04-04,Québec,Magasin,Électronique,Casque audio,2,379.38,0.0
ORD-102049,CUST-1281,2024-10-03,Colombie-Britannique,Magasin,Électronique,Tablette,4,654.63,0.2
ORD-104976,CUST-0666,2024-04-15,Manitoba,Magasin,Beauté,Soin visage,3,109.32,0.05
ORD-103643,CUST-0989,2025-07-09,Colombie-Britannique,Magasin,Maison,Mixeur,3,435.07,0.0
ORD-107965,CUST-0265,2024-09-25,Manitoba,En ligne,Vêtements,Manteau,1,215.08,0.05
ORD-100623,CUST-1224,2024-11-07,Colombie-Britannique,Téléphone,Vêtements,Veste,3,296.17,0.05
ORD-106489,CUST-1227,2025-07-20,Alberta,En ligne,Beauté,Parfum ,1,130.48,0.0
ORD-107766,CUST-0745,2024-01-02,Manitoba,Magasin,Beauté,Crème,2,28.58,0.0
ORD-105883,CUST-1432,2025-10-22,Québec,Magasin,Vêtements,Chaussures,0,157.62,0.1
ORD-100262,CUST-0547,2024-10-28,Ontario,Téléphone,Beauté,Shampoing,4,197.82,0.0
ORD-105730,CUST-1400,2024-05-16,Manitoba,Téléphone,Vêtements,Jean,2,35.33,0.0
ORD-103369,CUST-1335,2025-06-01,Québec,En ligne,Vêtements,T-shirt,2,274.31,0.2
ORD-104061,CUST-0429,2025-06-12,Colombie-Britannique,En ligne,Vêtements,T-shirt,3,137.4,0.0
ORD-105534,CUST-0918,2025-05-19,Colombie-Britannique,Téléphone,Sports,Raquette,1,374.13,0.15
ORD-106294,CUST-0399,2025-09-02,Alberta,Téléphone,Beauté,Shampoing,1,210.61,0.0
ORD-106065,CUST-0691,2025-07-26,Manitoba,Téléphone,Vêtements,T-shirt,1,183.04,0.2
ORD-106616,CUST-0179,2024-07-07,Ontario,Téléphone,Électronique,Souris,2,620.49,0.1
ORD-101802,CUST-0236,2024-08-05,Québec,En ligne,Maison,Cafetière,2,437.48,0.1
ORD-104736,CUST-0486,2024-04-18,Alberta,En ligne,Vêtements,T-shirt,1,65.32,0.05
ORD-104958,CUST-0024,2024-01-12,Québec,Téléphone,Maison,Lampe,1,497.55,0.0
ORD-102385,CUST-0422,2024-12-01,Québec,En ligne,Sports,Sac sport,1,338.08,0.05
ORD-106694,CUST-1166,2024-04-25,Alberta,En ligne,Maison,Aspirateur,2,362.1,0.0
ORD-105759,CUST-0214,2025-07-13,Manitoba,Téléphone,Électronique,Écran,2,865.72,0.0
ORD-101959,CUST-1425,2025-07-24, ontario ,En ligne,Beauté,Parfum,1,216.52,0.0
ORD-102976,CUST-0877,2025-01-28,Ontario,Magasin,Beauté,Maquillage,1,201.19,0.0
ORD-100488,CUST-1303,2025-11-16,Alberta,En ligne,Beauté,Shampoing,1,66.9,0.15
ORD-101843,CUST-0163,2025-08-15,Ontario,Magasin,Beauté,Shampoing,1,86.35,0.2
ORD-101734,CUST-0991,2025-10-20,Alberta,En ligne,Maison,Aspirateur,3,137.09,0.15
ORD-102911,CUST-1202,2024-01-01,Colombie-Britannique,Téléphone,Électronique,Casque audio,1,634.47,0.05
ORD-103219,CUST-0100,2025-02-01,Ontario,Magasin,Maison,Cafetière,1,351.65,0.1
ORD-100146,CUST-0419,2025-11-20,Ontario,En ligne,Électronique,Casque audio,4,895.6,0.0
ORD-105630,CUST-0040,2024-10-13,Alberta,Téléphone,Maison,Lampe,3,38.86,0.05
ORD-101986,CUST-1348,2024-12-13,Québec,Magasin,Vêtements,Chaussures,1,229.66,0.0
ORD-101369,CUST-1385,2025-06-08,Ontario,Magasin,Vêtements,Veste,3,264.29,0.0
ORD-106546,CUST-0254,2025-08-19, manitoba ,Magasin,Beauté,Crème,1,230.48,0.05
ORD-106051,CUST-0809,2024-01-26,Colombie-Britannique,En ligne,Beauté,Maquillage,2,131.62,0.1
ORD-107098,CUST-0937,2025-06-07,Québec,Magasin,Sports,,2,138.99,0.0
ORD-102811,CUST-1423,2024-08-07,Ontario,Magasin,Beauté,Crème,5,201.31,0.1
ORD-100659,CUST-0152,2025-08-08,Manitoba,Magasin,Maison,Aspirateur,3,282.41,0.15
ORD-101794,CUST-0742,2025-05-20,Manitoba,Téléphone,Maison,Mixeur,1,318.14,0.0
ORD-107516,CUST-0641,2025-05-22,Ontario,Téléphone,Beauté,Soin visage,4,172.64,0.0
ORD-102511,CUST-0068,2025-09-10,Manitoba,Magasin,Électronique,Clavier,1,722.25,0.1
ORD-103397,CUST-0511,2024-12-01,Québec,En ligne,Sports,Sac sport,1,453.19,0.2
ORD-104282,CUST-0436,2024-07-08,Québec,En ligne,Beauté,Soin visage ,3,130.98,0.15
ORD-101147,CUST-0646,2025-03-30,Ontario,En ligne,Beauté,Soin visage,2,111.85,0.0
ORD-103272,CUST-0115,2024-09-08,Manitoba,Magasin,Maison,Cafetière,3,194.94,0.0
ORD-100608,,2025-02-05,Ontario,Magasin,Électronique,Écran,1,267.51,0.0
ORD-106287,CUST-0199,2025-11-13,Québec,En ligne,Vêtements,T-shirt,2,211.76,0.15
ORD-106895,CUST-0155,2025-10-20,Québec,En ligne,Sports,Tapis yoga,1,113.25,0.0
ORD-103582,CUST-0259,2024-06-29,Manitoba,En ligne,Sports,Raquette,2,139.77,0.15
ORD-101930,CUST-0951,2025-11-10,Manitoba,Téléphone,Sports,Vélo,1,39.41,0.15
ORD-107125,CUST-0995,2024-12-19,Manitoba,Téléphone,Beauté,Soin visage,2,163.86,0.0
ORD-100197,CUST-0455,2025-08-23,Manitoba,TÉLÉPHONE,Électronique,Clavier,3,359.96,0.0
ORD-102931,CUST-1365,2024-08-16,Manitoba,Téléphone,Maison,Mixeur,1,184.38,0.1
ORD-102327,CUST-1201,2024-05-09,Québec,Téléphone,Maison,Chaise,2,91.37,0.05
ORD-104389,CUST-1084,2024-01-19,Colombie-Britannique,En ligne,Électronique,Casque audio,3,530.83,0.1
ORD-100766,CUST-0297,2024-06-26,Alberta,Téléphone,Beauté,Parfum,1,10.56,0.2
ORD-104496,CUST-0883,2024-05-03,Alberta,En ligne,Sports,Vélo,4,675.06,0.15
ORD-104218,CUST-1103,2025-11-13,Colombie-Britannique,Téléphone,Vêtements,,1,71.02,0.1
ORD-103255,CUST-0626,2024-01-09,Alberta,En ligne,Électronique,Écran,5,844.16,0.05
ORD-100202,CUST-0470,2024-11-29,Manitoba,Magasin,Électronique,Souris,4,87.13,0.15
ORD-103510,CUST-1059,2024-07-07,Québec,Téléphone,Sports,Vélo,2,102.8,0.15
ORD-104931,CUST-1281,2024-08-05,Alberta,Magasin,Sports,Vélo,1,317.67,0.0
ORD-106390,CUST-0683,2024-04-18,Québec,Téléphone,Beauté,Soin visage,2,78.42,0.05
ORD-105535,CUST-1111,2024-07-11,Manitoba,Téléphone,Beauté,Maquillage,1,211.16,0.0
ORD-101733,CUST-0712,2024-06-28,Québec,Magasin,Vêtements,Manteau,4,240.38,0.05
ORD-105791,CUST-1099,2024-04-21,Ontario,En ligne,Maison,Chaise,3,288.31,0.15
ORD-102777,CUST-0617,2025-02-23,Ontario,Téléphone,Beauté,Shampoing,1,118.88,0.1
ORD-101707,CUST-0707,2025-08-24,Ontario,Magasin,Électronique,Tablette,4,819.66,0.1
ORD-105172,CUST-0685,2024-03-21,Colombie-Britannique,Téléphone,Maison,Aspirateur,4,401.28,0.1
ORD-105249,CUST-0815,2024-01-07,Alberta,En ligne,Vêtements,T-shirt,1,229.11,0.0
ORD-105757,CUST-1479,2025-12-13,Colombie-Britannique,En ligne,Beauté,Shampoing,1,129.0,0.0
ORD-103474,CUST-1487,2025-06-28,Manitoba,Téléphone,Maison,Mixeur,3,155.67,0.0
ORD-106528,CUST-0828,2024-05-26,Québec,Magasin,Sports,Ballon,1,132.94,0.1
ORD-107826,CUST-0885,2025-09-29,Manitoba,Magasin,Vêtements,Manteau,2,164.75,0.2
ORD-105855,CUST-0598,2024-03-04,Québec,Magasin,Électronique,Casque audio,3,367.78,0.05
ORD-100854,CUST-0223,2025-04-07,Québec,En ligne,Vêtements,T-shirt,2,194.39,0.0
ORD-105685,CUST-1389,2024-07-21,Alberta,En ligne,Électronique,Clavier,4,695.58,0.1
ORD-106363,CUST-0267,2025-10-29,,Magasin,Maison,Cafetière,3,102.87,0.0
ORD-104737,CUST-0198,2025-04-08,Québec,Magasin,Électronique,Souris,1,398.34,0.05
ORD-104097,CUST-0503,2024-05-18,Ontario,Magasin,Électronique,Casque audio,2,379.05,0.0
ORD-102160,CUST-0366,2024-12-16,Alberta,En ligne,Maison,Aspirateur,2,159.48,0.2
ORD-100698,CUST-1014,2024-01-04,Ontario,Magasin,Électronique,Tablette,1,244.55,0.0
ORD-107992,CUST-0370,2025-08-25,Manitoba,Téléphone,Vêtements,Jean,5,266.77,0.05
ORD-102999,CUST-0114,2024-06-20,Ontario,Téléphone,Vêtements,Chaussures,5,19.13,0.1
ORD-103696,CUST-0216,2025-06-26,Colombie-Britannique,En ligne,Beauté,Maquillage,1,44.17,0.0
ORD-101636,CUST-0855,2025-05-07,Québec,En ligne,Beauté,Soin visage,2,244.11,0.15
ORD-107280,CUST-1054,2025-07-31,Québec,Téléphone,Beauté,Crème,1,34.95,0.05
ORD-107554,CUST-0643,2025-11-01,Alberta,Téléphone,Beauté,Shampoing,2,19.79,0.0
ORD-103457,CUST-1209,2024-06-22,Québec,En ligne,Beauté,Soin visage,5,81.58,0.0
ORD-103581,CUST-0773,2024-08-08,Ontario,Téléphone,Électronique,Clavier,2,846.15,0.1
ORD-101291,CUST-1314,2024-03-01,Québec,Magasin,Beauté,Maquillage,1,195.4,0.0
ORD-104659,CUST-1485,2024-07-15,Colombie-Britannique,En ligne,Vêtements,Jean,2,228.81,0.05
ORD-106585,CUST-1171,2025-07-29,Alberta,Magasin,Vêtements,Veste,2,84.01,0.15
ORD-105616,CUST-1429,2024-05-09,Alberta,Téléphone,Vêtements,Chaussures,4,229.84,0.05
ORD-101853,CUST-0456,2025-11-18,Alberta,En ligne,Électronique,Écran,4,296.21,0.05
ORD-105232,CUST-0713,2024-05-30,Colombie-Britannique,Téléphone,Sports,Tapis yoga,1,91.01,0.1
ORD-103763,CUST-0026,2024-06-10,Québec,En ligne,Beauté,Parfum,1,107.45,0.0
ORD-103304,CUST-0898,2025-03-01,Ontario,En ligne,Électronique,Écran,1,525.39,0.15
ORD-107939,CUST-0450,2024-02-23,Québec,Magasin,Sports,Sac sport,2,222.4,0.1
ORD-105727,CUST-0183,2024-02-23,Québec,En ligne,Électronique,Tablette,2,610.9,0.05
ORD-103743,CUST-0092,2025-08-30,Colombie-Britannique,En ligne,Électronique,Souris,2,500.12,0.05
ORD-103445,CUST-0399,2024-06-30,Manitoba,Magasin,Sports,Tapis yoga,3,428.22,0.05
ORD-101998,CUST-0366,2024-12-05,Ontario,Téléphone,Sports,Tapis yoga,1,388.44,0.0
ORD-100663,CUST-0588,2024-06-25,Alberta,Téléphone,Maison,Chaise,1,460.27,0.05
ORD-104779,CUST-0792,2024-01-03,Québec,En ligne,Maison,Mixeur,2,68.55,0.15
ORD-105353,CUST-1395,2024-04-12,Alberta,En ligne,Maison,Aspirateur,1,267.39,0.0
ORD-107843,CUST-1145,2025-05-25,Québec,Téléphone,Électronique,Écran,1,547.81,0.1
ORD-103748,CUST-0623,2025-09-20,Québec,En ligne,Sports,Tapis yoga,1,132.71,0.0
ORD-104413,CUST-1167,2024-01-07,Québec,Téléphone,Beauté,Maquillage,1,165.64,0.05
ORD-104744,CUST-0786,2025-09-13,Manitoba,En ligne,Vêtements,Jean,2,73.23,0.1
ORD-105530,CUST-0627,2024-10-03,Ontario,Téléphone,Maison,Lampe,3,213.64,0.0
ORD-105575,CUST-0762,2024-08-27,Alberta,Magasin,Beauté,Crème,2,106.19,0.0
ORD-100709,CUST-1382,2025-03-19,Alberta,Magasin,Maison,Aspirateur,1,45.19,0.05
ORD-107526,CUST-0073,2025-01-24,Manitoba,Magasin,Électronique,Casque audio,3,570.47,0.05
ORD-101282,CUST-0579,2024-08-08,Alberta,Téléphone,Sports,Vélo,2,545.52,0.0
ORD-105864,CUST-0379,2024-11-25,Québec,Magasin,Vêtements,Veste,2,281.0,0.15
ORD-105068,CUST-0585,2024-08-17,Ontario,Téléphone,Sports,Raquette,1,651.39,0.05
ORD-102675,CUST-0987,2025-07-20,Québec,Magasin,Beauté,Maquillage,2,203.81,0.0
ORD-106776,CUST-0534,2024-07-22,Ontario,Téléphone,Électronique,Casque audio,2,821.52,0.15
ORD-104029,CUST-1264,2024-03-19,Manitoba,Téléphone,Électronique,Écran,4,270.81,0.15
ORD-101306,CUST-1262,2024-01-10,Manitoba,En ligne,Sports,Raquette,2,676.6,0.15
ORD-105496,CUST-1132,2024-05-19,Alberta,Téléphone,Maison,Lampe,4,154.58,0.0
ORD-105504,CUST-1462,2025-06-11,Colombie-Britannique,En ligne,Sports,Vélo,4,490.97,0.05
ORD-107392,CUST-1047,2024-06-10,Québec,Téléphone,Sports,Raquette,2,562.73,0.15
ORD-102237,CUST-0999,2024-07-14,Alberta,Magasin,Sports,Sac sport,2,236.87,0.15
ORD-103302,CUST-0751,2024-02-07,Québec,Téléphone,Maison,Aspirateur,1,233.31,0.2
ORD-105592,CUST-0348,2025-02-02,Alberta,Magasin,Maison,Aspirateur,2,235.94,0.0
ORD-107515,CUST-0827,2025-01-10,Manitoba,En ligne,Électronique,Écran,1,738.26,0.05
ORD-102038,CUST-1011,2024-07-13,Québec,Magasin,Beauté,Parfum,1,157.68,0.2
ORD-101529,CUST-0565,2024-01-01,Manitoba,Magasin,Maison,Cafetière,3,310.43,0.1
ORD-101663,CUST-0403,2024-04-16,Manitoba,Téléphone,Maison,Mixeur,1,109.7,0.05
ORD-105450,CUST-1006,2025-10-14,Québec,Téléphone,Maison,Mixeur,1,63.07,0.0
ORD-107974,CUST-0057,2024-10-06,Colombie-Britannique,Magasin,Vêtements,Manteau,2,235.72,0.15
ORD-104436,CUST-1394,2025-07-20,Alberta,Magasin,Sports,Raquette,1,331.19,0.0
ORD-103627,CUST-0275,2025-12-05,Colombie-Britannique,Téléphone,Sports,Vélo,2,657.73,0.2
ORD-105739,CUST-0545,2024-08-31,Ontario,Magasin,Vêtements,Chaussures,1,202.05,0.15
ORD-105147,CUST-1285,2024-06-08,Manitoba,Magasin,Maison,Chaise,1,189.54,0.1
ORD-104891,CUST-0470,2024-08-30,Québec,Téléphone,Vêtements,Jean,4,223.93,0.05
ORD-102693,CUST-0394,2025-04-25,Québec,Magasin,Vêtements,T-shirt,1,29.21,0.15
ORD-103060,CUST-1112,2025-02-01,Alberta,Téléphone,Électronique,Souris,1,508.08,0.1
ORD-101597,CUST-1459,2024-10-01,Colombie-Britannique,En ligne,Sports,Tapis yoga,2,80.73,0.05
ORD-106700,CUST-0881,2025-12-12,Alberta,Téléphone,Vêtements,T-shirt,4,183.55,0.05
ORD-102729,CUST-0840,2025-05-02,Ontario,Magasin,Beauté,Maquillage,3,93.78,0.15
ORD-102625,CUST-0169,2025-10-21,Québec,En ligne,Maison,Lampe,2,460.9,0.05
ORD-105915,CUST-0232,2024-09-23,Colombie-Britannique,En ligne,Maison,Lampe,1,339.66,0.0
ORD-103157,CUST-0774,2024-04-06,Québec,Téléphone,Électronique,Tablette,1,257.53,0.05
ORD-103314,CUST-1083,2024-05-30, alberta ,En ligne,Sports,Raquette,1,19.93,0.05
ORD-101722,CUST-0835,2024-07-24,Ontario,Téléphone,Sports,Raquette,1,220.9,0.1
ORD-105279,CUST-1496,2024-11-12,Manitoba,Téléphone,Électronique,Écran,2,66.96,0.0
ORD-106668,CUST-0541,2024-09-03,Manitoba,TÉLÉPHONE,Maison,Mixeur,1,206.28,0.15
ORD-101059,CUST-0041,2024-10-22,Alberta,Magasin,Vêtements,T-shirt,1,254.17,0.0
ORD-104636,CUST-0938,2025-12-10,Québec,Téléphone,Beauté,Shampoing,2,88.84,0.1
ORD-103242,CUST-1015,2025-04-19,Colombie-Britannique,Téléphone,Maison,Aspirateur,4,392.0,0.15
ORD-101678,CUST-0336,2024-02-19,Manitoba,Téléphone,Sports,Raquette,1,692.35,0.1
ORD-106892,CUST-0393,2025-09-15,Québec,Magasin,Beauté,Shampoing,1,234.98,0.1
ORD-106374,CUST-0972,2024-08-13,Manitoba,Magasin,Vêtements,Manteau,2,87.64,0.2
ORD-107574,CUST-0060,2024-06-04,Ontario,Téléphone,Électronique,Tablette,1,85.37,0.2
ORD-106628,CUST-1109,2024-08-27,Québec,En ligne,Beauté,Shampoing,2,141.96,0.0
ORD-101757,CUST-0902,2025-02-10,Colombie-Britannique,En ligne,Beauté,Parfum,1,33.76,0.1
ORD-106019,CUST-1225,2025-06-26,Manitoba,En ligne,Maison,Cafetière,1,68.89,0.0
ORD-104191,CUST-1263,2025-06-12,Colombie-Britannique,Magasin,Maison,Cafetière,3,340.54,0.1
ORD-105116,CUST-0659,2025-07-07,Colombie-Britannique,Téléphone,Vêtements,Jean,1,175.87,0.2
ORD-100563,CUST-0111,2024-02-12,Alberta,En ligne,Sports,Raquette,2,540.74,0.0
ORD-107408,CUST-0242,2025-06-07,Colombie-Britannique,Téléphone,Vêtements,Chaussures,4,113.35,0.05
ORD-102790,CUST-0915,2025-07-02,Ontario,Magasin,Beauté,Maquillage,1,112.61,0.0
ORD-100863,CUST-0844,2025-05-15,Colombie-Britannique,En ligne,Maison,Mixeur,2,471.81,0.15
ORD-107742,CUST-0068,2025-05-15,Colombie-Britannique,Téléphone,Sports,Tapis yoga,3,120.47,0.15
ORD-107858,CUST-0226,2025-11-23,Alberta,Magasin,Sports,Vélo,4,201.51,0.0
ORD-101484,CUST-0674,2024-02-10,Québec,Magasin,Sports,Tapis yoga,2,648.16,0.1
ORD-107035,CUST-1178,2024-06-27,Alberta,En ligne,Vêtements,Jean,1,200.5,0.1
ORD-107721,CUST-0337,2025-01-09,Alberta,En ligne,Maison,Cafetière,1,104.54,0.15
ORD-105977,CUST-1192,2024-11-30,Colombie-Britannique,Téléphone,Électronique,Tablette,2,488.38,0.15
ORD-105134,CUST-0985,2025-06-20,Manitoba,En ligne,Maison,Cafetière,2,217.75,0.0
ORD-100206,CUST-1244,2024-01-26,Québec,Téléphone,Maison,Cafetière,1,326.23,0.05
ORD-104488,CUST-1399,2025-06-20,Manitoba,TÉLÉPHONE,Vêtements,Chaussures,1,262.08,0.05
ORD-106938,CUST-1288,2024-09-28,,Magasin,Beauté,Crème,3,17.28,0.0
ORD-100870,CUST-1224,2024-08-27,Ontario,Téléphone,Maison,Chaise,2,24.82,0.0
ORD-104493,CUST-1236,2025-09-22,Ontario,Magasin,Beauté,Shampoing,1,145.98,0.05
ORD-106910,CUST-0207,2024-08-31,Ontario,Téléphone,Vêtements,T-shirt,1,107.03,0.0
ORD-100502,CUST-1187,2025-04-04,Québec,Magasin,Sports,Raquette,1,659.95,0.1
ORD-107385,CUST-1029,2024-01-06,Alberta,En ligne,Vêtements,Veste,2,217.94,0.0
ORD-101028,CUST-0553,2025-09-01,Manitoba,Magasin,Maison,Chaise,1,287.36,0.15
ORD-103840,CUST-0047,2024-02-27,Ontario,Téléphone,Électronique,Casque audio,1,218.71,0.0
ORD-102690,CUST-0281,2024-10-09,Alberta,Magasin,Électronique,Souris,1,798.23,0.15
ORD-105581,CUST-1215,2024-06-22,Manitoba,Magasin,Vêtements,Manteau,3,206.23,0.0
ORD-106756,CUST-0570,2024-07-16,Alberta,En ligne,Électronique,Tablette,2,329.0,0.0
ORD-105056,CUST-1391,2024-01-31,Colombie-Britannique,En ligne,Vêtements,Manteau,3,221.95,0.2
ORD-101570,CUST-0794,2025-06-15,Québec,Téléphone,Vêtements,,1,177.66,0.1
ORD-102773,CUST-0489,2024-07-16,Québec,Téléphone,Maison,Chaise,2,386.57,0.2
ORD-105991,CUST-1154,2025-11-18,Québec,Magasin,Beauté,Soin visage,1,64.75,0.0
ORD-102731,CUST-0104,2025-10-07,Alberta,Magasin,Beauté,Crème,1,204.02,0.05
ORD-106242,CUST-0117,2024-11-11,Alberta,Magasin,Vêtements,Veste,1,109.51,0.0
ORD-100804,CUST-1154,2025-09-08,Alberta,Téléphone,Beauté,Parfum,5,20.7,0.0
ORD-105847,CUST-0195,2025-04-08,Manitoba,En ligne,Électronique,Casque audio,5,818.2,0.0
ORD-103645,CUST-0633,2024-06-21,Québec,En ligne,Vêtements,T-shirt,5,52.29,0.1
ORD-102454,CUST-0026,2024-03-23,Manitoba,Téléphone,Beauté,Shampoing,3,171.52,0.05
ORD-104598,CUST-1017,2024-04-06,Alberta,Téléphone,Maison,Aspirateur,1,305.9,0.0
ORD-107215,CUST-0750,2024-02-24,Québec,En ligne,Maison,Cafetière,2,413.77,0.1
ORD-103104,CUST-1077,2024-08-20,Alberta,En ligne,Électronique,Casque audio,1,92.3,0.05
ORD-107073,CUST-0782,2024-06-21,Québec,En ligne,Électronique,Casque audio,2,328.73,0.1
ORD-104875,CUST-0001,2025-06-24,Ontario,Téléphone,Électronique,Souris,1,887.89,0.15
ORD-105959,CUST-0766,2025-07-14,Manitoba,Magasin,Vêtements,Veste,4,125.1,0.05
ORD-100200,CUST-0304,2024-10-19,Colombie-Britannique,Téléphone,Maison,Mixeur,1,183.8,0.05
ORD-106278,CUST-1023,2024-06-10,Ontario,Téléphone,Maison,Aspirateur,1,399.45,0.1
ORD-103099,CUST-1066,2024-10-11,Colombie-Britannique,Téléphone,Vêtements,Manteau,1,240.9,0.05
ORD-106184,CUST-1191,2024-04-08,Alberta,En ligne,Sports,Tapis yoga,2,183.48,0.1
ORD-107161,CUST-0687,2025-11-04,Colombie-Britannique,Téléphone,Vêtements,T-shirt,3,56.07,0.15
ORD-102278,CUST-0181,2024-01-05,Manitoba,Téléphone,Maison,Mixeur,1,72.22,0.1
ORD-103561,CUST-0938,2025-06-27,Colombie-Britannique,En ligne,Sports,Ballon,1,685.36,0.0
ORD-105892,CUST-0499,2024-09-01,Manitoba,Téléphone,Sports,Vélo,3,95.11,0.1
ORD-104474,CUST-1132,2024-05-22,Québec,En ligne,Électronique,Clavier,1,759.86,0.0
ORD-106432,CUST-1143,2025-12-17,Colombie-Britannique,En ligne,Vêtements,T-shirt,2,72.89,0.05
ORD-104514,CUST-0065,2025-03-04,Ontario,Magasin,Beauté,Soin visage,1,58.43,0.15
ORD-105794,CUST-0315,2024-03-09,Québec,En ligne,Maison,Cafetière,2,261.71,0.0
ORD-100391,CUST-1046,2024-07-31,Manitoba,Magasin,Électronique,Clavier,5,385.97,0.0
ORD-106736,CUST-0946,2024-12-23,Québec,En ligne,Vêtements,Manteau,4,78.0,0.0
ORD-105618,CUST-1069,2024-12-17,Manitoba,Magasin,Vêtements,Veste,5,187.57,0.1
ORD-105258,CUST-1406,2025-01-11,Québec,Téléphone,Vêtements,Chaussures,1,293.79,0.0
ORD-107230,CUST-1083,2025-07-26,Ontario,Téléphone,Électronique,Tablette,1,688.1,0.05
ORD-101495,CUST-0245,2024-03-13,Québec,En ligne,Vêtements,Veste,2,24.9,0.15
ORD-102695,CUST-1389,2024-06-01,Alberta,Magasin,Vêtements,Jean,4,80.13,0.05
ORD-102027,CUST-1224,2024-06-08,Québec,En ligne,Électronique,Souris,2,440.08,0.15
ORD-105248,CUST-1439,2024-09-16,Manitoba,Magasin,Beauté,Soin visage,1,69.03,0.1
ORD-105463,CUST-0913,2025-08-13,Ontario,Téléphone,Beauté,Parfum,3,111.08,0.05
ORD-102568,CUST-0293,2024-01-31,Alberta,Téléphone,Beauté,Parfum,3,209.52,0.1
ORD-100064,CUST-1167,2025-02-18,Québec,Magasin,Sports,Sac sport,1,128.86,0.0
ORD-103884,CUST-0732,2024-12-10,Québec,Téléphone,Vêtements,T-shirt,1,143.72,0.1
ORD-102062,,2025-02-08,Québec,Magasin,Sports,Ballon ,1,187.44,0.05
ORD-105276,CUST-0932,2025-10-11,Colombie-Britannique,En ligne,Sports,Vélo,1,65.01,0.1
ORD-107208,CUST-0422,2024-01-28,Québec,Téléphone,Beauté,Maquillage,1,17.65,0.0
ORD-100492,CUST-1068,2024-04-07,Québec,Téléphone,Vêtements,T-shirt,3,279.59,0.2
ORD-100379,CUST-0980,2025-02-07,Manitoba,En ligne,Sports,Ballon,1,536.29,0.05
ORD-106331,CUST-0399,2024-01-07,Québec,Magasin,Électronique,Souris,1,270.01,0.2
ORD-104859,CUST-0575,2025-04-29,Manitoba,Magasin,Sports,Ballon,3,579.84,0.05
ORD-106360,CUST-1294,2024-09-24,Colombie-Britannique,Téléphone,Sports,Tapis yoga,1,257.12,0.15
ORD-103993,CUST-1254,2025-12-29,Ontario,Magasin,Sports,Tapis yoga,1,61.33,0.0
ORD-104887,CUST-0806,2024-05-28,Colombie-Britannique,Téléphone,Électronique,Tablette,1,702.79,0.1
ORD-101076,CUST-0553,2025-04-14,Manitoba,Téléphone,Beauté,Soin visage,2,200.13,0.15
ORD-100878,CUST-0798,2025-03-30,Québec,Magasin,Maison,Cafetière,2,485.87,0.05
ORD-100337,CUST-0648,2024-07-06,Québec,Téléphone,Vêtements,T-shirt,2,34.67,0.0
ORD-107916,CUST-0547,2024-05-19,Colombie-Britannique,Téléphone,Électronique,Clavier,1,680.49,0.05
ORD-106863,CUST-1247,2025-09-24,Manitoba,Téléphone,Beauté,Maquillage,3,47.3,0.1
ORD-107892,CUST-0052,2024-07-16,Colombie-Britannique,Magasin,Électronique,Casque audio,3,384.39,0.15
ORD-106439,CUST-0071,2024-01-30,Manitoba,Téléphone,Électronique,Souris,1,624.58,0.0
ORD-107869,CUST-1017,2025-09-09,Colombie-Britannique,En ligne,Maison,Aspirateur,2,272.0,0.15
ORD-101016,CUST-0735,2025-02-24,Manitoba,Magasin,Sports,Tapis yoga,1,468.45,
ORD-101275,CUST-0581,2024-10-27,Colombie-Britannique,Téléphone,Vêtements,Manteau,1,157.89,0.0
ORD-103798,CUST-0844,2025-10-21,Colombie-Britannique,Magasin,Électronique,Souris,5,476.55,0.0
ORD-107629,CUST-1366,2025-04-07,Colombie-Britannique,Téléphone,Électronique,Casque audio,1,499.22,0.1
ORD-104551,CUST-1465,2024-08-09,Ontario,Magasin,Maison,Chaise,1,24.65,0.0
ORD-103342,CUST-1434,2024-11-28,Alberta,Magasin,Beauté,Soin visage,1,205.15,0.0
ORD-104911,CUST-1218,2024-09-28,Colombie-Britannique,En ligne,Maison,Aspirateur,1,60.92,0.1
ORD-106413,CUST-0816,2025-11-08,Colombie-Britannique,En ligne,Beauté,Crème,1,246.52,0.0
ORD-100995,CUST-0216,2024-07-01,Québec,Magasin,Vêtements,Manteau,2,161.25,0.05
ORD-101981,CUST-1189,2025-08-31,Québec,Téléphone,Électronique,Clavier,4,865.19,0.2
ORD-104297,CUST-0403,2024-10-10,Colombie-Britannique,Magasin,Électronique,Écran,1,682.66,0.15
ORD-100161,CUST-1108,2024-01-22,Alberta,Téléphone,Beauté,Soin visage,1,211.59,0.1
ORD-105675,CUST-0452,2025-04-10,Ontario,Téléphone,Beauté,Crème,5,234.32,0.05
ORD-106873,CUST-0771,2025-05-12,Québec,Magasin,Vêtements,Jean,1,34.94,0.0
ORD-106545,CUST-1038,2024-01-19,Ontario,Magasin,Vêtements,Chaussures,2,259.26,0.0
ORD-104798,CUST-0078,2024-01-23,Québec,Téléphone,Électronique,Tablette,2,282.05,0.05
ORD-101500,CUST-0849,2025-12-25,Alberta,Téléphone,Vêtements,Chaussures,1,157.08,0.05
ORD-103843,CUST-0226,2025-09-24,Québec,Téléphone,Sports,Raquette,2,258.37,0.1
ORD-105225,CUST-0603,2024-04-25,Manitoba,Magasin,Électronique,Écran,1,638.42,0.05
ORD-102613,CUST-0331,2025-07-14,Manitoba,Téléphone,Vêtements,Manteau,1,191.05,0.05
ORD-103461,CUST-0516,2024-01-02,Manitoba,En ligne,Électronique,Tablette,2,198.46,0.1
ORD-101021,CUST-1147,2024-02-02,,En ligne,Électronique,Clavier,2,618.99,0.05
ORD-103073,CUST-1488,2025-11-10,Ontario,En ligne,Électronique,Tablette,3,289.89,0.0
ORD-107555,CUST-0479,2025-01-26,,Magasin,Vêtements,Chaussures,1,249.31,0.2
ORD-103943,CUST-0769,2025-09-23,Alberta,Magasin,Vêtements,Manteau,1,32.11,0.1
ORD-101585,CUST-0285,2025-04-28,Alberta,En ligne,Vêtements,Manteau,5,47.71,0.1
ORD-101955,CUST-0256,2024-05-29,Québec,Magasin,Électronique,Souris,4,639.96,0.0
ORD-103152,CUST-0868,2025-08-07,Ontario,Magasin,Électronique,Souris,4,410.37,0.05
ORD-106349,CUST-0203,2025-02-16,Ontario,En ligne,Beauté,Soin visage,5,138.54,0.2
ORD-100034,CUST-0854,2025-10-24,Ontario,Téléphone,Maison,Cafetière,2,66.64,0.1
ORD-104014,CUST-0880,2025-06-26,Québec,Magasin,Électronique,Clavier,2,575.9,0.1
ORD-100775,CUST-1457,2024-04-09,Ontario,Magasin,Maison,Aspirateur,4,477.36,0.0
ORD-102556,CUST-1052,2025-04-19,Manitoba,Téléphone,Vêtements,Jean,1,80.88,0.0
ORD-107595,CUST-0517,2025-10-27,Colombie-Britannique,Téléphone,Beauté,Shampoing,1,166.14,0.2
ORD-101478,CUST-0677,2024-03-23,Alberta,Téléphone,Vêtements,T-shirt,3,117.44,0.15
ORD-107099,CUST-0184,2024-05-26,Alberta,Téléphone,Maison,Cafetière,1,216.52,0.1
ORD-105486,CUST-0284,2025-08-04,Alberta,En ligne,Vêtements,Veste,2,286.91,0.0
ORD-106235,CUST-0500,2024-09-02,Ontario,En ligne,Sports,Raquette,1,29.14,0.0
ORD-101363,CUST-0441,2024-03-24,Ontario,Magasin,Maison,Lampe,1,79.19,0.05
ORD-107041,CUST-0325,2024-03-14,Alberta,Téléphone,Beauté,Crème,2,191.65,0.0
ORD-102612,CUST-1379,2025-05-03,Colombie-Britannique,Téléphone,Vêtements,Manteau,1,77.77,0.1
ORD-107513,CUST-0881,2024-05-28,Québec,Téléphone,Électronique,Clavier,2,51.83,0.0
ORD-102824,CUST-0655,2024-07-21,Ontario,Téléphone,Sports,Ballon,1,240.53,0.05
ORD-102041,CUST-1256,2024-07-30,Ontario,Téléphone,Beauté,Parfum,1,136.02,0.05
ORD-100241,CUST-0992,2025-01-02,Colombie-Britannique,Magasin,Beauté,Soin visage,2,193.45,0.0
ORD-102061,CUST-0976,2024-01-09,Alberta,En ligne,Sports,Sac sport,1,623.89,0.0
ORD-102363,CUST-0719,2025-10-26,Manitoba,Magasin,Sports,Vélo,1,681.72,0.2
ORD-100600,CUST-1367,2024-12-17,Manitoba,Téléphone,Beauté,Shampoing,1,95.05,0.0
ORD-102435,CUST-0158,2024-11-23,Québec,Téléphone,Beauté,Maquillage,1,54.14,0.0
ORD-105393,CUST-1396,2025-11-27,Manitoba,En ligne,Sports,Ballon,3,436.66,0.15
ORD-106310,CUST-1066,2024-06-13,Québec,En ligne,Sports,Ballon,1,442.9,0.0
ORD-102888,CUST-0270,2025-09-23,Québec,En ligne,Maison,Lampe,2,335.0,0.0
ORD-106164,CUST-0047,2024-08-31,Québec,En ligne,Maison,Chaise,1,254.2,0.0
ORD-100646,CUST-1415,2025-11-23,Colombie-Britannique,Téléphone,Vêtements,Jean,2,19.1,0.1
ORD-103890,CUST-0804,2024-11-10,Ontario,Téléphone,Électronique,Écran,4,521.59,0.15
ORD-103556,CUST-0122,2024-05-03,Manitoba,En ligne,Vêtements,Jean,2,121.14,0.05
ORD-103202,CUST-1423,2025-03-09,Ontario,Magasin,Sports,Raquette,1,179.44,0.15
ORD-101528,CUST-0780,2025-09-19,Ontario,En ligne,Vêtements,Chaussures,1,69.36,0.15
ORD-106975,CUST-0159,2025-06-15,Manitoba,En ligne,Sports,Ballon,4,610.86,0.1
ORD-101267,CUST-0721,2025-01-02,Manitoba,En ligne,Maison,Mixeur,1,356.55,0.0
ORD-107734,CUST-0548,2025-02-06,Québec,Magasin,Beauté,Shampoing,1,52.5,0.15
ORD-101899,CUST-0806,2025-05-24,Alberta,Téléphone,Vêtements,Jean,2,78.96,0.05
ORD-104658,CUST-1358,2024-10-06,Ontario,Téléphone,Sports,Ballon,2,612.88,0.0
ORD-103005,CUST-0778,2024-04-16,Alberta,Téléphone,Vêtements,Jean,3,118.28,0.05
ORD-102734,CUST-0420,2024-05-25,Québec,En ligne,Maison,Mixeur,1,145.59,0.0
ORD-107101,CUST-1068,2024-08-28,Ontario,Téléphone,Beauté,Parfum,1,119.15,0.0
ORD-100189,CUST-1240,2024-09-07,Alberta,En ligne,Électronique,Clavier,1,163.32,0.2
ORD-101806,CUST-0755,2025-06-30,Manitoba,En ligne,Maison,Cafetière,1,495.47,0.0
ORD-100975,CUST-1289,2024-05-18,Alberta,En ligne,Électronique,Souris,5,885.31,0.15
ORD-102747,CUST-0349,2024-01-07,Colombie-Britannique,Téléphone,Sports,Ballon,2,45.73,0.05
ORD-107643,CUST-0559,2025-11-29,Manitoba,Téléphone,Électronique,Tablette,5,112.51,0.0
ORD-102047,CUST-0479,2024-08-15,Québec,En ligne,Sports,Tapis yoga,1,347.91,0.05
ORD-107849,CUST-0653,2024-09-17,Québec,Téléphone,Vêtements,Manteau,2,33.14,0.0
ORD-102558,CUST-0690,2024-11-01,Manitoba,Magasin,Vêtements,Veste,3,249.69,0.1
ORD-101082,CUST-0899,2024-03-22,Ontario,Téléphone,Sports,Tapis yoga,3,613.97,0.15
ORD-100474,CUST-1320,2024-08-23,Alberta,En ligne,Beauté,Maquillage,5,192.23,0.2
ORD-107728,CUST-0353,2024-09-25,Manitoba,En ligne,Sports,Ballon,2,510.99,0.05
ORD-102904,CUST-0087,2025-05-29,Colombie-Britannique,Magasin,Électronique,Casque audio,1,711.47,0.0
ORD-104843,CUST-0650,2024-11-22,Manitoba,Magasin,Beauté,Maquillage,1,205.53,0.05
ORD-106396,CUST-0151,2024-04-19,Alberta,En ligne,Maison,Lampe,1,441.58,0.15
ORD-104117,CUST-0993,2025-12-07,Québec,Téléphone,Électronique,Écran,1,662.64,0.05
ORD-103385,CUST-0176,2024-04-15,Alberta,En ligne,Beauté,Parfum,2,183.83,0.15
ORD-104555,CUST-1312,2025-02-08,Colombie-Britannique,Magasin,Électronique,Casque audio,1,881.09,0.15
ORD-101184,CUST-1256,2024-12-29,Ontario,En ligne,Vêtements,Jean,1,150.84,0.1
ORD-106420,CUST-0993,2025-10-25,Manitoba,En ligne,Beauté,Crème,1,118.91,0.1
ORD-105051,CUST-1134,2025-04-30,Alberta,En ligne,Vêtements,T-shirt,2,290.26,0.1
ORD-105311,CUST-0538,2025-11-03,Colombie-Britannique,Magasin,Beauté,Crème,4,161.22,0.05
ORD-102433,CUST-0364,2024-05-26,Ontario,Téléphone,Électronique,Clavier,2,699.95,0.1
ORD-106949,CUST-0179,2024-07-23,Alberta,Téléphone,Maison,Lampe,1,184.61,0.0
ORD-107581,CUST-0765,2025-04-30,Alberta,Téléphone,Vêtements,Veste,3,211.03,0.0
ORD-105611,CUST-0802,2024-11-05,Ontario,En ligne,Beauté,Shampoing,1,67.45,0.1
ORD-102391,CUST-0328,2024-08-25,Québec,Téléphone,Maison,Chaise,1,255.75,0.05
ORD-100769,CUST-0619,2024-04-18,Colombie-Britannique,Magasin,Électronique,Écran,2,127.75,0.05
ORD-107476,CUST-0861,2024-04-16,Colombie-Britannique,En ligne,Beauté,Crème,4,208.96,0.05
ORD-101685,CUST-0286,2025-11-28,Manitoba,Magasin,Beauté,Soin visage,2,198.23,0.1
ORD-100130,CUST-0061,2025-09-07,Ontario,Magasin,Maison,Chaise ,1,188.74,0.05
ORD-107831,CUST-0898,2024-07-10,Colombie-Britannique,En ligne,Vêtements,T-shirt,1,22.66,0.05
ORD-102919,CUST-1363,2025-02-02,Québec,Magasin,Électronique,Tablette,3,303.5,0.05
ORD-103171,CUST-0549,2025-11-03,Ontario,Téléphone,Maison,Aspirateur,3,258.99,0.0
ORD-103444,CUST-0410,2024-06-16,Manitoba,Téléphone,Maison,Aspirateur,1,400.17,0.0
ORD-106231,CUST-0360,2024-04-30,Alberta,Magasin,Vêtements,Veste,1,161.04,0.05
ORD-105578,CUST-1198,2025-06-19,Manitoba,En ligne,Électronique,Casque audio,4,342.34,0.0
ORD-104426,CUST-0356,2025-04-12,Colombie-Britannique,En ligne,Maison,Chaise,2,277.67,0.0
ORD-105334,CUST-0962,2025-08-07,Alberta,En ligne,Électronique,Clavier,3,350.24,0.0
ORD-100466,CUST-0943,2025-12-21,Manitoba,En ligne,Vêtements,T-shirt,1,215.96,0.05
ORD-106265,CUST-0270,2024-12-27,Québec,Magasin,Maison,Chaise,1,137.41,0.0
ORD-105734,CUST-0810,2024-07-07,Alberta,Magasin,Vêtements,T-shirt,1,57.89,0.1
ORD-103092,CUST-1263,2025-12-27,Alberta,En ligne,Beauté,Crème,1,211.11,0.15
ORD-103772,CUST-0141,2025-06-13,Colombie-Britannique,Téléphone,Maison,Lampe,1,341.46,0.15
ORD-105191,CUST-1444,2024-03-07,Québec,Magasin,Sports,Raquette,1,676.01,0.0
ORD-105226,CUST-0975,2024-06-15,Colombie-Britannique,Magasin,Maison,Mixeur,1,49.66,0.05
ORD-105390,CUST-0229,2024-07-01,Alberta,En ligne,Beauté,Shampoing,2,157.35,0.1
ORD-100860,CUST-1356,2025-05-17,Québec,Téléphone,Beauté,Soin visage,4,21.47,0.05
ORD-107603,CUST-1331,2025-08-12,Alberta,En ligne,Beauté,Soin visage,2,202.6,0.0
ORD-107270,CUST-1176,2025-10-23,Alberta,Magasin,Sports,Vélo,1,585.16,0.1
